original_text,cleaned_text
"cross-posted from:  https://scribe.disroot.org/post/10930242

> Hungary's foreign ministry has filed a criminal complaint with prosecutors over what it says was possible fraud related to the previous government's purchase of ventilators worth some $965 million during the COVID-19 pandemic, says Foreign Minister Anita Orbán [not related to former Hungarian PM Viktor Orbán].
> 
> Hungary's previous government under former Prime Minister Viktor Orbán purchased the roughly 17,000 ventilators from China in March and April 2020, drawing criticism at the time that it was buying far more units than could be realistically deployed and paying much more per unit than other European countries.
> 
> ...
> 
> Anita Orbán didn't detail specific allegations, but noted that the investigation involved tens of thousands of documents — some of which had to be recovered using digital tools “after unsuccessful attempts to delete them” — and raised further questions “about the responsibility of the ministry’s former senior leadership.”
> ...
> 
> Some of the ventilators were defective, and a significant proportion of them was never deployed, the statement reads, adding that storage costs for the unused devices ran into the millions of dollars.
> 
> Hungary's former foreign minister Péter Szijjártó cultivated close ties with China during his nearly 12 years in office, and oversaw the purchase of the ventilators as well as the procurement of 5 million doses of the China-produced Sinopharm COVID-19 vaccine.
> 
> ...
> 
> Last month, Szijjártó resigned his seat in Parliament to take an executive position with Chinese automaker BYD, prompting accusations of a conflict of interest due to his role in facilitating substantial government subsidies given to the company while in office.
> 
> Hungary's government later launched an investigation into large investments into Hungary made by BYD during Szijjártó's tenure. 
> 
> ...
> 
> [Archived](https://web.archive.org/web/20260825114945/https://www.independent.co.uk/news/hungary-peter-szijjarto-budapest-viktor-orban-china-b3038791.html)","cross-posted Hungary's foreign ministry filed criminal complaint prosecutors says possible fraud related previous government's purchase ventilators worth 965 million COVID-19 pandemic says Foreign Minister Anita Orbán related former Hungarian PM Viktor Orbán Hungary's previous government former Prime Minister Viktor Orbán purchased roughly 17,000 ventilators China March April 2020 drawing criticism time buying far units could realistically deployed paying much per unit European countries Anita Orbán detail specific allegations noted investigation involved tens thousands documents — recovered using digital tools “after unsuccessful attempts delete them” — raised questions “about responsibility ministry’s former senior leadership.” ventilators defective significant proportion never deployed statement reads adding storage costs unused devices ran millions dollars Hungary's former foreign minister Péter Szijjártó cultivated close ties China nearly 12 years office oversaw purchase ventilators well procurement 5 million doses China-produced Sinopharm COVID-19 vaccine Last month Szijjártó resigned seat Parliament take executive position Chinese automaker BYD prompting accusations conflict interest due role facilitating substantial government subsidies given company office Hungary's government later launched investigation large investments Hungary made BYD Szijjártó's tenure Archived"
"Hungary's foreign ministry has filed a criminal complaint with prosecutors over what it says was possible fraud related to the previous government's purchase of ventilators worth some $965 million during the COVID-19 pandemic, says Foreign Minister Anita Orbán [not related to former Hungarian PM Viktor Orbán].

Hungary's previous government under former Prime Minister Viktor Orbán purchased the roughly 17,000 ventilators from China in March and April 2020, drawing criticism at the time that it was buying far more units than could be realistically deployed and paying much more per unit than other European countries.

...

Anita Orbán didn't detail specific allegations, but noted that the investigation involved tens of thousands of documents — some of which had to be recovered using digital tools “after unsuccessful attempts to delete them” — and raised further questions “about the responsibility of the ministry’s former senior leadership.”
...

Some of the ventilators were defective, and a significant proportion of them was never deployed, the statement reads, adding that storage costs for the unused devices ran into the millions of dollars.

Hungary's former foreign minister Péter Szijjártó cultivated close ties with China during his nearly 12 years in office, and oversaw the purchase of the ventilators as well as the procurement of 5 million doses of the China-produced Sinopharm COVID-19 vaccine.

...

Last month, Szijjártó resigned his seat in Parliament to take an executive position with Chinese automaker BYD, prompting accusations of a conflict of interest due to his role in facilitating substantial government subsidies given to the company while in office.

Hungary's government later launched an investigation into large investments into Hungary made by BYD during Szijjártó's tenure. 

...

[Archived](https://web.archive.org/web/20260825114945/https://www.independent.co.uk/news/hungary-peter-szijjarto-budapest-viktor-orban-china-b3038791.html)","Hungary's foreign ministry filed criminal complaint prosecutors says possible fraud related previous government's purchase ventilators worth 965 million COVID-19 pandemic says Foreign Minister Anita Orbán related former Hungarian PM Viktor Orbán Hungary's previous government former Prime Minister Viktor Orbán purchased roughly 17,000 ventilators China March April 2020 drawing criticism time buying far units could realistically deployed paying much per unit European countries Anita Orbán detail specific allegations noted investigation involved tens thousands documents — recovered using digital tools “after unsuccessful attempts delete them” — raised questions “about responsibility ministry’s former senior leadership.” ventilators defective significant proportion never deployed statement reads adding storage costs unused devices ran millions dollars Hungary's former foreign minister Péter Szijjártó cultivated close ties China nearly 12 years office oversaw purchase ventilators well procurement 5 million doses China-produced Sinopharm COVID-19 vaccine Last month Szijjártó resigned seat Parliament take executive position Chinese automaker BYD prompting accusations conflict interest due role facilitating substantial government subsidies given company office Hungary's government later launched investigation large investments Hungary made BYD Szijjártó's tenure Archived"
"> Hello person. This is Anton and in this video we're going to discuss some of the recent studies that sort of rewrite the idea behind the origin of life and specifically the story of how you, me and basically every living cell on the planet actually got here. And well that's because for decades we've had this somewhat beautiful and almost a romantic idea of a primordial soup serving as the origin of all life. We imagined a warm little pond billions of years ago, possibly zapped by lightning in order to create some kind of a single perfect cell that spontaneously snapped into existence and eventually split into the entire tree of life. 
>
> But according to at least two recent papers from August and June of 2026, that story seems to be kind of incomplete and possibly incorrect. and specifically because we now have a lot of new evidence in regards to something referred to as LUCA, the Last Universal Common Ancestor. With this new evidence suggesting that LUCA was not fully alive and it was more like some kind of a biological cyborg of chemistry and geology, physically stuck inside deep sea rocks and running its metabolism using raw metals as its engines. In other words, it was not truly alive and did not represent a living cell, which actually leads us to the next mind-blowing proposition. 
>
> The two main branches of life, the bacteria and the archa did not just split off from LUCA, but instead represented a completely separate evolution from this cyborg and evolved completely independently, possibly in two separate locations, which in a very real sense implies that cellular life potentially started not once but twice on our planet, which if confirmed would be revolutionary. And so in this video, we're going to discuss some of these recent discoveries, connect them to a few other ideas, including the ideas behind how Jupiter potentially played a role in a lot of this and howeven our baby sun influenced certain things as well. And though we're not going to be solving this biological paradox just yet, we are going to come just a little bit closer to answering the question of the origin of life. And so I guess let's start with this most recent bombshell published in August that as always you can find in the description below. [...]",Hello person Anton video going discuss recent studies sort rewrite idea behind origin life specifically story basically every living cell planet actually got well that's decades somewhat beautiful almost romantic idea primordial soup serving origin life imagined warm little pond billions years ago possibly zapped lightning order create kind single perfect cell spontaneously snapped existence eventually split entire tree life according least two recent papers August June 2026 story seems kind incomplete possibly incorrect specifically lot new evidence regards something referred LUCA Last Universal Common Ancestor new evidence suggesting LUCA fully alive like kind biological cyborg chemistry geology physically stuck inside deep sea rocks running metabolism using raw metals engines words truly alive represent living cell actually leads us next mind-blowing proposition two main branches life bacteria archa split LUCA instead represented completely separate evolution cyborg evolved completely independently possibly two separate locations real sense implies cellular life potentially started twice planet confirmed would revolutionary video going discuss recent discoveries connect ideas including ideas behind Jupiter potentially played role lot howeven baby sun influenced certain things well though going solving biological paradox yet going come little bit closer answering question origin life guess let's start recent bombshell published August always find description
"> Two days after a deadly landfill collapse in Guinea, rescuers are using giant excavators to search for victims. Anger is rising among residents, who say they had warned authorities that the rubbish dump was precarious.   

> The landfill collapse occurred in the early hours of Sunday in the Guinean capital Conakry's Dar es Salam neighbourhood, following heavy rain.
>
>At least 31 people were killed, more than 20 injured and several homes were destroyed.
>
>Rescue workers using excavators were at the site on Monday to search for victims and the area was cordoned off by security.
>
>Around 358 people affected by the landslide were sheltering at a school in the city's Dixinn Centre neighbourhood, Lancei Toure, director general of the National Agency for Humanitarian Emergency and Disaster Management (ANGUCH), said on Monday.
>
>Some 72 households were assessed as still directly at risk of harm, and those living in dangerous areas were told to evacuate, he said.
>
>Housing, food, clothing and healthcare are being provided, the agency said, with a mobile clinic to be set up and mobilisation of a psychological and social support team.
>
>Prime Minister Amadou Oury Bah visited the scene on Sunday. He said measures were being taken ""to ensure medical care for the injured"" and ""assistance for those affected by this tragedy"".
> 
> Meanwhile, residents said they had previously tried to alert Guinea's authorities to the danger.
>
>""We young people did everything to prevent this. We organised meetings and invited officials, but they didn't take the matter seriously"", Abou Hamza, a local resident who serves as a youth community leader, told French news agency AFP at the scene.
>
>""The state failed to take steps to close the dump. Yet they had promised us they would a year ago.""
>
>In the days prior to the collapse, the government had announced operations to evacuate residents and secure the area surrounding the landfill due to the risk of landslides, especially in the long rainy season.
>
>The government has been planning to close the landfill for several years – not only because it frequently collapses (nine people lost their lives there under similar circumstances in 2017) but because it is also a major source of pollution.
>
>Fires are regularly lit there, as there is no other way to dispose of the waste, and the resulting toxic smoke poisons the air in the surrounding area.

...",Two days deadly landfill collapse Guinea rescuers using giant excavators search victims Anger rising among residents say warned authorities rubbish dump precarious landfill collapse occurred early hours Sunday Guinean capital Conakry's Dar es Salam neighbourhood following heavy rain least 31 people killed 20 injured several homes destroyed Rescue workers using excavators site Monday search victims area cordoned security Around 358 people affected landslide sheltering school city's Dixinn Centre neighbourhood Lancei Toure director general National Agency Humanitarian Emergency Disaster Management ANGUCH said Monday 72 households assessed still directly risk harm living dangerous areas told evacuate said Housing food clothing healthcare provided agency said mobile clinic set mobilisation psychological social support team Prime Minister Amadou Oury Bah visited scene Sunday said measures taken ensure medical care injured assistance affected tragedy Meanwhile residents said previously tried alert Guinea's authorities danger young people everything prevent organised meetings invited officials take matter seriously Abou Hamza local resident serves youth community leader told French news agency AFP scene state failed take steps close dump Yet promised us would year ago days prior collapse government announced operations evacuate residents secure area surrounding landfill due risk landslides especially long rainy season government planning close landfill several years – frequently collapses nine people lost lives similar circumstances 2017 also major source pollution Fires regularly lit way dispose waste resulting toxic smoke poisons air surrounding area
"With the Red Horse in place on Earth, one of the two remaining command ships out beyond the Moon gathers its fleet and transits towards the Earth. The Black Horse hits the upper atmosphere and spirals in towards the world, the other ships of the fleet peel off and take position over the various cities of the world. The Black Horse glides in over the city of London.

The Academy of Witchcraft in London remains a hidden place. The Academy's Earth-based footprint isn't hidden behind any veil or shroud, it stands here and there, otherwise nondescript buildings spread throughout London. A well-developed portal system allows ease of transport, all portals jumping between the Library and various Academy buildings on Earth.

This portal network expands far beyond the Academy in London, but it is centered on the Academy's main gate. On the Library side of the Academy's main gate into the Library stands the Hall of Doors. From this Hall, any witch can travel throughout the Academy's network of established portals.

Hiding away in an office in the building containing the Academy of Witchcraft's Main Gate, a group of surviving Private Owners sitting on the Academy's alumnae association monitor the larger situation out in the world. 

Four men in suits sit at a table playing cards while two workers at workstations cycle through monitoring Eyes, looking for any discrepancies that might develop into a direct threat to the men playing cards. Normally the man playing cards would not camp in one of the Eye monitoring stations, but they've found no other location completely safe from the threats posed both by Fairies wearing boots or from well armored servitors.

""None of the portals are safe anymore. How many have already been hacked and rerouted somewhere we don't control?"" Asks one of the Private Owners, putting cards down on the table.

""None of it matters, we don't even control the whole Hall anymore,"" says a second man, ""How many doors now belong to the Mold? There is nowhere else to go. This is where the story ends for us, I'm afraid.""

The oldest man at the table remains silent. He hasn't spoken a word to anyone else in weeks. There has been no need. The old man speaks, ""I will travel to New York to collect my wife.""

""You won't make it. Best to leave her to the Underworld,"" the first man to speak says to the old man, ""Don't you think you've borrowed her from them long enough? They now come to collect their lost soul and nothing will stop them.""

""They come for my soul as well. They come for all our souls. The Underworld won't be denied us anymore."" Says the second man to speak.

""Funny that Underworld ship took our portal deity from us when you were in London, huh?"" Says the last man to speak to the old man, ""You haven't been willing to risk the trip back.""

""Was I incorrect to stay put?"" The old man asks.

""No,"" says the last man, ""But you won't make it.""

""I will reach my wife,"" the old man says, ""This much is allowed to me.""

""You go to face your flesh and blood? You read the books as well as I have. . ."" says the first man to speak.

The old man stands up, leaving his cards face up on the table, ""Either I walk there under my own power or I get dragged kicking and screaming. I may as well walk.""

The old man exits the room and makes his way through the halls towards the Main Gate.

As the old man walks through the passageways, black suited guards from the Magic Men run past, and the sounds of a fight break out both behind and down the hall. The old man continues his walk, not stopping to see, not once looking back.

Underworld Automatons start pouring into the building, and as the old man reaches the large, open foyer containing the Main Gate to the Library, Automatons are there to greet him. Some Automatons fight still remaining Magic Men, others stand and stare at the new arrival.

The old man doesn't stop or even acknowledge the Automatons, and he walks close by some of the constructs, seeing the souls glowing behind the blank eyes of the Automaton faces. The Automatons allow the old man to walk up to the Main Gate and using a ring on his left hand, turns the key to open the gate to the Library.

The old man steps through the gate, and Automatons follow. On the other side of the gate, the old man is immediately greeted by a nondescript figure, a humanoid form of the Mold. The old man stops for a moment and stares at the Mold, and the Mold grows eyes to stare right back.

Without speaking a word, the old man breaks eye contact and walks in the direction of the portal to his New York office. The mold and Automatons follow without interference.",Red Horse place Earth one two remaining command ships beyond Moon gathers fleet transits towards Earth Black Horse hits upper atmosphere spirals towards world ships fleet peel take position various cities world Black Horse glides city London Academy Witchcraft London remains hidden place Academy's Earth-based footprint hidden behind veil shroud stands otherwise nondescript buildings spread throughout London well-developed portal system allows ease transport portals jumping Library various Academy buildings Earth portal network expands far beyond Academy London centered Academy's main gate Library side Academy's main gate Library stands Hall Doors Hall witch travel throughout Academy's network established portals Hiding away office building containing Academy Witchcraft's Main Gate group surviving Private Owners sitting Academy's alumnae association monitor larger situation world Four men suits sit table playing cards two workers workstations cycle monitoring Eyes looking discrepancies might develop direct threat men playing cards Normally man playing cards would camp one Eye monitoring stations found location completely safe threats posed Fairies wearing boots well armored servitors None portals safe anymore many already hacked rerouted somewhere control Asks one Private Owners putting cards table None matters even control whole Hall anymore says second man many doors belong Mold nowhere else go story ends us afraid oldest man table remains silent spoken word anyone else weeks need old man speaks travel New York collect wife make Best leave Underworld first man speak says old man think borrowed long enough come collect lost soul nothing stop come soul well come souls Underworld denied us anymore Says second man speak Funny Underworld ship took portal deity us London huh Says last man speak old man willing risk trip back incorrect stay put old man asks says last man make reach wife old man says much allowed go face flesh blood read books well says first man speak old man stands leaving cards face table Either walk power get dragged kicking screaming may well walk old man exits room makes way halls towards Main Gate old man walks passageways black suited guards Magic Men run past sounds fight break behind hall old man continues walk stopping see looking back Underworld Automatons start pouring building old man reaches large open foyer containing Main Gate Library Automatons greet Automatons fight still remaining Magic Men others stand stare new arrival old man stop even acknowledge Automatons walks close constructs seeing souls glowing behind blank eyes Automaton faces Automatons allow old man walk Main Gate using ring left hand turns key open gate Library old man steps gate Automatons follow side gate old man immediately greeted nondescript figure humanoid form Mold old man stops moment stares Mold Mold grows eyes stare right back Without speaking word old man breaks eye contact walks direction portal New York office mold Automatons follow without interference
"Cambodia’s environment ministry has urged the public and social media content creators to stop making or sharing content that encourages the commerce, consumption or capture of wildlife. It has warned that such actions are illegal and pose risks to human health and the country’s wild animals and plants. At a press conference on Aug. 7, 2026, ministry spokesperson Khvay Atitya called on social media users to refrain from posting wildlife content to garner clicks and promote trade, including sharing photos and videos of eating or preparing dishes made from wildlife and rare plants. “Promoting love for wildlife does not mean keeping wild animals in cages,” Atitya reportedly said in response to questions from the press. “Eating wildlife meat provides no benefit and can pose serious health risks to consumers.” Atitya urged relevant ministries and authorities to take legal action against those involved in online wildlife commerce, stressing that online sales are as illegal as physical trading, according to a report from The Phnom Penh Post. Russell Gray, head of ECO-SOLVE at the Swiss-based Global Initiative against Transnational Organized Crime (GI-TOC), who studies the online illegal wildlife trade, said this was a welcome move. “One challenge we consistently see in the online illegal wildlife trade is that it can be treated as separate from the physical wildlife trade, when in reality the two are increasingly inseparable,” Gray said. “Social media, messaging applications and online marketplaces are now the primary infrastructure through which wildlife is advertised, buyers and sellers connect, and trafficking…This article was originally published on [Mongabay](https://news.mongabay.com/2026/08/cambodia-targets-online-wildlife-trade-on-social-media-but-experts-say-its-not-enough/)

---

**From [Conservation news](https://news.mongabay.com/feed/) via [This RSS Feed](https://news.mongabay.com/feed/).**","Cambodia’s environment ministry urged public social media content creators stop making sharing content encourages commerce consumption capture wildlife warned actions illegal pose risks human health country’s wild animals plants press conference Aug 7 2026 ministry spokesperson Khvay Atitya called social media users refrain posting wildlife content garner clicks promote trade including sharing photos videos eating preparing dishes made wildlife rare plants “Promoting love wildlife mean keeping wild animals cages,” Atitya reportedly said response questions press “Eating wildlife meat provides benefit pose serious health risks consumers.” Atitya urged relevant ministries authorities take legal action involved online wildlife commerce stressing online sales illegal physical trading according report Phnom Penh Post Russell Gray head ECO-SOLVE Swiss-based Global Initiative Transnational Organized Crime GI-TOC studies online illegal wildlife trade said welcome move “One challenge consistently see online illegal wildlife trade treated separate physical wildlife trade reality two increasingly inseparable,” Gray said “Social media messaging applications online marketplaces primary infrastructure wildlife advertised buyers sellers connect trafficking…This article originally published Mongabay Conservation news via RSS Feed"
"## Chicago Bus Strike (1968)

### Sun Aug 25, 1968
![Image](https://stahmaxffcqankienulh.supabase.co/storage/v1/object/public/event-photos/Events/ctaStrikeChicago.jpg)

Image: *A still from the documentary ""Labor Beat: CTA Strike of 1968"" showing a group of black bus drivers applauding and cheering*

---
On this day in 1968, black bus drivers in Chicago turned off the lights on their vehicles and headed back to the Chicago Transit Authority (CTA) bus barns, beginning a two-week strike that shut down 52 of the city's 128 bus routes and effectively paralyzed the south and west sides of the city. More than half of the CTA's bus drivers were African-American and for weeks they had been fighting unfair union representation.

Like many other protest movements in the 50s and 60s, the drivers took as their model the Montgomery bus boycott, organizing car pools and CTW ""courtesy cars"" to meet the transportation shortfall in some neighborhoods.

According to Standish Willis, one of the striking drivers who later wrote a college thesis on the incident: ""Black drivers were being arrested while trying to close down the white stations, and we were losing what little money we had bailing them out of jail...White drivers at black stations respected the picket lines. The white drivers at the white ones did not.""

According to Willis, the strike's failure was due to the collective effort of establishment political powers working against the strike: ""With the police arresting our guys, the judges putting guys in jail and holding them for contempt, and the union threatening to kick our leaders out, it was a pretty concerted attack. And we certainly didn't have enough money to get people out of jail at the rate they were putting them in.""

---
- Date: 1968-08-25
- Learn More: [www.chicagoreader.com](https://www.chicagoreader.com/chicago/seizing-the-wheel/Content?oid=895461), [www.youtube.com](https://www.youtube.com/watch?v=QcBRrmmU828&ab_channel=LaborBeat), [presidentlincoln.illinois.gov](https://presidentlincoln.illinois.gov/Blog/Posts/8/African-American-History/2020/7/When-Chicago-stood-still-the-CTW-strike-of-1968/blog-post/).
- Tags: [#Labor](/search?q=%23Labor&type=Posts&listingType=All&page=1&sort=New).
- Source: [www.apeoplescalendar.org](https://www.apeoplescalendar.org/calendar/events/chicago-bus-strike-1968)",Chicago Bus Strike 1968 Sun Aug 25 1968 Image Image still documentary Labor Beat CTA Strike 1968 showing group black bus drivers applauding cheering day 1968 black bus drivers Chicago turned lights vehicles headed back Chicago Transit Authority CTA bus barns beginning two-week strike shut 52 city's 128 bus routes effectively paralyzed south west sides city half CTA's bus drivers African-American weeks fighting unfair union representation Like many protest movements 50s 60s drivers took model Montgomery bus boycott organizing car pools CTW courtesy cars meet transportation shortfall neighborhoods According Standish Willis one striking drivers later wrote college thesis incident Black drivers arrested trying close white stations losing little money bailing jail...White drivers black stations respected picket lines white drivers white ones According Willis strike's failure due collective effort establishment political powers working strike police arresting guys judges putting guys jail holding contempt union threatening kick leaders pretty concerted attack certainly enough money get people jail rate putting Date 1968-08-25 Learn www.chicagoreader.com www.youtube.com presidentlincoln.illinois.gov Tags search?q=%23Labor&type=Posts&listingType=All&page=1&sort=New Source www.apeoplescalendar.org
"cross-posted from:  https://lemmy.sdf.org/post/58092995

> [Archived](https://web.archive.org/web/20260825125723/https://www.prospectmagazine.co.uk/views/people/74487/a-lawyers-lonely-fight-for-democracy-inside-hong-kong)
> 
> Held in a Hong Kong prison without trial for the past five years, Chow Hang-tung has had few ways to communicate with the outside world. So when her partner, the Chinese dissident Ye Du, proposed to her by writing a letter, she was forced to respond in kind. **“We really need to speed up the process of ending this dictatorship, otherwise when will we ever see each other again?”** she wrote.
> 
> In 2021, Chow was charged with “inciting subversion” under a Beijing-imposed national security law, which also makes the promotion of Hong Kong’s secession from China a crime. On 21st August this year, she was convicted. She now faces up to ten years in prison. 
> 
> [...]
> 
> Chow’s verdict comes amid an accelerating crackdown in Hong Kong, as authorities recently expanded the reach of the national security law, giving the region’s chief executive expanded powers to reclassify any criminal case as a matter of national security. While most of the democracy movement within Hong Kong has been dismantled or driven underground, Chow has remained a rare voice of open defiance. 
> 
> When she was a child, her mother would take her to vigils in Hong Kong’s Victoria Park marking the 1989 Tiananmen Square massacre. Later in life, organising this annual vigil would land her and two fellow activists in detention. 
> 
> [...]
> 
> In 2007, Chow received a postgraduate scholarship to study geophysics at Cambridge university, specialising in seismology. When an earthquake hit the Chinese region of Sichuan in 2008, she was frustrated by what she saw as the government’s role in worsening the impact of the natural disaster. It was then that Chow turned her attention to human rights, retraining and qualifying as a barrister in the mid-2010s. 
> 
> Back in Hong Kong, she advocated for labourers in mainland China and built connections with Chinese dissidents. 
> 
> [...]
> 
> She was sometimes criticised by fellow activists in the Hong Kong democracy movement for focusing on the rights of mainland dissidents over issues closer to home. But according to her friend, the activist Patrick Poon, Chow was “prophetic” in seeing **how the experience of dissidents in China foreshadowed what was to happen in Hong Kong**. While many of the movement’s leaders had fled abroad, he says Chow was determined to remain inside the region. 
> 
> “What she saw and heard in mainland China made her realise more deeply that whether a society has freedom, rule of law and civil rights is not an abstract political concept, but directly affects the lives of every ordinary person,” her fiancé Ye Du tells me. He is barred from leaving China and has been placed under strict surveillance. The couple have not been able to communicate with each other since February last year.
> 
> One early morning in June 2021, police smashed down the door to her barrister’s chambers and arrested Chow. Despite the significant constraints of her detention, including limited access to legal resources, she chose to represent herself in court, sometimes using court submissions to turn the table on the legal system itself.
> 
> [...]
> 
> Chow, 41, sees few reasons to feel optimistic about the future of Hong Kong right now, she refuses to give up hope.
> 
> “No one can predict the future, but we should not lose our confidence in the people, who are where hope lies”, she says. “We should not underestimate the people’s resilience.”
> 
> [...]","cross-posted Archived Held Hong Kong prison without trial past five years Chow Hang-tung ways communicate outside world partner Chinese dissident Ye Du proposed writing letter forced respond kind “We really need speed process ending dictatorship otherwise ever see again?” wrote 2021 Chow charged “inciting subversion” Beijing-imposed national security law also makes promotion Hong Kong’s secession China crime 21st August year convicted faces ten years prison Chow’s verdict comes amid accelerating crackdown Hong Kong authorities recently expanded reach national security law giving region’s chief executive expanded powers reclassify criminal case matter national security democracy movement within Hong Kong dismantled driven underground Chow remained rare voice open defiance child mother would take vigils Hong Kong’s Victoria Park marking 1989 Tiananmen Square massacre Later life organising annual vigil would land two fellow activists detention 2007 Chow received postgraduate scholarship study geophysics Cambridge university specialising seismology earthquake hit Chinese region Sichuan 2008 frustrated saw government’s role worsening impact natural disaster Chow turned attention human rights retraining qualifying barrister mid-2010s Back Hong Kong advocated labourers mainland China built connections Chinese dissidents sometimes criticised fellow activists Hong Kong democracy movement focusing rights mainland dissidents issues closer home according friend activist Patrick Poon Chow “prophetic” seeing experience dissidents China foreshadowed happen Hong Kong many movement’s leaders fled abroad says Chow determined remain inside region “What saw heard mainland China made realise deeply whether society freedom rule law civil rights abstract political concept directly affects lives every ordinary person,” fiancé Ye Du tells barred leaving China placed strict surveillance couple able communicate since February last year One early morning June 2021 police smashed door barrister’s chambers arrested Chow Despite significant constraints detention including limited access legal resources chose represent court sometimes using court submissions turn table legal system Chow 41 sees reasons feel optimistic future Hong Kong right refuses give hope “No one predict future lose confidence people hope lies” says “We underestimate people’s resilience.”"
"I was gifted this ~2010 Toshiba Portégé. Surprisingly small and thin for its age. I was hoping to revive it, but it has only 1GB of memory ootb.  

Apparently it can be upgraded up to 5GB with one spare slot that currently sits empty.  

I found 2 physically compatible identical 2GB modules but no matter which one I plug in, when I start the computer it just starts the fan on highest setting and nothing else happens.  

Before I go into any more detail, I [found this info](https://www.memorystock.com/memory/ToshibaPortegeR600.html) online:  

>The Toshiba Portege R600 Laptop takes the PC2-6400 DDR2-800 200pin SDRAM SODIMM memory type  

My sticks look like this:  

![](https://media.piefed.zip/posts/3h/cS/3hcSD5DFyKqYUGP.jpg)  

**Are they compatible to PC2-6400 DDR2-800 200pin SDRAM SODIMM?** I honestly can't tell.  

---  

I read the manual which says the modules need to be ""Toshiba approved"" but it does not say which/what Toshiba approves.  

Plus this, which I did follow (note the negative):  

>Do **not** try to install or remove a memory module under the following conditions.  
>  
>a. The computer is turned on.  
>b. The computer was shut down in either Sleep or Hibernation Mode.  
>c. Wake-up on LAN is enabled.  
>d. Wake-up on Wireless LAN is enabled.  
>e. The wireless communication switch is turned on.  

And this does not happen:  

>If you install a memory module that is not compatible with the computer, the Power indicator will flash (on for 0.5 seconds, off for 0.5 seconds) in the following way;  
>■ If there is an error: repeatedly flashes orange twice, then white or green once  

The power indicator **⏻** stays white all the time and does not blink.  

---  

TIA",gifted 2010 Toshiba Portégé Surprisingly small thin age hoping revive 1GB memory ootb Apparently upgraded 5GB one spare slot currently sits empty found 2 physically compatible identical 2GB modules matter one plug start computer starts fan highest setting nothing else happens go detail found info online Toshiba Portege R600 Laptop takes PC2-6400 DDR2-800 200pin SDRAM SODIMM memory type sticks look like compatible PC2-6400 DDR2-800 200pin SDRAM SODIMM honestly can't tell read manual says modules need Toshiba approved say which/what Toshiba approves Plus follow note negative try install remove memory module following conditions computer turned b computer shut either Sleep Hibernation Mode c Wake-up LAN enabled Wake-up Wireless LAN enabled e wireless communication switch turned happen install memory module compatible computer Power indicator flash 0.5 seconds 0.5 seconds following way ■ error repeatedly flashes orange twice white green power indicator ⏻ stays white time blink TIA
"![](https://ikona.telesurenglish.net/content/uploads/2026/08/Congo-1024x578.jpg.webp)

On Saturday, the DRC government and the M23 rebel group agreed on a roadmap for peace negotiations.
---------------------------------------------------------------------------------------------------

On Monday, Rwandan President Paul Kagame called for addressing the root causes of the conflict in eastern Democratic Republic of the Congo (DRC), arguing that the decades-long crisis cannot be resolved by simply blaming Rwanda or imposing repeated sanctions.

***RELATED:***

***[Pope Leo XIV Calls for International Response to Halt Ebola Outbreak in DR Congo](https://www.telesurenglish.net/pope-leo-xiv-calls-for-international-response-to-halt-ebola-outbreak-in-dr-congo/)***

Speaking during a press conference in the Rwandan capital Kigali, he said the conflict has deep historical and political roots involving the DRC, Rwanda, neighboring countries, and the international community.

“The start of this conflict is not by Rwanda, and then Rwanda is made to own the origin of the problem. Rwanda’s problem has always been the Democratic Forces for the Liberation of Rwanda (FDLR),” Kagame said.

He highlighted the continued presence of the FDLR in eastern DRC as a major concern, noting that the failure to address the FDLR problem has repeatedly contributed to Rwanda’s involvement in the conflict.

> DR Congo, M23 rebels agree on roadmap for peace talks [pic.twitter.com/SzZUUyAWA5](https://t.co/SzZUUyAWA5)
>
> — B.C. Begley (@BC\_News1) [August 25, 2026](https://x.com/BC_News1/status/2092084284899094663)

Kagame questioned the effectiveness of repeated international interventions, including sanctions, saying that such measures have not addressed what he described as the root causes of the conflict.

He maintained that lasting peace requires understanding the origins of the crisis, addressing the concerns of affected communities, and dealing with armed groups operating in the region.

Since January 2025, the March 23 Movement (M23) rebel group has intensified offensives in the eastern DRC provinces of North Kivu and South Kivu. The DRC accuses Rwanda of backing the rebels, an allegation Kigali denies.

The DRC government and the M23 rebel group agreed on a roadmap for peace negotiations, setting out sequenced steps and timelines for further talks, according to a joint statement issued on Saturday.

***teleSUR/ JF***

***Source: Xinhua***

---

**From [teleSUR English](https://www.telesurenglish.net/feed/) via [This RSS Feed](https://www.telesurenglish.net/feed/).**","Saturday DRC government M23 rebel group agreed roadmap peace negotiations Monday Rwandan President Paul Kagame called addressing root causes conflict eastern Democratic Republic Congo DRC arguing decades-long crisis cannot resolved simply blaming Rwanda imposing repeated sanctions RELATED Pope Leo XIV Calls International Response Halt Ebola Outbreak DR Congo Speaking press conference Rwandan capital Kigali said conflict deep historical political roots involving DRC Rwanda neighboring countries international community “The start conflict Rwanda Rwanda made origin problem Rwanda’s problem always Democratic Forces Liberation Rwanda FDLR),” Kagame said highlighted continued presence FDLR eastern DRC major concern noting failure address FDLR problem repeatedly contributed Rwanda’s involvement conflict DR Congo M23 rebels agree roadmap peace talks pic.twitter.com/SzZUUyAWA5 — B.C Begley News1 August 25 2026 Kagame questioned effectiveness repeated international interventions including sanctions saying measures addressed described root causes conflict maintained lasting peace requires understanding origins crisis addressing concerns affected communities dealing armed groups operating region Since January 2025 March 23 Movement M23 rebel group intensified offensives eastern DRC provinces North Kivu South Kivu DRC accuses Rwanda backing rebels allegation Kigali denies DRC government M23 rebel group agreed roadmap peace negotiations setting sequenced steps timelines talks according joint statement issued Saturday teleSUR JF Source Xinhua teleSUR English via RSS Feed"
"I've been binging [Mr Beat's history YT channel](https://www.youtube.com/@iammrbeat), and in his video going over every First Lady of the US, [the section on Grace Coolidge](https://youtu.be/y9EI6eMW8yE?t=1394) caught my attention, as it mentioned she had a pet raccoon!

From [Rebecca's Wikipedia](https://en.wikipedia.org/wiki/Rebecca_(raccoon))

>Rebecca was born in Mississippi. She had been sent to the White House to be served for the 1926 Thanksgiving dinner. Since the 1913 death of Horace Vose, the traditional provider of the White House Thanksgiving turkey, numerous farmers sent animals for Thanksgiving dinner. In 1926, a Mississippi supporter sent Rebecca.  Coolidge, who had never eaten raccoon and had no appetite to try it, kept Rebecca as a pet instead. 
>
>For Christmas, an embroidered collar was made for Rebecca, inscribed with the title ""White House Raccoon"". She enjoyed participating in the annual White House Easter egg roll.  She was fed shrimp and persimmons, and eggs were a favorite. Rebecca was let loose in the White House and walked on a leash outdoors. At times, she could be mischievous and was known to unscrew lightbulbs, open cabinets, and unpot houseplants. She was known to nestle in Coolidge's lap when he sat by the fireplace.  
>
>As First Lady Grace wrote:
>
>*We had a house made for her in one of the large trees, with a wire fence built around it for protection. We kept her chained when out of doors, but in the house she had her liberty. She was a mischievous, inquisitive party and we had to keep watch of her when she was in the house. She enjoyed nothing better than being placed in a bathtub with a little water in it and given a cake of soap with which to play. In this fashion she would amuse herself for an hour or more.* 
>
>As a companion for Rebecca, Rueben, a male raccoon, was acquired by a White House police officer. However, Rebecca and Rueben did not get along. Rueben frequently escaped, being recovered by White House staff; one such instance created a traffic jam. He ultimately disappeared without a trace. Grace Coolidge wrote about the incident:
>
>*Rebecca had lived alone and had her own way so long that I fear she was a little overbearing and dictatorial, perhaps reminding her spouse that he was living on her bounty. [Afterward, Rebecca] continued to live in single blessedness.* 
>
>In March 1927, during a White House renovation, Coolidge brought Rebecca to his temporary quarters in a Dupont Circle mansion. When the Coolidges took a vacation in the Black Hills, they brought Rebecca along in a basket, together with two of their dogs, Rob Roy and Prudence Prim as well as five canaries on the 1,800-mile railroad journey. In preparation for leaving the White House at the end of the president's term in 1929, the Coolidges donated Rebecca to the zoological quarters in Rock Creek Park (now the National Zoo) in Washington, DC. Rebecca died shortly after.
>
>Herbert Hoover was next to occupy the White House; soon thereafter, a wild opossum moved into Rebecca's vacant tree-house and was adopted by the Hoovers and was named Billy Possum.

Raccoons live 2-5 years in the wild and can reach 15-20 in captivity, but who knows what type of diet she had living in the White House or how much stress she had being around so many people and being moved around and what not.","binging Mr Beat's history YT channel video going every First Lady US section Grace Coolidge caught attention mentioned pet raccoon Rebecca's Wikipedia Rebecca born Mississippi sent White House served 1926 Thanksgiving dinner Since 1913 death Horace Vose traditional provider White House Thanksgiving turkey numerous farmers sent animals Thanksgiving dinner 1926 Mississippi supporter sent Rebecca Coolidge never eaten raccoon appetite try kept Rebecca pet instead Christmas embroidered collar made Rebecca inscribed title White House Raccoon enjoyed participating annual White House Easter egg roll fed shrimp persimmons eggs favorite Rebecca let loose White House walked leash outdoors times could mischievous known unscrew lightbulbs open cabinets unpot houseplants known nestle Coolidge's lap sat fireplace First Lady Grace wrote house made one large trees wire fence built around protection kept chained doors house liberty mischievous inquisitive party keep watch house enjoyed nothing better placed bathtub little water given cake soap play fashion would amuse hour companion Rebecca Rueben male raccoon acquired White House police officer However Rebecca Rueben get along Rueben frequently escaped recovered White House staff one instance created traffic jam ultimately disappeared without trace Grace Coolidge wrote incident Rebecca lived alone way long fear little overbearing dictatorial perhaps reminding spouse living bounty Afterward Rebecca continued live single blessedness March 1927 White House renovation Coolidge brought Rebecca temporary quarters Dupont Circle mansion Coolidges took vacation Black Hills brought Rebecca along basket together two dogs Rob Roy Prudence Prim well five canaries 1,800-mile railroad journey preparation leaving White House end president's term 1929 Coolidges donated Rebecca zoological quarters Rock Creek Park National Zoo Washington DC Rebecca died shortly Herbert Hoover next occupy White House soon thereafter wild opossum moved Rebecca's vacant tree-house adopted Hoovers named Billy Possum Raccoons live 2-5 years wild reach 15-20 captivity knows type diet living White House much stress around many people moved around"
"![](https://i0.wp.com/ictnews.org/wp-content/uploads/2026/08/Sheep-Pastoralist.webp?fit=1024%2C576&ssl=1)

*This story was [originally published](https://grist.org/global-indigenous-affairs-desk/living-with-drought-has-taught-pastoralists-lessons-the-world-needs/)* *by Grist.*

**Joseph Lee**  
*[Grist](https://grist.org/)*

Cattle are a central part of the identity of Andrew Msami’s Maasai community in northeast Tanzania. Herd size determines social position, and many people keep all their wealth in livestock, not banks. But in recent years, Msami and others have been forced to sell the animals and buy goats, which can handle drought better but are less financially and culturally valuable. Msami says adapting to a shifting climate has been a part of Maasai life for generations, but recent conditions represent an existential threat.

“We have to adapt because it’s like desertification is attacking our identity,” Msami told Grist. “If you lose your identity, it means you have lost everything.”

The Maasai are pastoralists, a term that describes the roughly 500 million people around the world who tend herds of livestock like cattle, goats, and sheep. They often move with the animals as they seek grass and water. Because they live and work in places with arid conditions and extreme temperatures, they are particularly vulnerable to climate change.

Around the world, drought and land degradation threaten rangelands, which make up roughly half of the planet’s landmass, and the pastoralists from Tanzania and Sudan to Nepal and Mongolia that rely on them. Desertification is occurring at 30 to 35 times the historical average, threatening even the most resilient communities. That’s on top of an influx of invasive species, extractive industries, tourists, and other threats.

To address these overlapping crises, Msami and hundreds of other pastoralists are in Mongolia this week for the [United Nations Convention to Combat Desertification](https://www.unccd.int/cop17), or UNCCD. They are calling for stronger protections for Indigenous pastoral traditions, greater access to funding and resources to combat the crisis, and official recognition that the experience of generations living on increasingly marginal lands offers lessons for adapting to a hotter, drier world.

“We want to give the world a message that it’s not only the land that you will have to really look at,” said Msami, who is the program lead for the Pastoralists Indigenous Non-Governmental Organizations Forum, or [PINGOs Forum](https://pingosforum.or.tz/), which is a network representing over 50 pastoralist organizations in Tanzania. “But you look at the people in that land, and maybe their lives should not be disturbed or sacrificed for the development of the world.”

That message must first overcome a global environmental movement that has not always prioritized rangelands and the peoples who steward them.

In 1992, world leaders gathered at the historic [United Nations Earth Summit](https://www.un.org/en/conferences/environment/rio1992) in Brazil, where they identified three great environmental challenges: climate change, biodiversity loss, and desertification. Global conferences were established for each, creating a forum where the world would develop plans to tackle them. In the decades since, trillions of dollars have flowed toward the first two, while desertification has largely been relegated to a problem for the developing world to address.

“But now the history is catching them because when you look at Spain, France, even Sweden, all those countries, they have a bigger drought ever since the last two years,” said Hindou Oumarou Ibrahim, who is Mbororo from Chad and the first chair of the Indigenous peoples caucus at UNCCD. “So it is becoming a developed countries issue, and now they start paying more attention, but still it does not get the same attention on the level of political will or finance.”

Although this is the 17th meeting of the convention, Ibrahim described this year’s event as “unique, historic, and particular.” That is because it is the first with a formal caucus specifically for Indigenous peoples, something not found at the climate and biodiversity conferences. Because of that, Ibrahim and others consider this gathering a unique opportunity for Indigenous pastoralists to advocate for their rights and advance their goals on the international stage.

The gathering also comes during the [United Nations’ International Year of Rangelands and Pastoralists](https://www.fao.org/rangelands-pastoralists-2026/en), which Ibrahim said has had a positive impact on raising awareness of the challenges communities like his face and the contributions they are making to climate resilience.

Despite those signs of progress, attendees in Mongolia said that the Indigenous caucus has faced resistance. In the first week of the conference, Ibrahim led a protest to demand full participation for the caucus and for its official functions to be established.

As the world increasingly works to address drought, Ibrahim and others are concerned that, after decades of being overlooked, a global focus could sideline them even further. About a third of Mongolia’s population practice pastoral lifestyles, for example, but often have no role in global climate discussions.

Some countries have responded to drought and land degradation by restricting pastoralist herd sizes and restricting movement. That comes despite scientific [evidence](https://www.fao.org/newsroom/story/Seven-reasons-why-pastoralism-supports-a-better-future/en) that pastoralism boosts [biodiversity](https://academic.oup.com/bioscience/article/76/1/78/8326607) and supports climate resilient landscapes, among other benefits.

But Ibrahim said that the rate of desertification has accelerated beyond the point where traditional knowledge alone is enough. She said that in Chad the desert is advancing 2 kilometers, or 1.2 miles, each year. “We have the land degradation very, very fast, and of course we use our knowledge to try to restore the land,” she said. “We try to fix it, but it is still there.”

That’s why a call for greater legal protections and resources for their livelihoods is central to this year’s conference. “Securing land and mobility rights is not separate from climate adaptation,” said Solange Bandiaky-Badji, who is coordinator and president of the [Rights and Resources Initiative](https://rightsandresources.org/), a global coalition of over 200 organizations focused on land rights. “It is a fundamental part of building resilience.”

Bandiaky-Badji said the rest of the world should learn about climate adaptation and resilience from pastoralists. But, she said, none of their expertise and experiences matter unless countries protect rights to land and mobility. The right to [free, prior, and informed consent](https://grist.org/global-indigenous-affairs-desk/fpic-is-essential-indigenous-rights-what-is-it-why-isnt-it-followed/), which requires that Indigenous peoples have a say in what occurs on their lands and in their waters, is one that Bandiaky-Badji said needs greater enforcement. Because pastoralists are mobile, their land rights are not always recognized, and pastoralist leaders often do not receive an invitation to negotiate agreements and solutions.

Both Ibrahim and Bandiaky-Badji said global climate change and biodiversity conferences should follow the UNCCD’s focus on active inclusion of Indigenous voices.

But beyond that, Bandiaky-Badji said desertification and rangelands can no longer be treated as secondary issues. “There is a link between climate resilience, protecting biodiversity, and restoring landscapes,” she said. “They’re all interrelated. And until we start seeing them as interrelated, we might have these different COPs, but it will not really solve the systemic problem that we have been dealing with. And the climate crisis is a systemic problem that we need to deal with.”

The post [Living with drought has taught pastoralists lessons the world needs](https://ictnews.org/news/living-with-drought-has-taught-pastoralists-lessons-the-world-needs/) appeared first on [ICT](https://ictnews.org/).

---

**From [ICT](https://ictnews.org/feed) via [This RSS Feed](https://ictnews.org/feed).**","story originally published Grist Joseph Lee Grist Cattle central part identity Andrew Msami’s Maasai community northeast Tanzania Herd size determines social position many people keep wealth livestock banks recent years Msami others forced sell animals buy goats handle drought better less financially culturally valuable Msami says adapting shifting climate part Maasai life generations recent conditions represent existential threat “We adapt it’s like desertification attacking identity,” Msami told Grist “If lose identity means lost everything.” Maasai pastoralists term describes roughly 500 million people around world tend herds livestock like cattle goats sheep often move animals seek grass water live work places arid conditions extreme temperatures particularly vulnerable climate change Around world drought land degradation threaten rangelands make roughly half planet’s landmass pastoralists Tanzania Sudan Nepal Mongolia rely Desertification occurring 30 35 times historical average threatening even resilient communities That’s top influx invasive species extractive industries tourists threats address overlapping crises Msami hundreds pastoralists Mongolia week United Nations Convention Combat Desertification UNCCD calling stronger protections Indigenous pastoral traditions greater access funding resources combat crisis official recognition experience generations living increasingly marginal lands offers lessons adapting hotter drier world “We want give world message it’s land really look at,” said Msami program lead Pastoralists Indigenous Non-Governmental Organizations Forum PINGOs Forum network representing 50 pastoralist organizations Tanzania “But look people land maybe lives disturbed sacrificed development world.” message must first overcome global environmental movement always prioritized rangelands peoples steward 1992 world leaders gathered historic United Nations Earth Summit Brazil identified three great environmental challenges climate change biodiversity loss desertification Global conferences established creating forum world would develop plans tackle decades since trillions dollars flowed toward first two desertification largely relegated problem developing world address “But history catching look Spain France even Sweden countries bigger drought ever since last two years,” said Hindou Oumarou Ibrahim Mbororo Chad first chair Indigenous peoples caucus UNCCD “So becoming developed countries issue start paying attention still get attention level political finance.” Although 17th meeting convention Ibrahim described year’s event “unique historic particular.” first formal caucus specifically Indigenous peoples something found climate biodiversity conferences Ibrahim others consider gathering unique opportunity Indigenous pastoralists advocate rights advance goals international stage gathering also comes United Nations’ International Year Rangelands Pastoralists Ibrahim said positive impact raising awareness challenges communities like face contributions making climate resilience Despite signs progress attendees Mongolia said Indigenous caucus faced resistance first week conference Ibrahim led protest demand full participation caucus official functions established world increasingly works address drought Ibrahim others concerned decades overlooked global focus could sideline even third Mongolia’s population practice pastoral lifestyles example often role global climate discussions countries responded drought land degradation restricting pastoralist herd sizes restricting movement comes despite scientific evidence pastoralism boosts biodiversity supports climate resilient landscapes among benefits Ibrahim said rate desertification accelerated beyond point traditional knowledge alone enough said Chad desert advancing 2 kilometers 1.2 miles year “We land degradation fast course use knowledge try restore land,” said “We try fix still there.” That’s call greater legal protections resources livelihoods central year’s conference “Securing land mobility rights separate climate adaptation,” said Solange Bandiaky-Badji coordinator president Rights Resources Initiative global coalition 200 organizations focused land rights “It fundamental part building resilience.” Bandiaky-Badji said rest world learn climate adaptation resilience pastoralists said none expertise experiences matter unless countries protect rights land mobility right free prior informed consent requires Indigenous peoples say occurs lands waters one Bandiaky-Badji said needs greater enforcement pastoralists mobile land rights always recognized pastoralist leaders often receive invitation negotiate agreements solutions Ibrahim Bandiaky-Badji said global climate change biodiversity conferences follow UNCCD’s focus active inclusion Indigenous voices beyond Bandiaky-Badji said desertification rangelands longer treated secondary issues “There link climate resilience protecting biodiversity restoring landscapes,” said “They’re interrelated start seeing interrelated might different COPs really solve systemic problem dealing climate crisis systemic problem need deal with.” post Living drought taught pastoralists lessons world needs appeared first ICT ICT via RSS Feed"
"cross-posted from:  https://lemmy.sdf.org/post/58092995

> [Archived](https://web.archive.org/web/20260825125723/https://www.prospectmagazine.co.uk/views/people/74487/a-lawyers-lonely-fight-for-democracy-inside-hong-kong)
> 
> Held in a Hong Kong prison without trial for the past five years, Chow Hang-tung has had few ways to communicate with the outside world. So when her partner, the Chinese dissident Ye Du, proposed to her by writing a letter, she was forced to respond in kind. **“We really need to speed up the process of ending this dictatorship, otherwise when will we ever see each other again?”** she wrote.
> 
> In 2021, Chow was charged with “inciting subversion” under a Beijing-imposed national security law, which also makes the promotion of Hong Kong’s secession from China a crime. On 21st August this year, she was convicted. She now faces up to ten years in prison. 
> 
> [...]
> 
> Chow’s verdict comes amid an accelerating crackdown in Hong Kong, as authorities recently expanded the reach of the national security law, giving the region’s chief executive expanded powers to reclassify any criminal case as a matter of national security. While most of the democracy movement within Hong Kong has been dismantled or driven underground, Chow has remained a rare voice of open defiance. 
> 
> When she was a child, her mother would take her to vigils in Hong Kong’s Victoria Park marking the 1989 Tiananmen Square massacre. Later in life, organising this annual vigil would land her and two fellow activists in detention. 
> 
> [...]
> 
> In 2007, Chow received a postgraduate scholarship to study geophysics at Cambridge university, specialising in seismology. When an earthquake hit the Chinese region of Sichuan in 2008, she was frustrated by what she saw as the government’s role in worsening the impact of the natural disaster. It was then that Chow turned her attention to human rights, retraining and qualifying as a barrister in the mid-2010s. 
> 
> Back in Hong Kong, she advocated for labourers in mainland China and built connections with Chinese dissidents. 
> 
> [...]
> 
> She was sometimes criticised by fellow activists in the Hong Kong democracy movement for focusing on the rights of mainland dissidents over issues closer to home. But according to her friend, the activist Patrick Poon, Chow was “prophetic” in seeing **how the experience of dissidents in China foreshadowed what was to happen in Hong Kong**. While many of the movement’s leaders had fled abroad, he says Chow was determined to remain inside the region. 
> 
> “What she saw and heard in mainland China made her realise more deeply that whether a society has freedom, rule of law and civil rights is not an abstract political concept, but directly affects the lives of every ordinary person,” her fiancé Ye Du tells me. He is barred from leaving China and has been placed under strict surveillance. The couple have not been able to communicate with each other since February last year.
> 
> One early morning in June 2021, police smashed down the door to her barrister’s chambers and arrested Chow. Despite the significant constraints of her detention, including limited access to legal resources, she chose to represent herself in court, sometimes using court submissions to turn the table on the legal system itself.
> 
> [...]
> 
> Chow, 41, sees few reasons to feel optimistic about the future of Hong Kong right now, she refuses to give up hope.
> 
> “No one can predict the future, but we should not lose our confidence in the people, who are where hope lies”, she says. “We should not underestimate the people’s resilience.”
> 
> [...]","cross-posted Archived Held Hong Kong prison without trial past five years Chow Hang-tung ways communicate outside world partner Chinese dissident Ye Du proposed writing letter forced respond kind “We really need speed process ending dictatorship otherwise ever see again?” wrote 2021 Chow charged “inciting subversion” Beijing-imposed national security law also makes promotion Hong Kong’s secession China crime 21st August year convicted faces ten years prison Chow’s verdict comes amid accelerating crackdown Hong Kong authorities recently expanded reach national security law giving region’s chief executive expanded powers reclassify criminal case matter national security democracy movement within Hong Kong dismantled driven underground Chow remained rare voice open defiance child mother would take vigils Hong Kong’s Victoria Park marking 1989 Tiananmen Square massacre Later life organising annual vigil would land two fellow activists detention 2007 Chow received postgraduate scholarship study geophysics Cambridge university specialising seismology earthquake hit Chinese region Sichuan 2008 frustrated saw government’s role worsening impact natural disaster Chow turned attention human rights retraining qualifying barrister mid-2010s Back Hong Kong advocated labourers mainland China built connections Chinese dissidents sometimes criticised fellow activists Hong Kong democracy movement focusing rights mainland dissidents issues closer home according friend activist Patrick Poon Chow “prophetic” seeing experience dissidents China foreshadowed happen Hong Kong many movement’s leaders fled abroad says Chow determined remain inside region “What saw heard mainland China made realise deeply whether society freedom rule law civil rights abstract political concept directly affects lives every ordinary person,” fiancé Ye Du tells barred leaving China placed strict surveillance couple able communicate since February last year One early morning June 2021 police smashed door barrister’s chambers arrested Chow Despite significant constraints detention including limited access legal resources chose represent court sometimes using court submissions turn table legal system Chow 41 sees reasons feel optimistic future Hong Kong right refuses give hope “No one predict future lose confidence people hope lies” says “We underestimate people’s resilience.”"
"- Illegal wildlife trade, primarily catering to Chinese nationals, is thriving in Cambodia, according to a new [undercover investigation (pdf)](https://web.archive.org/web/20260621103735/https://earthleagueinternational.org/wp-content/uploads/2026/06/ELI-Operation-SANDOKAN-June-2026.pdf) by Earth League International, a U.S.-based NGO fighting environmental crime.
- Investigators identified five kingpins allegedly running transnational criminal networks in Cambodia that are involved in wildlife smuggling, human and drug trafficking and operate scam centers that defraud targets of money. ELI also mapped trade networks and gathered information on what species are sold and who buys them.
- The report found many endangered animals and their parts, including tigers, elephants, rhinos and pangolins, openly sold mostly to high-ranking government officials, Chinese expats, wealthy businessmen and Chinese tourists.
- The report urges China to act against Chinese scam center owners and corrupt officials who facilitate illegal activity and wildlife trade, along with reducing demand for endangered species within its borders.

...

The yearlong investigation revealed a huge demand for wildlife products within Cambodia, fueled by wealthy Chinese and Cambodian buyers.

“It’s a trafficking enterprise, and a good example of what happens when you don’t do anything … they grow and grow and grow, and at the end, the damage is substantial,” said Andrea Crosta, executive director of ELI. “The big surprise was the incredible quantity of wildlife in the hands of these people.”

...

“I think it’s an excellent piece of work,” said Debbie Banks. She serves as the tiger and wildlife crime campaign lead at the U.K.-based Environmental Investigation Agency (EIA), which also investigates wildlife crimes in Southeast Asia. Banks was not involved in this operation, but EIA has previously uncovered illegal commerce in tiger parts in Laos and Vietnam in operations that also targeted Chinese nationals.

...

Investigators say they identified five cartel kingpins operating in Cambodia who allegedly run transnational criminal networks that smuggle wildlife from across the world.

ELI reported that all are of Chinese descent and are well connected within Cambodia. Two of them are believed to be the biggest wildlife traders in the lower Mekong region. The public report leaves them nameless; another version handed over to U.S. authorities identified all involved.

...

“Wildlife trafficking in Southeast Asia is in the hands of Chinese nationals by 90%,” Crosta said. He added that they have strong business ties in the region, with investments in real estate and a mix of legal and illegal businesses that include restaurants and clubs as well as scam centers.  They are “very, very prolific” wildlife traffickers, Crosta said.

...

One individual said he raised lions, tigers and primates on his properties — and allegedly trafficked primates, birds and bear parts, according to the investigation. Another said he smuggled wildlife products and narcotics to the West. Yet another said his role was logistics, claiming he could help traffic anything because he had close connections to Cambodian customs officials as well as the country’s political, military and business elites.

...

Meanwhile, the kingpins reportedly said they could supply any species that customers wanted: tigers, elephants, rhinos, pangolins, sea turtles, coral, bears, primates and birds of prey — either alive, dead or in parts.

They said they had suppliers across the globe, in Africa, Europe, Russia and South Asia.

...

The report found a thriving trade in tigers and their parts in Cambodia. It identified the two traffickers as the major suppliers, selling bones and full skeletons to make tiger wine and offering tiger meat to exclusive restaurants in the capital, Phnom Penh, that are frequented by high-ranking Cambodian government officials and wealthy Chinese businessmen.

However, these elite dining establishments didn’t just serve tiger meat and wine, the investigation found. They offered pangolin, cobra, red panda and golden pheasant, among other wildlife dishes, with pictures of these animals displayed on the menu.

Tiger cubs, too, were offered as a delicacy. A promotional video for a holiday menu advertised cubs alongside other wildlife. The cubs were also used to make wine.

...

ELI reported that pangolin meat sold for about $120 per kilogram ($54.50 per pound) — and the customer could keep the scales, which are prized in traditional medicine as a purported treatment for numerous illnesses.

Tiger bones sold for up to $1,975 per kg ($897 per lb) and  tiger penis went for about $2,633 per kg ($1,197 per lb). The report stated that Chinese embassy officials in Cambodia were major consumers of tiger penis wine, which sold for $1,200 a bottle in 2025.

...

**Report casts shadow on Cambodia’s plan to reintroduce wild tigers**

Cambodia is also in talks with India to bring Bengal tigers for a proposed plan to reintroduce them in the Cardamom Mountains. The last official sighting of a wild tiger in Cambodia was in 2007, and they were declared “functionally extinct” there a decade ago. Banks said she’s worried how those tigers, if they were brought into the country, would fare.

“I would urge everyone to take a beat and really review the prospects for success in that endeavor,” Banks said. “The lack of enforcement, the reported corruption and complicity — that is not a good environment to put tigers back into the country. They’ll be at extreme risk, and I think all those involved in seeking the return of tigers into the wild in Cambodia should be holding the government to account to respond and demonstrate effective enforcement.”

...

**China is a top destination for most wildlife products in Cambodia**

Traffickers often smuggle wildlife contraband along circuitous routes. “These products originate in the range states of species such as rhinos. They may then be smuggled through countries with weaker governance or enforcement; moved by air or sea transport companies that may or may not know what they are carrying; passed through additional criminal or commercial nodes; and eventually sold to end users in consumer markets,” said Gray with the Global Initiative against Transnational Organized Crime.

...

China is one of the world’s largest consumers of wildlife products, and Asia is a growing hub of trade.

...

Most tourists coming from China to Cambodia are government officials and state-owned company employees, the current report found.

...

[Web Archived link](https://web.archive.org/web/20260807135052/https://news.mongabay.com/2026/07/report-reveals-cambodias-appetite-for-tigers-rhinos-and-other-endangered-wildlife/)","Illegal wildlife trade primarily catering Chinese nationals thriving Cambodia according new undercover investigation pdf Earth League International U.S.-based NGO fighting environmental crime Investigators identified five kingpins allegedly running transnational criminal networks Cambodia involved wildlife smuggling human drug trafficking operate scam centers defraud targets money ELI also mapped trade networks gathered information species sold buys report found many endangered animals parts including tigers elephants rhinos pangolins openly sold mostly high-ranking government officials Chinese expats wealthy businessmen Chinese tourists report urges China act Chinese scam center owners corrupt officials facilitate illegal activity wildlife trade along reducing demand endangered species within borders yearlong investigation revealed huge demand wildlife products within Cambodia fueled wealthy Chinese Cambodian buyers “It’s trafficking enterprise good example happens don’t anything … grow grow grow end damage substantial,” said Andrea Crosta executive director ELI “The big surprise incredible quantity wildlife hands people.” “I think it’s excellent piece work,” said Debbie Banks serves tiger wildlife crime campaign lead U.K.-based Environmental Investigation Agency EIA also investigates wildlife crimes Southeast Asia Banks involved operation EIA previously uncovered illegal commerce tiger parts Laos Vietnam operations also targeted Chinese nationals Investigators say identified five cartel kingpins operating Cambodia allegedly run transnational criminal networks smuggle wildlife across world ELI reported Chinese descent well connected within Cambodia Two believed biggest wildlife traders lower Mekong region public report leaves nameless another version handed U.S authorities identified involved “Wildlife trafficking Southeast Asia hands Chinese nationals 90%,” Crosta said added strong business ties region investments real estate mix legal illegal businesses include restaurants clubs well scam centers “very prolific” wildlife traffickers Crosta said One individual said raised lions tigers primates properties — allegedly trafficked primates birds bear parts according investigation Another said smuggled wildlife products narcotics West Yet another said role logistics claiming could help traffic anything close connections Cambodian customs officials well country’s political military business elites Meanwhile kingpins reportedly said could supply species customers wanted tigers elephants rhinos pangolins sea turtles coral bears primates birds prey — either alive dead parts said suppliers across globe Africa Europe Russia South Asia report found thriving trade tigers parts Cambodia identified two traffickers major suppliers selling bones full skeletons make tiger wine offering tiger meat exclusive restaurants capital Phnom Penh frequented high-ranking Cambodian government officials wealthy Chinese businessmen However elite dining establishments didn’t serve tiger meat wine investigation found offered pangolin cobra red panda golden pheasant among wildlife dishes pictures animals displayed menu Tiger cubs offered delicacy promotional video holiday menu advertised cubs alongside wildlife cubs also used make wine ELI reported pangolin meat sold 120 per kilogram 54.50 per pound — customer could keep scales prized traditional medicine purported treatment numerous illnesses Tiger bones sold 1,975 per kg 897 per lb tiger penis went 2,633 per kg 1,197 per lb report stated Chinese embassy officials Cambodia major consumers tiger penis wine sold 1,200 bottle 2025 Report casts shadow Cambodia’s plan reintroduce wild tigers Cambodia also talks India bring Bengal tigers proposed plan reintroduce Cardamom Mountains last official sighting wild tiger Cambodia 2007 declared “functionally extinct” decade ago Banks said she’s worried tigers brought country would fare “I would urge everyone take beat really review prospects success endeavor,” Banks said “The lack enforcement reported corruption complicity — good environment put tigers back country They’ll extreme risk think involved seeking return tigers wild Cambodia holding government account respond demonstrate effective enforcement.” China top destination wildlife products Cambodia Traffickers often smuggle wildlife contraband along circuitous routes “These products originate range states species rhinos may smuggled countries weaker governance enforcement moved air sea transport companies may may know carrying passed additional criminal commercial nodes eventually sold end users consumer markets,” said Gray Global Initiative Transnational Organized Crime China one world’s largest consumers wildlife products Asia growing hub trade tourists coming China Cambodia government officials state-owned company employees current report found Web Archived link"
"Remix of @weimaraner_of_doom@piefed.social ’s remix of https://lemmy.dbzer0.com/post/73999783 by @gigastasio@sh.itjust.works

Following https://www.reddit.com/r/DeepFriedLinuxMemes/comments/92gry1/deep_frying_with_gimp/

> I may put this in the wiki if the subreddit gets bigger, but here are some ways I've found to make ""decent"" deep fried memes in GIMP:
>
> 1. `Filters > Noise > CIE Ich Noise` adds a good grain to the image
>
> 2. `Filters > Enhance > Sharpen` adds the lines around objects
>
> 3. `Colors > Color Temperature` allows you to add the deep fried ""oil"" to the image, though not nearly as easily or as well as Photoshop could probably do
>
> 4. A lot of good emoji can be found at [this github repo](https://github.com/mannynotfound/deep-fryer), however, you will still need to search for a few more common ones (I don't remember which ones off the top of my head)
>
> 5. `Scale` and `Cage` transform can lead to some good magnification if your meme requires it
>
> 6. For the red eyes, the best option I have found is `Filters > Light and Shadow > Supernova` and making various tweaks.
>
>If anyone else has tips that I have forgotten, please share! The better the memes, the more we can laugh.

I skipped 4 and 5",Remix social ’s remix itjust.works Following may put wiki subreddit gets bigger ways found make decent deep fried memes GIMP 1 Filters Noise CIE Ich Noise adds good grain image 2 Filters Enhance Sharpen adds lines around objects 3 Colors Color Temperature allows add deep fried oil image though nearly easily well Photoshop could probably 4 lot good emoji found github repo however still need search common ones remember ones top head 5 Scale Cage transform lead good magnification meme requires 6 red eyes best option found Filters Light Shadow Supernova making various tweaks anyone else tips forgotten please share better memes laugh skipped 4 5
"I finished [Dungeon Crawler Carl](https://www.librarything.com/work/25135122/) by Matt Dinniman last week. It's the first book of Dungeon Crawler Carl series.

I mentioned the week before that the litRPG doesn't have high stakes, since you know nothing is going to happen to your character and it's just going to get stronger and stronger, but I failed to realise that this happens when you don't care about any side characters. Which is not to say that something happens (or doesn't happen) to side characters, but that the side characters are well written that you care about them.

Started [The Novice](https://www.librarything.com/work/9895864/t/The-Novice) by Trudi Canavan. The second book in The Black Magician trilogy. 

The first book was completely focused on one place and one task, this book expands the world, and different characters are doing completely different things so it's interesting to see how things will develop. I am still in the start though, and while the book feels as quick to read as the first one, it has quite a bit of bullying in it (at least in the start, where I am), and I am not a fan of reading that, so the progress is going pretty slow. Going to stick with it though, cause it feels like the kind of book where our protagonist is going to become super powerful, with somewhat ""good"" ending. 

---

What about all of you? What have you all been reading or listening to lately?

---

Check [Official Bingo Challenge Post](https://lemmy.world/post/46300888) and the accompanying [Recommendations Post](https://lemmy.world/post/46300898) for our Bingo for 2026!",finished Dungeon Crawler Carl Matt Dinniman last week first book Dungeon Crawler Carl series mentioned week litRPG high stakes since know nothing going happen character going get stronger stronger failed realise happens care side characters say something happens happen side characters side characters well written care Started Novice Trudi Canavan second book Black Magician trilogy first book completely focused one place one task book expands world different characters completely different things interesting see things develop still start though book feels quick read first one quite bit bullying least start fan reading progress going pretty slow Going stick though cause feels like kind book protagonist going become super powerful somewhat good ending reading listening lately Check Official Bingo Challenge Post accompanying Recommendations Post Bingo 2026
"![](https://ikona.telesurenglish.net/content/uploads/2026/08/Lake-Ontario-1024x578.jpg.webp)

U.S. president denies targeting French-speaking people while lashing out at PM Carney.
--------------------------------------------------------------------------------------

On Tuesday, U.S. President Donald Trump lashed out at Canadian Prime Minister Mark Carney while attempting to deny his attacks on Canada’s French-speaking population.

***RELATED:***

***[Trump Announces 50% Tariff on Canadian Vehicles and Steel Starting in 2027](https://www.telesurenglish.net/trump-announces-50-tariff-on-canadian-vehicles-and-steel-starting-in-2027/)***

“I would never interfere with Canadians speaking French! In fact, I have never even thought of doing such a stupid thing. This lie was made up by a weak and ineffective Prime Minister in an attempt to gain political support, which he has totally lost, from the people of Quebec. I love French Canadians!” he said.

Previously, however, the Republican leader further inflamed the controversy by suggesting that he plans to use the name “Lake America” to refer to Lake Ontario, which borders his country and Canada.

“The United States is giving serious consideration to changing the name of Lake Ontario to Lake America in that we don’t expect to doing much business with Ontario any longer,” he posted on Truth Social.

> Trump is such a f\*cking clown that he thinks threatening to rename a body of water from Lake Ontario to Lake America gives him leverage in this new trade war he started against Canada when Canada actually has the power to shut off US electricity and make US cities go dark. [pic.twitter.com/0DSx6CjYQy](https://t.co/0DSx6CjYQy)
>
> — Power to the People ☭![🕊](https://s.w.org/images/core/emoji/16.0.1/72x72/1f54a.png) (@ProudSocialist) [August 25, 2026](https://x.com/ProudSocialist/status/2092230550853419393)

Over the weekend, Trump, who has repeatedly referred to Canada as the “51st state” of the U.S., imposed 50% tariffs on about $20 billion worth of Canadian products.

The Canadian prime minister called the conditions added by Washington in the “last hours” “unacceptable” and promised that his country would respond “dollar for dollar” with tariffs that would take effect Sept. 8.

Carney pointed out that the terms proposed by Washington threatened Canadian sovereignty, would have limited its ability to negotiate agreements with other countries and harmed strategic sectors such as the automotive industry.

Among the Trump administration’s demands, according to media reports, was exempting U.S. platforms such as Netflix and Amazon Prime Video from rules requiring them to promote the visibility of Canadian content, including productions in French. Canada considered that demand a “red line” because it would have given Washington influence over its cultural and digital policy.

On Monday, Trump intensified his trade war by threatening to raise tariffs to 50% on all automobiles, trucks, auto parts and steel coming from Canada starting Jan. 1, 2027.

***teleSUR/ JF***

***Sources: X – EFE***

---

**From [teleSUR English](https://www.telesurenglish.net/feed/) via [This RSS Feed](https://www.telesurenglish.net/feed/).**","U.S president denies targeting French-speaking people lashing PM Carney Tuesday U.S President Donald Trump lashed Canadian Prime Minister Mark Carney attempting deny attacks Canada’s French-speaking population RELATED Trump Announces 50 Tariff Canadian Vehicles Steel Starting 2027 “I would never interfere Canadians speaking French fact never even thought stupid thing lie made weak ineffective Prime Minister attempt gain political support totally lost people Quebec love French Canadians!” said Previously however Republican leader inflamed controversy suggesting plans use name “Lake America” refer Lake Ontario borders country Canada “The United States giving serious consideration changing name Lake Ontario Lake America don’t expect much business Ontario longer,” posted Truth Social Trump f\*cking clown thinks threatening rename body water Lake Ontario Lake America gives leverage new trade war started Canada Canada actually power shut US electricity make US cities go dark pic.twitter.com/0DSx6CjYQy — Power People ☭![🕊 August 25 2026 weekend Trump repeatedly referred Canada “51st state” U.S imposed 50 tariffs 20 billion worth Canadian products Canadian prime minister called conditions added Washington “last hours” “unacceptable” promised country would respond “dollar dollar” tariffs would take effect Sept 8 Carney pointed terms proposed Washington threatened Canadian sovereignty would limited ability negotiate agreements countries harmed strategic sectors automotive industry Among Trump administration’s demands according media reports exempting U.S platforms Netflix Amazon Prime Video rules requiring promote visibility Canadian content including productions French Canada considered demand “red line” would given Washington influence cultural digital policy Monday Trump intensified trade war threatening raise tariffs 50 automobiles trucks auto parts steel coming Canada starting Jan 1 2027 teleSUR JF Sources X – EFE teleSUR English via RSS Feed"
"cross-posted from:  https://lemmy.sdf.org/post/58092995

> [Archived](https://web.archive.org/web/20260825125723/https://www.prospectmagazine.co.uk/views/people/74487/a-lawyers-lonely-fight-for-democracy-inside-hong-kong)
> 
> Held in a Hong Kong prison without trial for the past five years, Chow Hang-tung has had few ways to communicate with the outside world. So when her partner, the Chinese dissident Ye Du, proposed to her by writing a letter, she was forced to respond in kind. **“We really need to speed up the process of ending this dictatorship, otherwise when will we ever see each other again?”** she wrote.
> 
> In 2021, Chow was charged with “inciting subversion” under a Beijing-imposed national security law, which also makes the promotion of Hong Kong’s secession from China a crime. On 21st August this year, she was convicted. She now faces up to ten years in prison. 
> 
> [...]
> 
> Chow’s verdict comes amid an accelerating crackdown in Hong Kong, as authorities recently expanded the reach of the national security law, giving the region’s chief executive expanded powers to reclassify any criminal case as a matter of national security. While most of the democracy movement within Hong Kong has been dismantled or driven underground, Chow has remained a rare voice of open defiance. 
> 
> When she was a child, her mother would take her to vigils in Hong Kong’s Victoria Park marking the 1989 Tiananmen Square massacre. Later in life, organising this annual vigil would land her and two fellow activists in detention. 
> 
> [...]
> 
> In 2007, Chow received a postgraduate scholarship to study geophysics at Cambridge university, specialising in seismology. When an earthquake hit the Chinese region of Sichuan in 2008, she was frustrated by what she saw as the government’s role in worsening the impact of the natural disaster. It was then that Chow turned her attention to human rights, retraining and qualifying as a barrister in the mid-2010s. 
> 
> Back in Hong Kong, she advocated for labourers in mainland China and built connections with Chinese dissidents. 
> 
> [...]
> 
> She was sometimes criticised by fellow activists in the Hong Kong democracy movement for focusing on the rights of mainland dissidents over issues closer to home. But according to her friend, the activist Patrick Poon, Chow was “prophetic” in seeing **how the experience of dissidents in China foreshadowed what was to happen in Hong Kong**. While many of the movement’s leaders had fled abroad, he says Chow was determined to remain inside the region. 
> 
> “What she saw and heard in mainland China made her realise more deeply that whether a society has freedom, rule of law and civil rights is not an abstract political concept, but directly affects the lives of every ordinary person,” her fiancé Ye Du tells me. He is barred from leaving China and has been placed under strict surveillance. The couple have not been able to communicate with each other since February last year.
> 
> One early morning in June 2021, police smashed down the door to her barrister’s chambers and arrested Chow. Despite the significant constraints of her detention, including limited access to legal resources, she chose to represent herself in court, sometimes using court submissions to turn the table on the legal system itself.
> 
> [...]
> 
> Chow, 41, sees few reasons to feel optimistic about the future of Hong Kong right now, she refuses to give up hope.
> 
> “No one can predict the future, but we should not lose our confidence in the people, who are where hope lies”, she says. “We should not underestimate the people’s resilience.”
> 
> [...]","cross-posted Archived Held Hong Kong prison without trial past five years Chow Hang-tung ways communicate outside world partner Chinese dissident Ye Du proposed writing letter forced respond kind “We really need speed process ending dictatorship otherwise ever see again?” wrote 2021 Chow charged “inciting subversion” Beijing-imposed national security law also makes promotion Hong Kong’s secession China crime 21st August year convicted faces ten years prison Chow’s verdict comes amid accelerating crackdown Hong Kong authorities recently expanded reach national security law giving region’s chief executive expanded powers reclassify criminal case matter national security democracy movement within Hong Kong dismantled driven underground Chow remained rare voice open defiance child mother would take vigils Hong Kong’s Victoria Park marking 1989 Tiananmen Square massacre Later life organising annual vigil would land two fellow activists detention 2007 Chow received postgraduate scholarship study geophysics Cambridge university specialising seismology earthquake hit Chinese region Sichuan 2008 frustrated saw government’s role worsening impact natural disaster Chow turned attention human rights retraining qualifying barrister mid-2010s Back Hong Kong advocated labourers mainland China built connections Chinese dissidents sometimes criticised fellow activists Hong Kong democracy movement focusing rights mainland dissidents issues closer home according friend activist Patrick Poon Chow “prophetic” seeing experience dissidents China foreshadowed happen Hong Kong many movement’s leaders fled abroad says Chow determined remain inside region “What saw heard mainland China made realise deeply whether society freedom rule law civil rights abstract political concept directly affects lives every ordinary person,” fiancé Ye Du tells barred leaving China placed strict surveillance couple able communicate since February last year One early morning June 2021 police smashed door barrister’s chambers arrested Chow Despite significant constraints detention including limited access legal resources chose represent court sometimes using court submissions turn table legal system Chow 41 sees reasons feel optimistic future Hong Kong right refuses give hope “No one predict future lose confidence people hope lies” says “We underestimate people’s resilience.”"
"Completed (pending moderation at time of posting): https://pcpartpicker.com/b/hXFgXL 

Parts list: https://pcpartpicker.com/user/yakko_at_feddit.uk/saved/#view=dcMhmG 

Built this to keep me doing anything I want until computing gets cheap again, riding out the AI bubble and all. Wanted to build something for decades, always ended up compromising with prebuilts. No more!

![](https://feddit.uk/pictrs/image/ffa3591b-21ac-4596-b3b6-6cab8fd45149.webp)

Runs on Linux Mint (basic b to my core), does everything I ask. Renders video 10x as fast as you can watch it, plays anything.

The mobo is actually a Sapphire B850M Wifi but that wasn't in the list. Sorry!

Getting everything to fit was a nightmare. I had to use a low-profile fan for part of the AIO's length due to a piece of the motherboard's radiators extending into that area:

![](https://feddit.uk/pictrs/image/7d62a4e2-beb4-4de6-8bda-6732c26893f7.webp)

I also had to get an extender to make the GPU fit vertically, since it's the size of a freaking cereal box. But I've got the GPU sipping directly on ambient air, and I've configured the rear fan as an intake so the motherboard gets plenty of cool air too. Everything vents out the top. So far not much dust inside, I think I've got the positive air pressure neatly dialed in.

The LCD cap is running my own handmade graphic. Pretty happy with that, vid: https://feddit.uk/pictrs/image/cce310aa-58f0-4867-b444-14d225a627bb.mp4

![](https://feddit.uk/pictrs/image/f2ae81a6-3a74-4fa7-9432-b243d2c4bc7d.webp)

I also built a custom phone cradle for the USB retro phone I make work calls with. The stone is lapis lazuli. 

Named this one Twinkling Titanite for the colours. All of my computers are nicknamed some variation of Titanite, this might be the end of that trend. Nowhere to go from here unless I build a data centre (Demon Titanite lmao).",Completed pending moderation time posting Parts list Built keep anything want computing gets cheap riding AI bubble Wanted build something decades always ended compromising prebuilts Runs Linux Mint basic b core everything ask Renders video 10x fast watch plays anything mobo actually Sapphire B850M Wifi list Sorry Getting everything fit nightmare use low-profile fan part AIO's length due piece motherboard's radiators extending area also get extender make GPU fit vertically since size freaking cereal box got GPU sipping directly ambient air configured rear fan intake motherboard gets plenty cool air Everything vents top far much dust inside think got positive air pressure neatly dialed LCD cap running handmade graphic Pretty happy vid also built custom phone cradle USB retro phone make work calls stone lapis lazuli Named one Twinkling Titanite colours computers nicknamed variation Titanite might end trend Nowhere go unless build data centre Demon Titanite lmao
"cross-posted from:  https://scribe.disroot.org/post/10929354

> Canadian Prime Minister Mark Carney’s call with German Chancellor Friedrich Merz on Monday came as he confirmed Canada will launch what he called intense discussions with the European Union this fall, the clearest sign yet of a diversification push that has accelerated since trade talks with Washington collapsed.
> 
> ...
> 
> Carney and Merz discussed negotiations toward a Canada-Germany Strategic Partnership Agreement, launched last month, along with more than six critical minerals partnerships the two countries have signed over the past year. Canada and Germany also launched a Sovereign Technology Alliance in February aimed at reducing both countries’ dependence on outside suppliers for AI compute infrastructure, followed by declarations covering battery manufacturing, semiconductors and auto supply chains.
> 
> ...
> 
> Carney first began building toward the EU relationship in June 2025, unveiling a new strategic partnership in Brussels alongside European Council President António Costa and European Commission President Ursula von der Leyen. That meeting also secured Canada a role in the EU’s Security Action for Europe program, part of the bloc’s ReArm Europe push, and led to a separate Security and Defence Partnership. 
> 
> Germany’s relationship with Canada has run ahead of that timeline, giving Ottawa a working model for what deeper EU ties could look like.
> 
> ...
> 
> [Archived](https://web.archive.org/web/20260825100728/https://thedeepdive.ca/critical-minerals-and-tech-canadas-next-move-after-the-us-walkout/)",cross-posted Canadian Prime Minister Mark Carney’s call German Chancellor Friedrich Merz Monday came confirmed Canada launch called intense discussions European Union fall clearest sign yet diversification push accelerated since trade talks Washington collapsed Carney Merz discussed negotiations toward Canada-Germany Strategic Partnership Agreement launched last month along six critical minerals partnerships two countries signed past year Canada Germany also launched Sovereign Technology Alliance February aimed reducing countries’ dependence outside suppliers AI compute infrastructure followed declarations covering battery manufacturing semiconductors auto supply chains Carney first began building toward EU relationship June 2025 unveiling new strategic partnership Brussels alongside European Council President António Costa European Commission President Ursula von der Leyen meeting also secured Canada role EU’s Security Action Europe program part bloc’s ReArm Europe push led separate Security Defence Partnership Germany’s relationship Canada run ahead timeline giving Ottawa working model deeper EU ties could look like Archived
"cross-posted from:  https://scribe.disroot.org/post/10929465

> Finland has warned that Russia is intensifying its hybrid war against Europe amid a series of fires and explosions at European defense facilities. 
> 
> Prime Minister Petteri Orpo told Finnish newspaper Iltalehti that Finnish intelligence indicates Russian-orchestrated sabotage attacks are now more likely than before. 
> 
> He said: “I am more pessimistic. Of course, it is based on all the information I have received, and I also follow what is happening in neighboring countries, in Europe. Russia is acting aggressively. 
> 
> “I think we need to be prepared and vigilant, because Russia is clearly trying to escalate the situation.” 
> 
> ...
> 
> Orpo’s remarks follow a series of incidents across Europe.
> 
> ...
> 
> Orpo warned that Russia’s hybrid warfare aims to weaken countries supporting Ukraine by undermining military aid. 
> 
> “I can tell you that it will not work. It will work the opposite,” Orpo said.
> 
> “We must continue to offer Ukraine our strongest possible support for as long as necessary. I cannot stress this enough. 
> 
> “More money for defense, more weapons and munitions produced in Europe, a stronger defense industry and critical infrastructure,” he added. “But that is not enough, we need to do more.” 
> 
> ...
> 
> [Archived](https://web.archive.org/web/20260825110834/https://tvpworld.com/95019456/finland-pm-orpo-warns-russia-is-escalating-hybrid-war-in-europe)","cross-posted Finland warned Russia intensifying hybrid war Europe amid series fires explosions European defense facilities Prime Minister Petteri Orpo told Finnish newspaper Iltalehti Finnish intelligence indicates Russian-orchestrated sabotage attacks likely said “I pessimistic course based information received also follow happening neighboring countries Europe Russia acting aggressively “I think need prepared vigilant Russia clearly trying escalate situation.” Orpo’s remarks follow series incidents across Europe Orpo warned Russia’s hybrid warfare aims weaken countries supporting Ukraine undermining military aid “I tell work work opposite,” Orpo said “We must continue offer Ukraine strongest possible support long necessary cannot stress enough “More money defense weapons munitions produced Europe stronger defense industry critical infrastructure,” added “But enough need more.” Archived"
"![](https://ikona.telesurenglish.net/content/uploads/2026/08/Wildfire-1024x576.jpg.webp)

Since Saturday this wildfire has burned more than 60.7 square km in Nevada.
---------------------------------------------------------------------------

On Monday, authorities said that dozens of homes had been destroyed or damaged and at least seven people injured as a fast-growing wildfire spread rapidly toward Reno, a city in northwestern Nevada near the Nevada-California border.

***RELATED:***

***[Nevada Launches Legal Challenge To New Colorado River Plan](https://www.telesurenglish.net/nevada-launches-legal-challenge-to-new-colorado-river-plan/)***

The Hawk Fire, which broke out Saturday, had burned more than 15,000 acres (about 60.7 square km) and was 27 percent contained.

Truckee Meadows Fire Protection District Chief Richard Edwards said at a news conference Monday afternoon that the blaze had destroyed at least 32 homes and damaged six others. Four civilians and three firefighters were injured in the fire.

About 90,000 residents were in areas affected by evacuation warnings and orders, according to InciWeb, a U.S. interagency all-hazard incident information management system.

> The Hawk Fire, a fast-moving wildfire burning through neighborhoods northwest of Reno, Nevada, has forced 42,000 residents to evacuate, injured six people, and destroyed multiple structures. Officials said the fire was human-caused. <https://t.co/SRrLJXutIP> [pic.twitter.com/UTCRGK0pNC](https://t.co/UTCRGK0pNC)
>
> — AccuWeather (@accuweather) [August 24, 2026](https://x.com/accuweather/status/2091926103774704099)

The Reno Police Department said that evacuation conditions had improved in some nearby communities, with evacuation orders downgraded from “Evacuate Now” to “Get Set to Evacuate.”

Officials cautioned that while the change was encouraging, the situation remained dynamic and conditions could change rapidly. Residents in affected areas were urged to stay alert, monitor official updates and be prepared to evacuate if necessary.

Nevada Governor Joe Lombardo declared a state of emergency for Washoe County on Saturday night. Reno is the county seat and the most populous city in Washoe County.

***teleSUR/ JF***

***Source: Xinhua***

---

**From [teleSUR English](https://www.telesurenglish.net/feed/) via [This RSS Feed](https://www.telesurenglish.net/feed/).**","Since Saturday wildfire burned 60.7 square km Nevada Monday authorities said dozens homes destroyed damaged least seven people injured fast-growing wildfire spread rapidly toward Reno city northwestern Nevada near Nevada-California border RELATED Nevada Launches Legal Challenge New Colorado River Plan Hawk Fire broke Saturday burned 15,000 acres 60.7 square km 27 percent contained Truckee Meadows Fire Protection District Chief Richard Edwards said news conference Monday afternoon blaze destroyed least 32 homes damaged six others Four civilians three firefighters injured fire 90,000 residents areas affected evacuation warnings orders according InciWeb U.S interagency all-hazard incident information management system Hawk Fire fast-moving wildfire burning neighborhoods northwest Reno Nevada forced 42,000 residents evacuate injured six people destroyed multiple structures Officials said fire human-caused pic.twitter.com/UTCRGK0pNC — AccuWeather August 24 2026 Reno Police Department said evacuation conditions improved nearby communities evacuation orders downgraded “Evacuate Now” “Get Set Evacuate.” Officials cautioned change encouraging situation remained dynamic conditions could change rapidly Residents affected areas urged stay alert monitor official updates prepared evacuate necessary Nevada Governor Joe Lombardo declared state emergency Washoe County Saturday night Reno county seat populous city Washoe County teleSUR JF Source Xinhua teleSUR English via RSS Feed"
"> At least 40 people have been killed, some execution-style, after gangs attacked displaced people sheltering in a church near Haiti's capital Port-au-Prince at the weekend, local authorities said. 

> Many others were injured and some remain missing after the attack, which comes as gangs control much of the capital.
>
>In a statement following the attack, the office of Prime Minister Alix Didier Fils-Aime expressed ""deep compassion"" for the bereaved families and other victims. The government said reinforcements would be sent to restore security in the area.
>
>The attack took place on Sunday night in Kenscoff, a mountainous town in the hills southeast of Port-au-Prince that has faced months of gang violence and incursions by armed groups seeking to expand their control.
>
>The town endured ""a night of terror,"" Mayor Massillon Jean said.
>
>""We have counted around 40 bodies. Searches are continuing. Some people are still missing,"" Jean told French news agency AFP on Monday.
>
>Among the places targeted was a site housing people who had already fled violence elsewhere.
>
>""The bandits raided a displaced persons camp located in a church,"" Jean said. ""They executed several people. There are fatalities and dozens of wounded. Some people were abducted by the criminals.""
>
>Residents were still in shock as they tried to grasp what had happened.
>
>""I don't know how I managed to get away,"" a man in his sixties who escaped with his family told the press. ""When I heard the gunfire, I thought it was the police, but it was the bandits. We climbed over a wall, then ran to hide under some sheets of corrugated iron. There were so many dead.""

...",least 40 people killed execution-style gangs attacked displaced people sheltering church near Haiti's capital Port-au-Prince weekend local authorities said Many others injured remain missing attack comes gangs control much capital statement following attack office Prime Minister Alix Didier Fils-Aime expressed deep compassion bereaved families victims government said reinforcements would sent restore security area attack took place Sunday night Kenscoff mountainous town hills southeast Port-au-Prince faced months gang violence incursions armed groups seeking expand control town endured night terror Mayor Massillon Jean said counted around 40 bodies Searches continuing people still missing Jean told French news agency AFP Monday Among places targeted site housing people already fled violence elsewhere bandits raided displaced persons camp located church Jean said executed several people fatalities dozens wounded people abducted criminals Residents still shock tried grasp happened know managed get away man sixties escaped family told press heard gunfire thought police bandits climbed wall ran hide sheets corrugated iron many dead
"[Original Reddit post](https://www.reddit.com/r/ClaudeCode/comments/1vxyzdj/i_built_a_letterboxd_like_website_for_football/)

I've been building foxintheboxd, a diary for the football you watch, similar to letterboxd
You can log a match, rate it out of five, write it up, argue about it.
https://foxintheboxd.fly.dev/
Things I added:
27,027 real matches from April 1996 to May 2027 imported from public archives that include Premier League, LaLiga, Serie A, Bundesliga, Süper Lig, and the three European competitions.
A diary in which you can give half-star ratings, reviews, spoiler tags and rewatch flags
Lists, a fixture list for things you mean to watch, and five favourite matches pinned to your profile.
I’ve also added a prediction league. You can guess the scores of upcoming games and win points depending on the accuracy of your guess. No real money involved anywhere so no betting.
I launched it just today so there isn’t really much comments and reviews right now, so if you are interested in football, I’d be really happy if you check it out for yourself for a while.
I’d be very happy to hear what's broken or missing, since this is my first “vibecoding” experience. I am aware that some words or phrases might sound too ai generated, I didn’t really have the time to change them one by one I will first fix those.
submitted by
/u/byebyehappyness

Originally posted by u/byebyehappyness on r/ClaudeCode","Original Reddit post building foxintheboxd diary football watch similar letterboxd log match rate five write argue Things added 27,027 real matches April 1996 May 2027 imported public archives include Premier League LaLiga Serie Bundesliga Süper Lig three European competitions diary give half-star ratings reviews spoiler tags rewatch flags Lists fixture list things mean watch five favourite matches pinned profile I’ve also added prediction league guess scores upcoming games win points depending accuracy guess real money involved anywhere betting launched today isn’t really much comments reviews right interested football I’d really happy check I’d happy hear what's broken missing since first “vibecoding” experience aware words phrases might sound ai generated didn’t really time change one one first fix submitted u/byebyehappyness Originally posted u/byebyehappyness r/ClaudeCode"
"[Original Reddit post](https://www.reddit.com/r/ClaudeCode/comments/1vxyudp/the_model_nerfing_theory_might_just_be_you/)

I was working with Claude Pro $20 model for like 6 months and creating some of my own apps. I would actually wait for the limits, micromanage every session, kind of put as much as possible in the prompts and the documentation. And it was going well.
I took the leap and I actually bought the max subscription. Wow, such a relief not having to worry about every prompt. And the limits are so high. But slowly, I have become more lazy, my results are not what I used to have. I sometimes keep replying to the same session when I should be starting a new one.
Sometimes I just type there instead of using the Plan mode. Sometimes I forget to organize its work and tell it to document everything that it did. And it starts lacking. The agent is not you. You must manage it. You must create standard operating procedures around it that are tight.
It is like having a super skilled employee. If you do not provide it with the best instructions and workplace and information, it will eventually drift and choose the easiest way.
And I know things change regarding limits and tokens and stuff like that. But I do not think they ""nerf"" intelligence, unless you can provide clear benchmarks of the same tasks coming from opus 5 on release and opus 5 now or something tangible rather than anecdotal evidence, I am starting to create this theory in my mind that the more advanced the model, the ""dumber"" you become.
submitted by
/u/SystematicArt

Originally posted by u/SystematicArt on r/ClaudeCode",Original Reddit post working Claude Pro 20 model like 6 months creating apps would actually wait limits micromanage every session kind put much possible prompts documentation going well took leap actually bought max subscription Wow relief worry every prompt limits high slowly become lazy results used sometimes keep replying session starting new one Sometimes type instead using Plan mode Sometimes forget organize work tell document everything starts lacking agent must manage must create standard operating procedures around tight like super skilled employee provide best instructions workplace information eventually drift choose easiest way know things change regarding limits tokens stuff like think nerf intelligence unless provide clear benchmarks tasks coming opus 5 release opus 5 something tangible rather anecdotal evidence starting create theory mind advanced model dumber become submitted u/SystematicArt Originally posted u/SystematicArt r/ClaudeCode
"I was gifted this ~2010 Toshiba Portégé. Surprisingly small and thin for its age. I was hoping to revive it, but it has only 1GB of memory ootb.  

Apparently it can be upgraded up to 5GB with one spare slot that currently sits empty.  

I found 2 physically compatible identical 2GB modules but no matter which one I plug in, when I start the computer it just starts the fan on highest setting and nothing else happens.  

Before I go into any more detail, I [found this info](https://www.memorystock.com/memory/ToshibaPortegeR600.html) online:  

>The Toshiba Portege R600 Laptop takes the PC2-6400 DDR2-800 200pin SDRAM SODIMM memory type  

My sticks look like this:  

![](https://media.piefed.zip/posts/3h/cS/3hcSD5DFyKqYUGP.jpg)  

**Are they compatible to PC2-6400 DDR2-800 200pin SDRAM SODIMM?** I honestly can't tell.  

---  

I read the manual which says the modules need to be ""Toshiba approved"" but it does not say which/what Toshiba approves.  

Plus this, which I did follow (note the negative):  

>Do **not** try to install or remove a memory module under the following conditions.  
>  
>a. The computer is turned on.  
>b. The computer was shut down in either Sleep or Hibernation Mode.  
>c. Wake-up on LAN is enabled.  
>d. Wake-up on Wireless LAN is enabled.  
>e. The wireless communication switch is turned on.  

And this does not happen:  

>If you install a memory module that is not compatible with the computer, the Power indicator will flash (on for 0.5 seconds, off for 0.5 seconds) in the following way;  
>■ If there is an error: repeatedly flashes orange twice, then white or green once  

The power indicator **⏻** stays white all the time and does not blink.  

---  

TIA",gifted 2010 Toshiba Portégé Surprisingly small thin age hoping revive 1GB memory ootb Apparently upgraded 5GB one spare slot currently sits empty found 2 physically compatible identical 2GB modules matter one plug start computer starts fan highest setting nothing else happens go detail found info online Toshiba Portege R600 Laptop takes PC2-6400 DDR2-800 200pin SDRAM SODIMM memory type sticks look like compatible PC2-6400 DDR2-800 200pin SDRAM SODIMM honestly can't tell read manual says modules need Toshiba approved say which/what Toshiba approves Plus follow note negative try install remove memory module following conditions computer turned b computer shut either Sleep Hibernation Mode c Wake-up LAN enabled Wake-up Wireless LAN enabled e wireless communication switch turned happen install memory module compatible computer Power indicator flash 0.5 seconds 0.5 seconds following way ■ error repeatedly flashes orange twice white green power indicator ⏻ stays white time blink TIA
"I was gifted this ~2010 Toshiba Portégé. Surprisingly small and thin for its age. I was hoping to revive it, but it has only 1GB of memory ootb.  

Apparently it can be upgraded up to 5GB with one spare slot that currently sits empty.  

I found 2 physically compatible identical 2GB modules but no matter which one I plug in, when I start the computer it just starts the fan on highest setting and nothing else happens.  

Before I go into any more detail, I [found this info](https://www.memorystock.com/memory/ToshibaPortegeR600.html) online:  

>The Toshiba Portege R600 Laptop takes the PC2-6400 DDR2-800 200pin SDRAM SODIMM memory type  

My sticks look like this:  

![](https://lemmy.ml/api/v3/image_proxy?url=https%3A%2F%2Fmedia.piefed.zip%2Fposts%2F3h%2FcS%2F3hcSD5DFyKqYUGP.jpg)  

**Are they compatible to PC2-6400 DDR2-800 200pin SDRAM SODIMM?** I honestly can't tell.  

---  

I read the manual which says the modules need to be ""Toshiba approved"" but it does not say which/what Toshiba approves.  

Plus this, which I did follow (note the negative):  

>Do **not** try to install or remove a memory module under the following conditions.  
>  
>a. The computer is turned on.  
>b. The computer was shut down in either Sleep or Hibernation Mode.  
>c. Wake-up on LAN is enabled.  
>d. Wake-up on Wireless LAN is enabled.  
>e. The wireless communication switch is turned on.  

And this does not happen:  

>If you install a memory module that is not compatible with the computer, the Power indicator will flash (on for 0.5 seconds, off for 0.5 seconds) in the following way;  
>■ If there is an error: repeatedly flashes orange twice, then white or green once  

The power indicator **⏻** stays white all the time and does not blink.  

---  

TIA",gifted 2010 Toshiba Portégé Surprisingly small thin age hoping revive 1GB memory ootb Apparently upgraded 5GB one spare slot currently sits empty found 2 physically compatible identical 2GB modules matter one plug start computer starts fan highest setting nothing else happens go detail found info online Toshiba Portege R600 Laptop takes PC2-6400 DDR2-800 200pin SDRAM SODIMM memory type sticks look like compatible PC2-6400 DDR2-800 200pin SDRAM SODIMM honestly can't tell read manual says modules need Toshiba approved say which/what Toshiba approves Plus follow note negative try install remove memory module following conditions computer turned b computer shut either Sleep Hibernation Mode c Wake-up LAN enabled Wake-up Wireless LAN enabled e wireless communication switch turned happen install memory module compatible computer Power indicator flash 0.5 seconds 0.5 seconds following way ■ error repeatedly flashes orange twice white green power indicator ⏻ stays white time blink TIA
"*This article by Georgina Saldierna and Enrique Méndez originally appeared in the [August 24, 2026 edition of La Jornada](https://www.jornada.com.mx/noticia/2026/08/24/politica/posible-regreso-de-enrique-inzunza-al-senado-divide-a-bancada-de-morena), Mexico’s leading left-wing daily newspaper.*

**Mexico City**. Morena legislators are divided over the case of Sinaloa senator Enrique Inzunza and whether or not he should show up for the ordinary session period that begins this coming September 1.

For the spokesman of the party’s federal deputies, Arturo Ávila, it would be “a mistake and an imprudence” for the legislator to appear at the Senate. If there are investigation files, “what I would do is, without a doubt, request leave and submit to the scrutiny of justice without any legal or legislative advantage,” he said.

Morena senator Gerardo Fernández Noroña said he believes in Inzunza’s honorability, but “it is evident that if he shows up, an offensive against the movement will likewise be unleashed, so he will have to make a sacrifice. It seems to me that he has every right to take his seat, but the investigation processes are open, so it is better to help stop this whole barrage.”

Oscar Cantón, also of the party, stressed for his part that it is the Sinaloan’s decision whether or not he returns to the sessions.

He Is Not Obligated, Some Contend
---------------------------------

He estimated that if, upon the conclusion of the investigation being carried out by the Attorney General’s Office, there is evidence establishing criminal conduct, he should be punished. But for now, there is no obligation to request permission to be absent from legislative work.

He underscored that Inzunza is a prestigious jurist who had no complications at the head of the Legislative Studies Committee.

In an interview, he declined to comment on the accusations that US authorities have made against his colleague of being allegedly linked to drug trafficking. “I don’t like to judge anyone. Only God judges,” he noted.

For the Institutional Revolutionary Party (PRI), Manuel Añorve, coordinator of the senators, stated that it is the questioned legislator who must decide whether or not to appear for the ordinary session period. “But if he comes to the Senate, there will be permanent tension with some senators,” he maintained, in reference to those who have recommended he request leave.

The coordinator of the PRI deputies, Rubén Moreira, considered that the Sinaloan should have appeared some time ago and explained to Mexico what has happened, as well as gone to the authorities.

* [![Possible Return of Enrique Inzunza to the Senate Divides Morena Legislators](https://mexicosolidarity.com/wp-content/uploads/2026/08/2026-08-24-inzunza-senate-morena-large-682x1024.jpg)](https://mexicosolidarity.com/inzunza-return-senate-divides-morena/)

  [News Briefs](https://mexicosolidarity.com/category/news-brief/)

  #### [Possible Return of Enrique Inzunza to the Senate Divides Morena Legislators](https://mexicosolidarity.com/inzunza-return-senate-divides-morena/)

  August 25, 2026August 24, 2026

  With the session opening Sept. 1, Morena is split over whether the Sinaloa senator, flagged by US authorities over alleged cartel ties, should take leave or show up.
* [![Sheinbaum Accuses AI and ‘Bots’ of Creating False Trends Against Her Administration](https://mexicosolidarity.com/wp-content/uploads/2026/08/2026-08-24-sheinbaum-ai-bots-large-1024x683.jpg)](https://mexicosolidarity.com/sheinbaum-ai-bots-false-trends/)

  [News Briefs](https://mexicosolidarity.com/category/news-brief/)

  #### [Sheinbaum Accuses AI and ‘Bots’ of Creating False Trends Against Her Administration](https://mexicosolidarity.com/sheinbaum-ai-bots-false-trends/)

  August 24, 2026

  Well-funded conservatives are gaming social platforms against Mexico’s government, Sheinbaum warns, pointing to Latin America’s elections and pushing rules on algorithmic manipulation.
* [![People’s Mañanera August 24](https://mexicosolidarity.com/wp-content/uploads/2026/08/peoples-mananera-august-24-2026-acceso-1024x683.jpg)](https://mexicosolidarity.com/peoples-mananera-august-24-2026/)

  [Mañanera](https://mexicosolidarity.com/category/mananera/)

  #### [People’s Mañanera August 24](https://mexicosolidarity.com/peoples-mananera-august-24-2026/)

  August 24, 2026

  President Sheinbaum’s daily press conference, with comments on higher education, school admissions, the opposition abroad, disinformation, sovereignty, and cattle exports.

The post [Possible Return of Enrique Inzunza to the Senate Divides Morena Legislators](https://mexicosolidarity.com/inzunza-return-senate-divides-morena/) appeared first on [Mexico Solidarity Media](https://mexicosolidarity.com/).

---

**From [Mexico Solidarity Media](https://mexicosolidarity.com/feed/) via [This RSS Feed](https://mexicosolidarity.com/feed/).**","article Georgina Saldierna Enrique Méndez originally appeared August 24 2026 edition La Jornada Mexico’s leading left-wing daily newspaper Mexico City Morena legislators divided case Sinaloa senator Enrique Inzunza whether show ordinary session period begins coming September 1 spokesman party’s federal deputies Arturo Ávila would “a mistake imprudence” legislator appear Senate investigation files “what would without doubt request leave submit scrutiny justice without legal legislative advantage,” said Morena senator Gerardo Fernández Noroña said believes Inzunza’s honorability “it evident shows offensive movement likewise unleashed make sacrifice seems every right take seat investigation processes open better help stop whole barrage.” Oscar Cantón also party stressed part Sinaloan’s decision whether returns sessions Obligated Contend estimated upon conclusion investigation carried Attorney General’s Office evidence establishing criminal conduct punished obligation request permission absent legislative work underscored Inzunza prestigious jurist complications head Legislative Studies Committee interview declined comment accusations US authorities made colleague allegedly linked drug trafficking “I don’t like judge anyone God judges,” noted Institutional Revolutionary Party PRI Manuel Añorve coordinator senators stated questioned legislator must decide whether appear ordinary session period “But comes Senate permanent tension senators,” maintained reference recommended request leave coordinator PRI deputies Rubén Moreira considered Sinaloan appeared time ago explained Mexico happened well gone authorities Possible Return Enrique Inzunza Senate Divides Morena Legislators News Briefs Possible Return Enrique Inzunza Senate Divides Morena Legislators August 25 2026August 24 2026 session opening Sept 1 Morena split whether Sinaloa senator flagged US authorities alleged cartel ties take leave show Sheinbaum Accuses AI ‘Bots’ Creating False Trends Administration News Briefs Sheinbaum Accuses AI ‘Bots’ Creating False Trends Administration August 24 2026 Well-funded conservatives gaming social platforms Mexico’s government Sheinbaum warns pointing Latin America’s elections pushing rules algorithmic manipulation People’s Mañanera August 24 Mañanera People’s Mañanera August 24 August 24 2026 President Sheinbaum’s daily press conference comments higher education school admissions opposition abroad disinformation sovereignty cattle exports post Possible Return Enrique Inzunza Senate Divides Morena Legislators appeared first Mexico Solidarity Media Mexico Solidarity Media via RSS Feed"
"Canadian Prime Minister Mark Carney’s call with German Chancellor Friedrich Merz on Monday came as he confirmed Canada will launch what he called intense discussions with the European Union this fall, the clearest sign yet of a diversification push that has accelerated since trade talks with Washington collapsed.

...

Carney and Merz discussed negotiations toward a Canada-Germany Strategic Partnership Agreement, launched last month, along with more than six critical minerals partnerships the two countries have signed over the past year. Canada and Germany also launched a Sovereign Technology Alliance in February aimed at reducing both countries’ dependence on outside suppliers for AI compute infrastructure, followed by declarations covering battery manufacturing, semiconductors and auto supply chains.

...

Carney first began building toward the EU relationship in June 2025, unveiling a new strategic partnership in Brussels alongside European Council President António Costa and European Commission President Ursula von der Leyen. That meeting also secured Canada a role in the EU’s Security Action for Europe program, part of the bloc’s ReArm Europe push, and led to a separate Security and Defence Partnership. 

Germany’s relationship with Canada has run ahead of that timeline, giving Ottawa a working model for what deeper EU ties could look like.

...

[Archived](https://web.archive.org/web/20260825100728/https://thedeepdive.ca/critical-minerals-and-tech-canadas-next-move-after-the-us-walkout/)",Canadian Prime Minister Mark Carney’s call German Chancellor Friedrich Merz Monday came confirmed Canada launch called intense discussions European Union fall clearest sign yet diversification push accelerated since trade talks Washington collapsed Carney Merz discussed negotiations toward Canada-Germany Strategic Partnership Agreement launched last month along six critical minerals partnerships two countries signed past year Canada Germany also launched Sovereign Technology Alliance February aimed reducing countries’ dependence outside suppliers AI compute infrastructure followed declarations covering battery manufacturing semiconductors auto supply chains Carney first began building toward EU relationship June 2025 unveiling new strategic partnership Brussels alongside European Council President António Costa European Commission President Ursula von der Leyen meeting also secured Canada role EU’s Security Action Europe program part bloc’s ReArm Europe push led separate Security Defence Partnership Germany’s relationship Canada run ahead timeline giving Ottawa working model deeper EU ties could look like Archived
"I bought a Lenovo laptop charger with USB-C connector. There was no mention of USB PD but the label listed voltages (5v, 9v, 12v, 15v, 20v), which encourages us to guess that it may possibly be USB-PD (what else?). But since there is no incentive for Lenovo to disclose whether it’s USB-PD compliant, it chooses to minimise its legal liability and write nothing about USB-PD (as most PSUs do, even aftermarket ones).

Since I bought the PSU from a dodgy street market where people sell dumpster-dive products, I needed to quickly test it. I attached it to a simple USB-C bicycle light which has an LED to indicate charging. It did not charge. So it appeared the Lenovo PSU was dead. I tossed it into a box of e-waste to decide later whether to repair, harvest parts from, or dispose of.

Some manufacturers apparently believe when the USB-PD standard says “5v is the default”, it means 5v should be delivered in the absence of a handshake. Other engineers have interpretted “default” to mean both sides of the negotiation should conform to 5v /if/ the handshake negotiation yields nothing higher -- but that a handshake is strictly required nonetheless. No handshake → no power.

Couple that discrepency of USB-PD interpretation with the fact that manufacturers resist claiming to conform to USB-PD anyway (as the law does not demand it and consumers don’t either), we have a recipe for disaster. I am sure a lot of functional USB-PD devices will be thrown away because of this kind of shit that I encountered. Perhaps the Lenovo PSU I have was already in a dumpster and fished out by whoever sold it to me.

I almost tossed the Lenovo PSU but decided to try powering a 9v device with it, and it worked. I almost didn’t do the experiment because I originally thought if it cannot power a 5v bicycle light it’s probably dead.

Worth mentioning [this thread](https://infosec.pub/post/51096330) which shows how consumers are blindly overrating USB-PD unaware of the pitfalls.",bought Lenovo laptop charger USB-C connector mention USB PD label listed voltages 5v 9v 12v 15v 20v encourages us guess may possibly USB-PD else since incentive Lenovo disclose whether it’s USB-PD compliant chooses minimise legal liability write nothing USB-PD PSUs even aftermarket ones Since bought PSU dodgy street market people sell dumpster-dive products needed quickly test attached simple USB-C bicycle light LED indicate charging charge appeared Lenovo PSU dead tossed box e-waste decide later whether repair harvest parts dispose manufacturers apparently believe USB-PD standard says “5v default” means 5v delivered absence handshake engineers interpretted “default” mean sides negotiation conform 5v handshake negotiation yields nothing higher handshake strictly required nonetheless handshake → power Couple discrepency USB-PD interpretation fact manufacturers resist claiming conform USB-PD anyway law demand consumers don’t either recipe disaster sure lot functional USB-PD devices thrown away kind shit encountered Perhaps Lenovo PSU already dumpster fished whoever sold almost tossed Lenovo PSU decided try powering 9v device worked almost didn’t experiment originally thought cannot power 5v bicycle light it’s probably dead Worth mentioning thread shows consumers blindly overrating USB-PD unaware pitfalls
"![Jabaroot hacker group claims to expose identities of 70,381 Moroccan security and intelligence agents](https://ikona.telesurenglish.net/content/uploads/2026/08/ceu-1-768x512.jpg-1.webp)

#### Jabaroot says it obtained personal data on agents from Morocco’s security and intelligence services, including 21 senior officials.

---

Hacker group Jabaroot claims to have published the identities and personal details of 70,381 agents working for Morocco’s security and intelligence services, including the country’s two main security agencies.

RELATED:

The group announced the disclosure Monday on its Telegram channel, saying the data included the names, dates of birth and identification numbers of the agents, as well as sensitive information on 21 senior officials.

Among those named is Abdellatif Hammouchi, who heads both the General Directorate of National Security (DGSN) and the General Directorate for Territorial Surveillance (DGST).

Jabaroot described the disclosure as its biggest challenge yet to Moroccan authorities and said it was “of major significance for Europe, and Spain in particular.” The group has carried out a series of leaks since April last year, according to the press release.

The group alleged that the agents have operated across Europe on intelligence missions involving espionage, telephone tapping and bribes to politicians and businesspeople.

Jabaroot said the disclosure fulfilled a promise to release information about Morocco’s security services. It also claimed that the migration of Moroccans to Europe, beginning with Spain, was part of an official Moroccan plan.

Jabaroot has previously released other datasets that it says contain information linked to Moroccan institutions. These include the names of 3,400 employees of the royal palaces and two million people affiliated with Morocco’s social security system, according to the press release.

Moroccan authorities have accused the hackers of operating under contract with Algeria, Morocco’s main competitor in the Maghreb, the statement said.

### Claims over Ceuta operation

Jabaroot also claims to possess the names of Moroccan security agents who allegedly organized and coordinated an operation in Ceuta on July 30.

The group said it obtained copies of mission orders for agents who traveled to Castillejos before and during the events.

Jabaroot presented the latest disclosure as its largest challenge yet to Morocco’s security authorities, following a series of leaks targeting government and security-related data since April last year.

---

**From [teleSUR English](https://www.telesurenglish.net/feed/) via [This RSS Feed](https://www.telesurenglish.net/feed/).**","Jabaroot hacker group claims expose identities 70,381 Moroccan security intelligence agents Jabaroot says obtained personal data agents Morocco’s security intelligence services including 21 senior officials Hacker group Jabaroot claims published identities personal details 70,381 agents working Morocco’s security intelligence services including country’s two main security agencies RELATED group announced disclosure Monday Telegram channel saying data included names dates birth identification numbers agents well sensitive information 21 senior officials Among named Abdellatif Hammouchi heads General Directorate National Security DGSN General Directorate Territorial Surveillance DGST Jabaroot described disclosure biggest challenge yet Moroccan authorities said “of major significance Europe Spain particular.” group carried series leaks since April last year according press release group alleged agents operated across Europe intelligence missions involving espionage telephone tapping bribes politicians businesspeople Jabaroot said disclosure fulfilled promise release information Morocco’s security services also claimed migration Moroccans Europe beginning Spain part official Moroccan plan Jabaroot previously released datasets says contain information linked Moroccan institutions include names 3,400 employees royal palaces two million people affiliated Morocco’s social security system according press release Moroccan authorities accused hackers operating contract Algeria Morocco’s main competitor Maghreb statement said Claims Ceuta operation Jabaroot also claims possess names Moroccan security agents allegedly organized coordinated operation Ceuta July 30 group said obtained copies mission orders agents traveled Castillejos events Jabaroot presented latest disclosure largest challenge yet Morocco’s security authorities following series leaks targeting government security-related data since April last year teleSUR English via RSS Feed"
"![](https://ikona.telesurenglish.net/content/uploads/2026/08/Vuelta-a-Espana-1024x578.jpg.webp)

Severe weather near Font Romeu halted the race as riders sought shelter from heavy rain and hail.
-------------------------------------------------------------------------------------------------

On Monday, a powerful rain and hailstorm during the climb to Col de Mont Louis, 16 kilometers from the finish in Font Romeu, forced the cancellation of Stage 3 of the 2026 Vuelta a España.

***RELATED:***

***[Tornado in Southern France Injures 26 People and Damages 100 Homes](https://www.telesurenglish.net/tornado-france-injures-26-100-homes/)***

The stage, which was scheduled to be raced entirely on French territory, began without incident in Gruissan-Aude and was set to finish in Font Romeu, the training sanctuary for elite athletes preparing at high altitude.

The first showdown among the race favorites was expected, and the script appeared to be unfolding with Wenzel and Fortunato leading the race near the summit of Mont Saint Louis, while the peloton, led by Pogacar’s UAE team, was preparing a different kind of storm.

Wenzel began the seemingly endless 19-kilometer climb alone, jersey open and chest exposed, seemingly unfazed by the rain that had begun to fall. Two kilometers from the summit, he was joined by Italy’s Fortunato, and the rainstorm quickly turned into a fierce hailstorm that soon covered the asphalt in white.

Moments of uncertainty followed as the hail intensified. The riders decided to get off their bikes and seek shelter wherever they could, in private homes, sheds or under any roof that could protect them from the pounding hailstones. The road became impassable, and conditions were unbearable.

As Pogacar moved to the front of the peloton and raised a hand to stop the riders, Vuelta organizers announced the decision to cancel the stage. It was a disappointing ending. Nature postponed the first major battle among the favorites, or perhaps another display of dominance by Pogacar, until the Andorra stage.

> A rare and terrifying natural disaster has struck Europe. ![🚨](https://s.w.org/images/core/emoji/16.0.1/72x72/1f6a8.png)![🇫🇷](https://s.w.org/images/core/emoji/16.0.1/72x72/1f1eb-1f1f7.png)![🌪](https://s.w.org/images/core/emoji/16.0.1/72x72/1f32a.png)  
>   
> On Monday, August 24, 2026, a large and violent tornado tore through the small southwestern village of Pomas (near Carcassonne), leaving a trail of severe destruction in its wake. Sweeping through the region with… [pic.twitter.com/C6bxRi0sGV](https://t.co/C6bxRi0sGV)
>
> — SG News (@SGNews123) [August 25, 2026](https://x.com/SGNews123/status/2092195367270203776)

***The Logical Decision Was to Put Safety First***

The cancellation was a disappointment for the town of Font Romeu, which had long looked forward to hosting the event, but local officials supported the Vuelta’s decision to protect the riders’ safety.

“There is nothing to object to. Canceling the stage was the most logical and reasonable decision. The priority is the riders’ safety, and the conditions made it necessary. No one could be put at risk in the third stage with the entire race still ahead,” the mayor of Font Romeu said.

As a result, the overall standings remained unchanged. Tadej Pogacar kept the red jersey with a nine-second lead over Belgium’s Wout van Aert (Visma) and a 10-second advantage over Britain’s Matthew Brennan.

After the storm, calmer conditions are expected Tuesday for the first major mountain stage of the 2026 Vuelta in Andorra. Starting and finishing in Andorra la Vella, the stage will cover a short but explosive 104.8 kilometers.

The Port d’Envalira (Category 1) will be the first of four climbs on the day’s route, followed by the Collada de Beixalis (Category 1), the Col d’Ordino (Category 1) and La Comella (Category 3), concluding a stage featuring 3,000 meters (9,843 feet) of elevation gain. The race favorites are expected to face off.

***teleSUR/ JF***

***Source: EFE***

---

**From [teleSUR English](https://www.telesurenglish.net/feed/) via [This RSS Feed](https://www.telesurenglish.net/feed/).**","Severe weather near Font Romeu halted race riders sought shelter heavy rain hail Monday powerful rain hailstorm climb Col de Mont Louis 16 kilometers finish Font Romeu forced cancellation Stage 3 2026 Vuelta España RELATED Tornado Southern France Injures 26 People Damages 100 Homes stage scheduled raced entirely French territory began without incident Gruissan-Aude set finish Font Romeu training sanctuary elite athletes preparing high altitude first showdown among race favorites expected script appeared unfolding Wenzel Fortunato leading race near summit Mont Saint Louis peloton led Pogacar’s UAE team preparing different kind storm Wenzel began seemingly endless 19-kilometer climb alone jersey open chest exposed seemingly unfazed rain begun fall Two kilometers summit joined Italy’s Fortunato rainstorm quickly turned fierce hailstorm soon covered asphalt white Moments uncertainty followed hail intensified riders decided get bikes seek shelter wherever could private homes sheds roof could protect pounding hailstones road became impassable conditions unbearable Pogacar moved front peloton raised hand stop riders Vuelta organizers announced decision cancel stage disappointing ending Nature postponed first major battle among favorites perhaps another display dominance Pogacar Andorra stage rare terrifying natural disaster struck Europe 🚨 Monday August 24 2026 large violent tornado tore small southwestern village Pomas near Carcassonne leaving trail severe destruction wake Sweeping region with… pic.twitter.com/C6bxRi0sGV — SG News August 25 2026 Logical Decision Put Safety First cancellation disappointment town Font Romeu long looked forward hosting event local officials supported Vuelta’s decision protect riders’ safety “There nothing object Canceling stage logical reasonable decision priority riders’ safety conditions made necessary one could put risk third stage entire race still ahead,” mayor Font Romeu said result overall standings remained unchanged Tadej Pogacar kept red jersey nine-second lead Belgium’s Wout van Aert Visma 10-second advantage Britain’s Matthew Brennan storm calmer conditions expected Tuesday first major mountain stage 2026 Vuelta Andorra Starting finishing Andorra la Vella stage cover short explosive 104.8 kilometers Port d’Envalira Category 1 first four climbs day’s route followed Collada de Beixalis Category 1 Col d’Ordino Category 1 La Comella Category 3 concluding stage featuring 3,000 meters 9,843 feet elevation gain race favorites expected face teleSUR JF Source EFE teleSUR English via RSS Feed"
"cross-posted from:  https://scribe.disroot.org/post/10930619

> China already operates land-, air- and sea-based systems capable of delivering nuclear weapons. The Ministry of Defence linked that military expansion to a more assertive international posture, including activity in the South China Sea and the Taiwan Strait that it described as dangerous and destabilising.
> 
> The assessment presents China’s build-up as part of a wider deterioration in the security environment facing Britain and its NATO allies. Other nuclear-armed states are also modernising, expanding and diversifying their arsenals while investing in new weapons and delivery technologies.
> 
> Russia remains the most heavily armed country identified in the document, with more than 4,000 nuclear warheads available for use. It can deliver weapons over long ranges through its strategic nuclear triad and at shorter ranges from land-, sea- and air-based platforms.
> 
> ...
> 
> Britain defines its policy as maintaining an independent, minimum and credible deterrent assigned to NATO’s defence. The government says it will retain only the destructive power required to deter the full range of state nuclear threats.
> 
> The UK maintains deliberate ambiguity over when, how and at what scale it might contemplate the use of nuclear weapons. It says they would be considered only in extreme circumstances of self-defence, including the defence of NATO allies.
> 
> ...
> 
> [Archived](https://web.archive.org/web/20260825121309/https://defence-industry.eu/uk-ministry-of-defence-says-china-may-more-than-double-its-nuclear-arsenal-by-2035-while-expanding-land-air-and-sea-delivery-systems/)","cross-posted China already operates land air sea-based systems capable delivering nuclear weapons Ministry Defence linked military expansion assertive international posture including activity South China Sea Taiwan Strait described dangerous destabilising assessment presents China’s build-up part wider deterioration security environment facing Britain NATO allies nuclear-armed states also modernising expanding diversifying arsenals investing new weapons delivery technologies Russia remains heavily armed country identified document 4,000 nuclear warheads available use deliver weapons long ranges strategic nuclear triad shorter ranges land sea air-based platforms Britain defines policy maintaining independent minimum credible deterrent assigned NATO’s defence government says retain destructive power required deter full range state nuclear threats UK maintains deliberate ambiguity scale might contemplate use nuclear weapons says would considered extreme circumstances self-defence including defence NATO allies Archived"
"![](https://ikona.telesurenglish.net/content/uploads/2026/08/Genocide-1024x576.jpg.webp)

More than 1,100 musicians and cultural workers have accused Eurovision of covering up the genocide.
---------------------------------------------------------------------------------------------------

On Monday, Dutch public broadcaster AVROTROS said that it will not participate in the 2027 Eurovision Song Contest, arguing that the event can “no longer be considered neutral” given the severe humanitarian suffering in Gaza.

***RELATED:***

***[Over 1.9 Million Palestinians in Gaza Need Urgent Shelter](https://www.telesurenglish.net/1-9-million-gaza-need-urgent-shelter/)***

“It is undeniable that international conflicts are increasingly affecting the Contest, undermining its neutral character. The Eurovision Song Contest has therefore become a platform for division,” AVROTROS Director Taco Zimmerman said in a statement.

“AVROTROS criticized Eurovision organizers for failing to establish clear rules for countries involved in military conflicts, saying its continued participation was no longer consistent with the broadcaster’s values of “trustworthiness, independence and humanity,” RT reported.

“This year’s contest became embroiled in a series of scandals linked to Israel’s participation amid its continued military campaigns in Gaza and Lebanon. Five countries – Spain, the Netherlands, Ireland, Iceland, and Slovenia – boycotted the event in May in protest against West Jerusalem’s actions.”

> BREAKING: Israel just bombed a water desalination plant in northern Gaza.  
>   
> Not a military base.  
> An essential infrastructure built to provide water to civilians suffering through an extreme water crisis.   
>   
> Gaza is running out of water.  
>   
> This is an act of genocide. [pic.twitter.com/9rFqzVxGnk](https://t.co/9rFqzVxGnk)
>
> — sarah (@sahouraxo) [August 24, 2026](https://x.com/sahouraxo/status/2091916948800000317)

“In April, more than 1,100 musicians and cultural workers, including Brian Eno, Massive Attack, Kneecap and Primal Scream, signed an open letter accusing Eurovision organizers of whitewashing what they described as “genocide” in Gaza. The contest was also accompanied by large pro-Palestinian protests in the host city of Vienna,” the Russian outlet recalled.

AVROTROS said in the statement that over the past year it had repeatedly called on the European Broadcasting Union (EBU), which organizes the Eurovision Song Contest, to establish transparent rules governing the participation of countries involved in military conflicts.

Earlier this month, the EBU updated its rules, saying that if a country involved in an armed conflict wins the competition, it will be ineligible to host it the following year. However, AVROTROS said “the recently announced changes by the EBU do not provide sufficient confidence that the independent and neutral character of the Eurovision Song Contest has been restored.”

***teleSUR/ JF***

***Sources: Xinhua – RT***

---

**From [teleSUR English](https://www.telesurenglish.net/feed/) via [This RSS Feed](https://www.telesurenglish.net/feed/).**","1,100 musicians cultural workers accused Eurovision covering genocide Monday Dutch public broadcaster AVROTROS said participate 2027 Eurovision Song Contest arguing event “no longer considered neutral” given severe humanitarian suffering Gaza RELATED 1.9 Million Palestinians Gaza Need Urgent Shelter “It undeniable international conflicts increasingly affecting Contest undermining neutral character Eurovision Song Contest therefore become platform division,” AVROTROS Director Taco Zimmerman said statement “AVROTROS criticized Eurovision organizers failing establish clear rules countries involved military conflicts saying continued participation longer consistent broadcaster’s values “trustworthiness independence humanity,” RT reported “This year’s contest became embroiled series scandals linked Israel’s participation amid continued military campaigns Gaza Lebanon Five countries – Spain Netherlands Ireland Iceland Slovenia – boycotted event May protest West Jerusalem’s actions.” BREAKING Israel bombed water desalination plant northern Gaza military base essential infrastructure built provide water civilians suffering extreme water crisis Gaza running water act genocide pic.twitter.com/9rFqzVxGnk — sarah August 24 2026 “In April 1,100 musicians cultural workers including Brian Eno Massive Attack Kneecap Primal Scream signed open letter accusing Eurovision organizers whitewashing described “genocide” Gaza contest also accompanied large pro-Palestinian protests host city Vienna,” Russian outlet recalled AVROTROS said statement past year repeatedly called European Broadcasting Union EBU organizes Eurovision Song Contest establish transparent rules governing participation countries involved military conflicts Earlier month EBU updated rules saying country involved armed conflict wins competition ineligible host following year However AVROTROS said “the recently announced changes EBU provide sufficient confidence independent neutral character Eurovision Song Contest restored.” teleSUR JF Sources Xinhua – RT teleSUR English via RSS Feed"
"![](https://www.commondreams.org/media-library/vice-president-jd-vance.jpg?id=67671257&width=1200&height=400&coordinates=0%2C18%2C0%2C1446)  
  

Troy Jackson, the Democratic US Senate nominee for a critical seat in Maine, denounced Vice President JD Vance on Monday for downplaying the killing of Johan Sebastián Durán Guerrero, a 25-year-old Colombian national who was killed by a federal immigration agent last month in Biddeford.

During a visit to Maine on Monday, Vance told residents who are ""so worried about that situation"" to ""have a little bit of perspective."" Vance added that ""we can absolutely investigate every shooting and we will, but we can also secure our border and ensure that that poison stops coming into our country."" (The legal representative for Durán Guerrero's family [said](https://mainemorningstar.com/2026/08/24/pressed-about-biddeford-shooting-investigation-vance-shifts-focus-to-drug-overdoses/) no federal agencies have reached out as part of any investigation into the killing.)

Jackson, the former president of Maine's Senate who is running to unseat Republican US Sen. Susan Collins, responded to the vice president in a video message posted to social media.

""JD Vance is a dirtbag,"" said Jackson. ""There was a young man who had a Social Security number, he had a job, I mean, he had a life. He had a family. To come here and say, 'Have some perspective'? You ought to have some damn perspective. I mean, you don't even know what the hell's goin' on. You got a rogue agency that's going around, pulling people out of homes.""

Jackson then turned his attention to Collins, who recently voted for legislation that included around $70 billion in funding for US immigration agencies, including nearly $40 billion for Immigration and Customs Enforcement (ICE). After an ICE agent killed Durán Guerrero last month, Collins [refused to say](https://www.commondreams.org/news/did-susan-collins-vote-to-fund-ice) she regretted her vote to boost the agency's funding.

""I want to know: What are you doing about it, Susan?"" Jackson asked. ""She gave them an additional $70 billion to pull this shit off. We lost a person that JD Vance seems to not give a shit about. And that should piss us all off. So I want to know: Do you agree with JD Vance dismissing the killing of this young man? Because I tell you what, 'concerns' and all that does nothing for all of us, does nothing for that family, and I'm sick of your 'concerns.'""

> My response to [@JDVance](https://x.com/JDVance) saying we should ""have a little bit of perspective"" on ICE murdering a young father [pic.twitter.com/fNRxN9oBiF](https://t.co/fNRxN9oBiF)  
> — Troy Jackson (@TroyJackson207) [August 24, 2026](https://x.com/TroyJackson207/status/2092018264847134872)

During his remarks in Brewer, Maine on Monday, Vance said Collins is ""doing an amazing job"" and characterized her as ""the most independent member of the United States Senate,"" even though she votes with President Donald Trump around 96% of the time.

Misha Linnehan, a spokesperson for the Maine Democratic Party, said in response to the vice president's remarks that ""Susan Collins voted to give Donald Trump and JD Vance $70 billion to send armed ICE agents into Maine with no guardrails.""

""Now that a man has been killed,"" said Linnehan, ""JD Vance thinks Mainers need to ‘have a little bit of perspective’ about children losing their father and a wife losing her husband—does Susan Collins agree?""

---

**From [Common Dreams](https://www.commondreams.org/feeds/news.rss) via [This RSS Feed](https://www.commondreams.org/feeds/news.rss).**",Troy Jackson Democratic US Senate nominee critical seat Maine denounced Vice President JD Vance Monday downplaying killing Johan Sebastián Durán Guerrero 25-year-old Colombian national killed federal immigration agent last month Biddeford visit Maine Monday Vance told residents worried situation little bit perspective Vance added absolutely investigate every shooting also secure border ensure poison stops coming country legal representative Durán Guerrero's family said federal agencies reached part investigation killing Jackson former president Maine's Senate running unseat Republican US Sen Susan Collins responded vice president video message posted social media JD Vance dirtbag said Jackson young man Social Security number job mean life family come say perspective ought damn perspective mean even know hell's goin got rogue agency that's going around pulling people homes Jackson turned attention Collins recently voted legislation included around 70 billion funding US immigration agencies including nearly 40 billion Immigration Customs Enforcement ICE ICE agent killed Durán Guerrero last month Collins refused say regretted vote boost agency's funding want know Susan Jackson asked gave additional 70 billion pull shit lost person JD Vance seems give shit piss us want know agree JD Vance dismissing killing young man tell concerns nothing us nothing family sick concerns response saying little bit perspective ICE murdering young father pic.twitter.com/fNRxN9oBiF — Troy Jackson August 24 2026 remarks Brewer Maine Monday Vance said Collins amazing job characterized independent member United States Senate even though votes President Donald Trump around 96 time Misha Linnehan spokesperson Maine Democratic Party said response vice president's remarks Susan Collins voted give Donald Trump JD Vance 70 billion send armed ICE agents Maine guardrails man killed said Linnehan JD Vance thinks Mainers need ‘have little bit perspective’ children losing father wife losing husband—does Susan Collins agree Common Dreams via RSS Feed
"![](https://ikona.telesurenglish.net/content/uploads/2026/08/Nevada-1024x576.jpg.webp)

The Federal rules would reduce annual water deliveries to Arizona, California and Nevada by about 1.54 billion cubic meters.
----------------------------------------------------------------------------------------------------------------------------

On Monday, the state of Nevada filed a federal lawsuit challenging the U.S. government’s newly adopted Colorado River management plan, marking the first legal challenge to rules issued three days earlier for sharing reduced water supplies among western U.S. states.

***RELATED:***

***[French Wine Industry Under Pressure from Prolonged Drought](https://www.telesurenglish.net/french-wine-industry-under-pressure-from-prolonged-drought/)***

The lawsuit was filed by the state, the Colorado River Commission of Nevada and the Southern Nevada Water Authority. It asks the District Court for the District of Nevada to set aside the Interior Department’s decision and block its implementation until alleged legal and technical problems are addressed, according to the Nevada governor’s office.

The Interior Department said the rules would reduce combined annual water deliveries to the three Lower Basin states — Arizona, California and Nevada — by about 1.54 billion cubic meters in each of 2027 and 2028. Under the federal framework, the four Upper Basin states — Colorado, New Mexico, Utah and Wyoming — would face voluntary rather than mandatory conservation measures.

The two-year operating rules are scheduled to take effect on Oct. 1, while the accompanying record of decision establishes a framework through 2036, according to federal decision documents.

> Trump admin orders Colorado River water cuts for Arizona, California & Nevada as Lake Mead & Powell hit record lows. Over the next two years the states will cut a combined ~3.2 million acre-feet: AZ ~31% less, NV ~28%, CA ~12%. It’s a short-term bridge in a broader plan. [pic.twitter.com/KiT2yxNJiF](https://t.co/KiT2yxNJiF)
>
> — J.Akecheta (@Xfiles1111) [August 25, 2026](https://x.com/Xfiles1111/status/2092086385465495768)

Nevada’s objections center on that longer-term framework, which authorizes larger reductions in dry years, according to the complaint. Nevada Governor Joe Lombardo said the plan could reduce southern Nevada’s Colorado River allocation by more than 70 percent.

“This isn’t about political posturing; this is a matter of survival for a community that represents about two-thirds of our state’s citizens and the lion’s share of its economy,” Lombardo said in a statement.

The complaint places the deepest reductions from 2029 under severe-shortage conditions. Nevada would give up about 62 million cubic meters annually in 2027 and 2028 under a sharing arrangement proposed by the Lower Basin states. That reduction would amount to roughly 17 percent of Nevada’s annual allocation of about 370 million cubic meters.

The lawsuit alleges that the federal decision violates the Administrative Procedure Act, the National Environmental Policy Act and the system of compacts, federal statutes, court decisions and regulations governing the river, known as the “Law of the River.”

It also alleges that federal officials failed to adequately assess potential effects of deeper cuts on southern Nevada’s economy, public health and water infrastructure, and did not sufficiently consider an alternative proposed by the Lower Basin states.

The complaint names Interior Secretary Doug Burgum and Bureau of Reclamation Commissioner Aubrey Bettencourt, along with their agencies, as defendants.

The Interior Department said the rules are intended to keep reservoir operations reliable and protect federal infrastructure while allowing for adjustments as drought conditions evolve and negotiations among the seven basin states continue.

The seven basin states have yet to reach an agreement on longer-term rules for sharing reduced supplies. The latest available Bureau of Reclamation data showed that Lake Mead and Lake Powell, the Colorado River’s two largest reservoirs, remained at record-low levels.

***teleSUR/JF***

***Source: Xinhua***

---

**From [teleSUR English](https://www.telesurenglish.net/feed/) via [This RSS Feed](https://www.telesurenglish.net/feed/).**","Federal rules would reduce annual water deliveries Arizona California Nevada 1.54 billion cubic meters Monday state Nevada filed federal lawsuit challenging U.S government’s newly adopted Colorado River management plan marking first legal challenge rules issued three days earlier sharing reduced water supplies among western U.S states RELATED French Wine Industry Pressure Prolonged Drought lawsuit filed state Colorado River Commission Nevada Southern Nevada Water Authority asks District Court District Nevada set aside Interior Department’s decision block implementation alleged legal technical problems addressed according Nevada governor’s office Interior Department said rules would reduce combined annual water deliveries three Lower Basin states — Arizona California Nevada — 1.54 billion cubic meters 2027 2028 federal framework four Upper Basin states — Colorado New Mexico Utah Wyoming — would face voluntary rather mandatory conservation measures two-year operating rules scheduled take effect Oct 1 accompanying record decision establishes framework 2036 according federal decision documents Trump admin orders Colorado River water cuts Arizona California Nevada Lake Mead Powell hit record lows next two years states cut combined 3.2 million acre-feet AZ 31 less NV 28 CA 12 It’s short-term bridge broader plan pic.twitter.com/KiT2yxNJiF — J.Akecheta August 25 2026 Nevada’s objections center longer-term framework authorizes larger reductions dry years according complaint Nevada Governor Joe Lombardo said plan could reduce southern Nevada’s Colorado River allocation 70 percent “This isn’t political posturing matter survival community represents two-thirds state’s citizens lion’s share economy,” Lombardo said statement complaint places deepest reductions 2029 severe-shortage conditions Nevada would give 62 million cubic meters annually 2027 2028 sharing arrangement proposed Lower Basin states reduction would amount roughly 17 percent Nevada’s annual allocation 370 million cubic meters lawsuit alleges federal decision violates Administrative Procedure Act National Environmental Policy Act system compacts federal statutes court decisions regulations governing river known “Law River.” also alleges federal officials failed adequately assess potential effects deeper cuts southern Nevada’s economy public health water infrastructure sufficiently consider alternative proposed Lower Basin states complaint names Interior Secretary Doug Burgum Bureau Reclamation Commissioner Aubrey Bettencourt along agencies defendants Interior Department said rules intended keep reservoir operations reliable protect federal infrastructure allowing adjustments drought conditions evolve negotiations among seven basin states continue seven basin states yet reach agreement longer-term rules sharing reduced supplies latest available Bureau Reclamation data showed Lake Mead Lake Powell Colorado River’s two largest reservoirs remained record-low levels teleSUR/JF Source Xinhua teleSUR English via RSS Feed"
"*The Swedish Transport Administration was recently revealed purchasing Microsoft services and discarding their own regulations and any Swedish or EU laws in the process.
The following text is a translation of news article by the Swedish public broadcaster Sveriges Radio. ""Ekot"" is one of their programs and ""P4 Dalarna"" is one of their regional stations.
Minor edits were done to the raw **translation** for clarification.*

# The Tech Giant opposed the Demands – The Swedish Transport Administration signed anyway

* The Swedish Transport Administration released all requirements in negotiations for an agreement with Microsoft, requirements that the lawyers at the authority considered necessary.
* Among other things, it was about the fine, the principle of publicity and data transfer to other countries, shows Ekot's and P4 Dalarna's review.
* Because the tech giant's delivery was considered crucial for the business, the Swedish Transport Administration signed the agreement despite Microsoft rejecting all demands in three rounds.

When the Swedish Transport Administration was about to sign a license agreement with Microsoft last year, the agency's lawyers discovered several problematic points in Microsoft's standard terms.

They entered into a negotiation that is described in detail in a service note that Ekot and P4 Dalarna have seen.

The lawyers identified 18 conditions that needed to be in the agreement – as minimum requirements.

The demands were brought up in negotiations with Microsoft, which responded that it was not willing to meet any of them.

## Demand for fines and compliance with the law

The points were then whittled down to a shorter list, which included, among other things, that Microsoft, like all other suppliers, would have to accept that the Swedish Transport Administration may have to release information in accordance with the public disclosure principle.

And also that the storage, processing and transfer of data must comply with Swedish and EU legislation, and that Microsoft would have to pay a fine in the event of deficiencies and would not be able to terminate the agreement without reason.

But the slimmed-down list of demands was also rejected, and after Swedish Transport Administration's stripped down its list again, there were only three demands left, which were described as ""absolutely necessary"".

But Microsoft also said no to them, and had thus finally rejected all minimum requirements.

## ""Crucial""

But despite that, the Swedish Transport Administration then decided to accept the agreement, because the tech giant's delivery was considered crucial for the business.

According to the IT researcher Björn Lundell, it is difficult to gain insight into how this type of negotiation takes place, and it is unusual for it to be this clear how authorities choose to accept the terms of the tech giants.

– I would say that is unusual. It's not what you usually see.

## Shall assess suitability

The Swedish Transport Administration does not agree to an interview, but states in a written comment that it cooperates with both suppliers and other authorities to ensure that cloud services meet all requirements for both security, legality and digital sovereignty.

Suitability assessments will also be carried out, to prevent security risks, before introducing cloud services. But they don't want any further details around that so as not to ""expose vulnerabilities"".

Microsoft declines an interview and writes in an email that it does not comment on individual customers, but that it works together with customers to find opportunities and risks and that it has all protections in place for data.",Swedish Transport Administration recently revealed purchasing Microsoft services discarding regulations Swedish EU laws process following text translation news article Swedish public broadcaster Sveriges Radio Ekot one programs P4 Dalarna one regional stations Minor edits done raw translation clarification Tech Giant opposed Demands – Swedish Transport Administration signed anyway Swedish Transport Administration released requirements negotiations agreement Microsoft requirements lawyers authority considered necessary Among things fine principle publicity data transfer countries shows Ekot's P4 Dalarna's review tech giant's delivery considered crucial business Swedish Transport Administration signed agreement despite Microsoft rejecting demands three rounds Swedish Transport Administration sign license agreement Microsoft last year agency's lawyers discovered several problematic points Microsoft's standard terms entered negotiation described detail service note Ekot P4 Dalarna seen lawyers identified 18 conditions needed agreement – minimum requirements demands brought negotiations Microsoft responded willing meet Demand fines compliance law points whittled shorter list included among things Microsoft like suppliers would accept Swedish Transport Administration may release information accordance public disclosure principle also storage processing transfer data must comply Swedish EU legislation Microsoft would pay fine event deficiencies would able terminate agreement without reason slimmed-down list demands also rejected Swedish Transport Administration's stripped list three demands left described absolutely necessary Microsoft also said thus finally rejected minimum requirements Crucial despite Swedish Transport Administration decided accept agreement tech giant's delivery considered crucial business According researcher Björn Lundell difficult gain insight type negotiation takes place unusual clear authorities choose accept terms tech giants – would say unusual usually see Shall assess suitability Swedish Transport Administration agree interview states written comment cooperates suppliers authorities ensure cloud services meet requirements security legality digital sovereignty Suitability assessments also carried prevent security risks introducing cloud services want details around expose vulnerabilities Microsoft declines interview writes email comment individual customers works together customers find opportunities risks protections place data
"From [Birding Iran](https://www.facebook.com/100066680532487/posts/2843629465947487/)

> Omani Owl (Strix butleri) in east of Iran.
> 
> Amir Kouhestani found the first record of this species for South Khorasan Province in Nehbandan on June 12. Omani Owl has a vast distribution in Iran and probably it breeds in Afghanistan too.

So, I normally don't like sharing anonymous posts from essentially anonymous sources, but I couldn't find this pic shared anywhere else, so it's at least not obviously stolen, and it lead me to some interesting reading, do I'm going to share anyway.

I didn't get to read [this paper](https://www.researchgate.net/publication/372447316_Major_range_extensions_of_two_cryptic_owls_Omani_Owl_Strix_butleri_and_Western_Brown_Fish_Owl_Ketupa_zeylonensis_semenowi_in_Iran_Major_range_extensions_of_two_cryptic_owls_Omani_Owl_Strix_butleri_and) in full yet to verify the claims, but it does seem a short paper was published about previously undocumented territorial expansion of both the Omani Owl and the Brown Fish Owl to Iran.

The interesting bits I saw include name changes for both owls and concerning the timeline owl the discoveries. 

One suggestion is to change the name Omani Owl to Golden Owl, as it was named when it was thought to only be in Oman. The other is to name the subspecies of Brown Fish Owl to the Western Brown Fish Owl.  It seems they were in the Iran area around 1900 but then went locally extinct, but are now back. 

I also saw mention the owls were photographed around 10 years before they started being publicly noticed.  The original photographer of the oldest known modern picture was not aware of what a rare bird they had captured in the country.  I thought that was a fun fact. 

I think Omani (Golden?) Owls look very unique and they're pretty rare, so I just felt like searching for some info on them. ",Birding Iran Omani Owl Strix butleri east Iran Amir Kouhestani found first record species South Khorasan Province Nehbandan June 12 Omani Owl vast distribution Iran probably breeds Afghanistan normally like sharing anonymous posts essentially anonymous sources find pic shared anywhere else least obviously stolen lead interesting reading going share anyway get read paper full yet verify claims seem short paper published previously undocumented territorial expansion Omani Owl Brown Fish Owl Iran interesting bits saw include name changes owls concerning timeline owl discoveries One suggestion change name Omani Owl Golden Owl named thought Oman name subspecies Brown Fish Owl Western Brown Fish Owl seems Iran area around 1900 went locally extinct back also saw mention owls photographed around 10 years started publicly noticed original photographer oldest known modern picture aware rare bird captured country thought fun fact think Omani Golden Owls look unique pretty rare felt like searching info
"I wrote a small test of an idea that I had, and the thumbnail to this is an example of one of the images it produces.

Basically, it scrambles an image into block regions visually, and then optionally XOR's the image data with a secret to create an encrypted image which AI struggles to properly recognize, and makes the image become junk for training. Users with this tool for this can then compute the original image for themselves.

This has the massive benefit of not adding extra information into the image, so it can 'blend in' with real images as well.

This process (with encryption) is reversible in a visually imperceptible way at lower 'magic' sizes (which this image pushes due to vibrancy), while taking time for any motivated scrapers to brute-force.

you can test this yourself with a block size of 128 and magic of 35. The code and some more information is available at https://codeberg.org/emmowo/scrapescramble

In the future, I *might* implement this as a bit of JS you can add to your websites (or as a browser extension) as a means of making all visitors passively decode the image without needing to use an external app.

This implementation is just a proof-of-concept, so tonnes can be done to increase the complexity of 'cracking' these images later on. This is meant to be more of a deterrence than outright prevention, but it does have some use for it.

Either way, feedback would be nice!

",wrote small test idea thumbnail example one images produces Basically scrambles image block regions visually optionally XOR's image data secret create encrypted image AI struggles properly recognize makes image become junk training Users tool compute original image massive benefit adding extra information image blend real images well process encryption reversible visually imperceptible way lower magic sizes image pushes due vibrancy taking time motivated scrapers brute-force test block size 128 magic 35 code information available future might implement bit JS add websites browser extension means making visitors passively decode image without needing use external app implementation proof-of-concept tonnes done increase complexity cracking images later meant deterrence outright prevention use Either way feedback would nice
"
> # This Week in Star Citizen
> 
> ![Irmdall](https://robertsspaceindustries.com/i/0828e1b85ef802ce1782d14d856cc24bad166edb/resize/(1000,1778,cover,crop/(2025,3600,0,4178,ADdPNihJzmPbNuTnFsH1DqUeqBRpXdSXVVtgJTyDDgscGKrzJuoFjResj7LZvH8pnAYTiGcdoJDaXKEBiiLXTPRE6/)/)/85/irmdall.webp)
> 
> By[Irmdall](https://robertsspaceindustries.com/community-hub/post/8600x3600-kruger-s-65-stingray-JNgNc5v4QeF3j)
> 
> #### Happy Monday, everyone!
> 
> Last week, many of you joined us on the PTU to put Alpha 4.10 through its paces, with focused runs on Siege of Orison, Recco Battaglia, and Cargo Missions. We also granted access to the Kruger S-65 Stingray for the weekend as a bonus for participating. Thanks to everyone who jumped in and helped us push the build forward - it was a huge help!
> 
> We're shoring up additional fixes and tightening things up across the board. A whopping 230 Blocker, Critical, and High Priority fixes alone have been checked in to Alpha 4.10 so far, with many more fixes still to come. If all goes smoothly, we're aiming to roll Alpha 4.10 out to Live this week.
> 
> Meanwhile, Phase 2 of the biggest aerospace smackdown in the 'verse is well underway as we approach the last duels to determine the Elite Eight of [Ship Showdown 2956](https://robertsspaceindustries.com/en/ship-showdown-2956/live-showdown). Today, two Eclectic Exotics exchange fire for a shot at advancing, and tomorrow, the Big Hitters step into the ring to duke it out for the final spot. Cast your vote to ensure your champion moves on to the next round, and don't forget that daily voters who see the competition through to the end will earn a commemorative Spectrum badge.
> 
> We're doing things a little differently for this year's celebration. With Alpha 4.10 heading toward Live, we want to give the team room to monitor the release and continue improving the experience once it lands. So, this year's Ship Showdown Free Fly will be focused on the community already in the 'verse. From August 26 to September 2, all existing backers will be able to take the Elite Eight for a spin before the Final Four take the spotlight at Best in Show during this year's Intergalactic Aerospace Expo.
> 
> Or, put simply: launching a major patch and running a wider Free Fly in the same week... we're not going to do that.
> 
> ### Now, let's see what's going on this week:
> 
> ####
> 
> On **Wednesday**, the Ship Showdown Elite Eight Free Fly begins for the existing community. We'll also publish the latest Roadmap Update alongside its complementary Roadmap Roundup.
> 
> **Friday**, we're in a Gamescom state of mind. Come raise a glass or two with your fellow starfaring Citizens and the CIG team at our next Bar Citizen World Tour stop at BON - Brauhaus ohne Namen in Cologne, Germany, from 6:00 PM. Space is limited, so it's first-come, first-served. Full details on the [Gamescom Bar Citizen post](https://robertsspaceindustries.com/spectrum/community/SC/forum/1/thread/join-the-gamescom-2026-bar-citizen).
> 
> Same day, you'll also find our weekly RSI Newsletter directly delivered to your inbox, and Jump Point magazine is back for all [subscribers](https://robertsspaceindustries.com/en/pledge/subscriptions).
> 
> *Fly low, and fly fast!*
> 
> ![Freyja2](https://robertsspaceindustries.com/i/931714ed65f6004a45aaa6825b241028936572ee/resize/(822,822,cover,crop/(822,822,29,0,ADdPNihJzmPbNuTnFsH1DqUeqBRpXdSXVVtgJTyDDgscGKrzJuoFjReskPBbMcLQ5n4F4HAckjJX1js5zHKSQt3Gr/)/)/85/freyja2.webp)
> 
> [Freyja Vanadis](https://x.com/FreyjaV_)  
> Senior Community Manager
> 
> 
> ### The Weekly Community Content Schedule
> 
> ###
> 
> #### MONDAY, AUGUST 24, 2026
> 
> * This Week in Star Citizen
> 
> #### WEDNESDAY, AUGUST 26, 2026
> 
> * Ship Showdown 2956: Elite Eight Free Fly Begins
> * Roadmap Update
> * Roadmap Roundup
> 
> #### FRIDAY, AUGUST 28, 2026
> 
> * [Bar Citizen World Tour](https://robertsspaceindustries.com/en/comm-link/transmission/20963-Bar-Citizen-Were-Coming-To-You-In-2026) @ Gamescom - Cologne, Germany
> * RSI Weekly Newsletter
> * August Issue of Jump Point for [Subscribers](https://robertsspaceindustries.com/pledge/subscriptions)",Week Star Citizen Irmdall By[Irmdall Happy Monday everyone Last week many joined us PTU put Alpha 4.10 paces focused runs Siege Orison Recco Battaglia Cargo Missions also granted access Kruger S-65 Stingray weekend bonus participating Thanks everyone jumped helped us push build forward huge help shoring additional fixes tightening things across board whopping 230 Blocker Critical High Priority fixes alone checked Alpha 4.10 far many fixes still come goes smoothly aiming roll Alpha 4.10 Live week Meanwhile Phase 2 biggest aerospace smackdown verse well underway approach last duels determine Elite Eight Ship Showdown 2956 Today two Eclectic Exotics exchange fire shot advancing tomorrow Big Hitters step ring duke final spot Cast vote ensure champion moves next round forget daily voters see competition end earn commemorative Spectrum badge things little differently year's celebration Alpha 4.10 heading toward Live want give team room monitor release continue improving experience lands year's Ship Showdown Free Fly focused community already verse August 26 September 2 existing backers able take Elite Eight spin Final Four take spotlight Best Show year's Intergalactic Aerospace Expo put simply launching major patch running wider Free Fly week going let's see what's going week Wednesday Ship Showdown Elite Eight Free Fly begins existing community also publish latest Roadmap Update alongside complementary Roadmap Roundup Friday Gamescom state mind Come raise glass two fellow starfaring Citizens CIG team next Bar Citizen World Tour stop BON Brauhaus ohne Namen Cologne Germany 6:00 PM Space limited first-come first-served Full details Gamescom Bar Citizen post day also find weekly RSI Newsletter directly delivered inbox Jump Point magazine back subscribers Fly low fly fast Freyja2 Freyja Vanadis Senior Community Manager Weekly Community Content Schedule MONDAY AUGUST 24 2026 Week Star Citizen WEDNESDAY AUGUST 26 2026 Ship Showdown 2956 Elite Eight Free Fly Begins Roadmap Update Roadmap Roundup FRIDAY AUGUST 28 2026 Bar Citizen World Tour Gamescom Cologne Germany RSI Weekly Newsletter August Issue Jump Point Subscribers
"I'm not a big comic reader but every once in awhile, my best friend will show up with a comic he thinks I should read. He's never been wrong - last time it was Ultimate Martian Manhunter, this time it was The Sentry.

The only Marvel movie I've seen in the past decade is End Game so we both thought it was really funny that I caught this. He correctly calls him ""Stephen"" a few pages later.

As for the comic itself - it's an awesome self-contained story that unfolds very nicely. The artwork is amazing and diverse as you read through different hero's perspectives. I've never been a big Hulk fan but wow, his section was my favorite??

I really liked the timeframe, too. Something happens and something had to be done. But the comic isn't about the something...it's about the anticipation of doing it. Cool idea built on top of another cool idea with a really good conclusion.

!!SPOILER WARNING!!

::: spoiler Tap for spoiler
For the most part, I assumed The Sentry was a classic superhero I just wasn't familiar with. And ironically, the part that clued me in was knowing Bruce Banner did not 'get better' in a watchtower. But I still wasn't certain until the end.

Meanwhile, my friend went in knowing he wasn't real AND that every flashback story was fake  but was still doubting himself by the end.
:::",big comic reader every awhile best friend show comic thinks read never wrong last time Ultimate Martian Manhunter time Sentry Marvel movie seen past decade End Game thought really funny caught correctly calls Stephen pages later comic awesome self-contained story unfolds nicely artwork amazing diverse read different hero's perspectives never big Hulk fan wow section favorite really liked timeframe Something happens something done comic something...it's anticipation Cool idea built top another cool idea really good conclusion SPOILER WARNING spoiler Tap spoiler part assumed Sentry classic superhero familiar ironically part clued knowing Bruce Banner get better watchtower still certain end Meanwhile friend went knowing real every flashback story fake still doubting end
"Two stories, eight days apart, both from London newspapers, pushing a McCarthyite agenda in two different countries. The Telegraph announced that “China is funding pro-Palestine marches in UK”. The Times reported that members of the Democratic Socialists of America – “the left-wing group behind Zohran Mamdani’s rise” – had signed a public statement of support for Chinese socialism and, worse, had travelled to China.

Neither story alleges a crime. Neither produces a document showing a payment from the Chinese state, an instruction from the Communist Party of China, or any kind of broken law. Both rest on the same syllogism: people hold anti-war positions that are also held in Beijing; therefore these positions are taken up because of Beijing; therefore anti-war campaigners are not citizens exercising their basic democratic rights, but instruments of a foreign power.

Take the evidence as presented by the Telegraph. US congressional investigators are examining £250,000 in “alleged” payments to a company “linked to” CodePink in the UK, from firms “connected to” Neville Roy Singham, a US businessman “accused of” financing pro-China content.

Four degrees of separation, with every link in the chain a substantial hedge, from which emerges a headline asserting that the People’s Republic of China is funding the mass movement in Britain against genocide in Gaza. Singham is a US citizen who made his money building a software consultancy and now spends it on causes he believes in. What the allegations amount to, at most, is a US businessman with left-wing opinions funding a US peace group that has a British affiliate.

And what are the recipients of this money charged with doing? Organising protests against Britain’s involvement in genocide. Campaigning for peace with Iran. Calling for the removal of British military bases in Cyprus. Visiting China and saying that it is not our enemy. Every one of those is a lawful (and obviously principled and correct) political position, and several of them are held by most of the British public. Polling by YouGov in July found that 50 percent of Britons believe Israel is committing genocide in Gaza against 17 percent who believe it is not, and that 55 percent think Britain should no longer treat Israel as an ally.","Two stories eight days apart London newspapers pushing McCarthyite agenda two different countries Telegraph announced “China funding pro-Palestine marches UK” Times reported members Democratic Socialists America – “the left-wing group behind Zohran Mamdani’s rise” – signed public statement support Chinese socialism worse travelled China Neither story alleges crime Neither produces document showing payment Chinese state instruction Communist Party China kind broken law rest syllogism people hold anti-war positions also held Beijing therefore positions taken Beijing therefore anti-war campaigners citizens exercising basic democratic rights instruments foreign power Take evidence presented Telegraph US congressional investigators examining £250,000 “alleged” payments company “linked to” CodePink UK firms “connected to” Neville Roy Singham US businessman “accused of” financing pro-China content Four degrees separation every link chain substantial hedge emerges headline asserting People’s Republic China funding mass movement Britain genocide Gaza Singham US citizen made money building software consultancy spends causes believes allegations amount US businessman left-wing opinions funding US peace group British affiliate recipients money charged Organising protests Britain’s involvement genocide Campaigning peace Iran Calling removal British military bases Cyprus Visiting China saying enemy Every one lawful obviously principled correct political position several held British public Polling YouGov July found 50 percent Britons believe Israel committing genocide Gaza 17 percent believe 55 percent think Britain longer treat Israel ally"
"**Initiated by:** Jennifer Ball from Calgary, Alberta

**Whereas:**

> People with autism, non-speaking individuals, and people with intellectual or developmental disabilities can face immediate, life-threatening risk when they go missing, whether or not abduction is suspected
>
> These risks can be especially urgent when a missing person may have difficulty communicating, recognizing danger, seeking help, or finding their way to safety
>
> Existing missing-person public alert frameworks can rely on criteria such as age or suspected abduction, which may leave gaps when a vulnerable person faces immediate danger but does not meet those criteria
>
> Authority over alert criteria rests with each province and territory, and consistent national standards, including how alerts are distributed and reported, would help ensure new alert frameworks have real world impact rather than existing only on paper
>
> Families, advocacy organizations, and communities have called for a coordinated national approach to public alerts and use of voluntary location finding technology for vulnerable people.

**History:**

Open for signature: August 24, 2026

Closed for signature: December 22, 2026

[Sign here](https://www.ourcommons.ca/petitions/en/Petition/Details?Petition=e-7703)

---
*Beep bop - I am a bot run by [ReannLegge](https://lemmy.ca/u/ReannLegge). If there are problems please DM her, she was asked to set this up.*",Initiated Jennifer Ball Calgary Alberta Whereas People autism non-speaking individuals people intellectual developmental disabilities face immediate life-threatening risk go missing whether abduction suspected risks especially urgent missing person may difficulty communicating recognizing danger seeking help finding way safety Existing missing-person public alert frameworks rely criteria age suspected abduction may leave gaps vulnerable person faces immediate danger meet criteria Authority alert criteria rests province territory consistent national standards including alerts distributed reported would help ensure new alert frameworks real world impact rather existing paper Families advocacy organizations communities called coordinated national approach public alerts use voluntary location finding technology vulnerable people History Open signature August 24 2026 Closed signature December 22 2026 Sign Beep bop bot run ReannLegge problems please DM asked set
"cross-posted from:  https://mander.xyz/post/57238968

> - Illegal wildlife trade, primarily catering to Chinese nationals, is thriving in Cambodia, according to a new [undercover investigation (pdf)](https://web.archive.org/web/20260621103735/https://earthleagueinternational.org/wp-content/uploads/2026/06/ELI-Operation-SANDOKAN-June-2026.pdf) by Earth League International, a U.S.-based NGO fighting environmental crime.
> - Investigators identified five kingpins allegedly running transnational criminal networks in Cambodia that are involved in wildlife smuggling, human and drug trafficking and operate scam centers that defraud targets of money. ELI also mapped trade networks and gathered information on what species are sold and who buys them.
> - The report found many endangered animals and their parts, including tigers, elephants, rhinos and pangolins, openly sold mostly to high-ranking government officials, Chinese expats, wealthy businessmen and Chinese tourists.
> - The report urges China to act against Chinese scam center owners and corrupt officials who facilitate illegal activity and wildlife trade, along with reducing demand for endangered species within its borders.
> 
> ...
> 
> The yearlong investigation revealed a huge demand for wildlife products within Cambodia, fueled by wealthy Chinese and Cambodian buyers.
> 
> “It’s a trafficking enterprise, and a good example of what happens when you don’t do anything … they grow and grow and grow, and at the end, the damage is substantial,” said Andrea Crosta, executive director of ELI. “The big surprise was the incredible quantity of wildlife in the hands of these people.”
> 
> ...
> 
> “I think it’s an excellent piece of work,” said Debbie Banks. She serves as the tiger and wildlife crime campaign lead at the U.K.-based Environmental Investigation Agency (EIA), which also investigates wildlife crimes in Southeast Asia. Banks was not involved in this operation, but EIA has previously uncovered illegal commerce in tiger parts in Laos and Vietnam in operations that also targeted Chinese nationals.
> 
> ...
> 
> Investigators say they identified five cartel kingpins operating in Cambodia who allegedly run transnational criminal networks that smuggle wildlife from across the world.
> 
> ELI reported that all are of Chinese descent and are well connected within Cambodia. Two of them are believed to be the biggest wildlife traders in the lower Mekong region. The public report leaves them nameless; another version handed over to U.S. authorities identified all involved.
> 
> ...
> 
> “Wildlife trafficking in Southeast Asia is in the hands of Chinese nationals by 90%,” Crosta said. He added that they have strong business ties in the region, with investments in real estate and a mix of legal and illegal businesses that include restaurants and clubs as well as scam centers.  They are “very, very prolific” wildlife traffickers, Crosta said.
> 
> ...
> 
> One individual said he raised lions, tigers and primates on his properties — and allegedly trafficked primates, birds and bear parts, according to the investigation. Another said he smuggled wildlife products and narcotics to the West. Yet another said his role was logistics, claiming he could help traffic anything because he had close connections to Cambodian customs officials as well as the country’s political, military and business elites.
> 
> ...
> 
> Meanwhile, the kingpins reportedly said they could supply any species that customers wanted: tigers, elephants, rhinos, pangolins, sea turtles, coral, bears, primates and birds of prey — either alive, dead or in parts.
> 
> They said they had suppliers across the globe, in Africa, Europe, Russia and South Asia.
> 
> ...
> 
> The report found a thriving trade in tigers and their parts in Cambodia. It identified the two traffickers as the major suppliers, selling bones and full skeletons to make tiger wine and offering tiger meat to exclusive restaurants in the capital, Phnom Penh, that are frequented by high-ranking Cambodian government officials and wealthy Chinese businessmen.
> 
> However, these elite dining establishments didn’t just serve tiger meat and wine, the investigation found. They offered pangolin, cobra, red panda and golden pheasant, among other wildlife dishes, with pictures of these animals displayed on the menu.
> 
> Tiger cubs, too, were offered as a delicacy. A promotional video for a holiday menu advertised cubs alongside other wildlife. The cubs were also used to make wine.
> 
> ...
> 
> ELI reported that pangolin meat sold for about $120 per kilogram ($54.50 per pound) — and the customer could keep the scales, which are prized in traditional medicine as a purported treatment for numerous illnesses.
> 
> Tiger bones sold for up to $1,975 per kg ($897 per lb) and  tiger penis went for about $2,633 per kg ($1,197 per lb). The report stated that Chinese embassy officials in Cambodia were major consumers of tiger penis wine, which sold for $1,200 a bottle in 2025.
> 
> ...
> 
> **Report casts shadow on Cambodia’s plan to reintroduce wild tigers**
> 
> Cambodia is also in talks with India to bring Bengal tigers for a proposed plan to reintroduce them in the Cardamom Mountains. The last official sighting of a wild tiger in Cambodia was in 2007, and they were declared “functionally extinct” there a decade ago. Banks said she’s worried how those tigers, if they were brought into the country, would fare.
> 
> “I would urge everyone to take a beat and really review the prospects for success in that endeavor,” Banks said. “The lack of enforcement, the reported corruption and complicity — that is not a good environment to put tigers back into the country. They’ll be at extreme risk, and I think all those involved in seeking the return of tigers into the wild in Cambodia should be holding the government to account to respond and demonstrate effective enforcement.”
> 
> ...
> 
> **China is a top destination for most wildlife products in Cambodia**
> 
> Traffickers often smuggle wildlife contraband along circuitous routes. “These products originate in the range states of species such as rhinos. They may then be smuggled through countries with weaker governance or enforcement; moved by air or sea transport companies that may or may not know what they are carrying; passed through additional criminal or commercial nodes; and eventually sold to end users in consumer markets,” said Gray with the Global Initiative against Transnational Organized Crime.
> 
> ...
> 
> China is one of the world’s largest consumers of wildlife products, and Asia is a growing hub of trade.
> 
> ...
> 
> Most tourists coming from China to Cambodia are government officials and state-owned company employees, the current report found.
> 
> ...
> 
> [Web Archived link](https://web.archive.org/web/20260807135052/https://news.mongabay.com/2026/07/report-reveals-cambodias-appetite-for-tigers-rhinos-and-other-endangered-wildlife/)","cross-posted Illegal wildlife trade primarily catering Chinese nationals thriving Cambodia according new undercover investigation pdf Earth League International U.S.-based NGO fighting environmental crime Investigators identified five kingpins allegedly running transnational criminal networks Cambodia involved wildlife smuggling human drug trafficking operate scam centers defraud targets money ELI also mapped trade networks gathered information species sold buys report found many endangered animals parts including tigers elephants rhinos pangolins openly sold mostly high-ranking government officials Chinese expats wealthy businessmen Chinese tourists report urges China act Chinese scam center owners corrupt officials facilitate illegal activity wildlife trade along reducing demand endangered species within borders yearlong investigation revealed huge demand wildlife products within Cambodia fueled wealthy Chinese Cambodian buyers “It’s trafficking enterprise good example happens don’t anything … grow grow grow end damage substantial,” said Andrea Crosta executive director ELI “The big surprise incredible quantity wildlife hands people.” “I think it’s excellent piece work,” said Debbie Banks serves tiger wildlife crime campaign lead U.K.-based Environmental Investigation Agency EIA also investigates wildlife crimes Southeast Asia Banks involved operation EIA previously uncovered illegal commerce tiger parts Laos Vietnam operations also targeted Chinese nationals Investigators say identified five cartel kingpins operating Cambodia allegedly run transnational criminal networks smuggle wildlife across world ELI reported Chinese descent well connected within Cambodia Two believed biggest wildlife traders lower Mekong region public report leaves nameless another version handed U.S authorities identified involved “Wildlife trafficking Southeast Asia hands Chinese nationals 90%,” Crosta said added strong business ties region investments real estate mix legal illegal businesses include restaurants clubs well scam centers “very prolific” wildlife traffickers Crosta said One individual said raised lions tigers primates properties — allegedly trafficked primates birds bear parts according investigation Another said smuggled wildlife products narcotics West Yet another said role logistics claiming could help traffic anything close connections Cambodian customs officials well country’s political military business elites Meanwhile kingpins reportedly said could supply species customers wanted tigers elephants rhinos pangolins sea turtles coral bears primates birds prey — either alive dead parts said suppliers across globe Africa Europe Russia South Asia report found thriving trade tigers parts Cambodia identified two traffickers major suppliers selling bones full skeletons make tiger wine offering tiger meat exclusive restaurants capital Phnom Penh frequented high-ranking Cambodian government officials wealthy Chinese businessmen However elite dining establishments didn’t serve tiger meat wine investigation found offered pangolin cobra red panda golden pheasant among wildlife dishes pictures animals displayed menu Tiger cubs offered delicacy promotional video holiday menu advertised cubs alongside wildlife cubs also used make wine ELI reported pangolin meat sold 120 per kilogram 54.50 per pound — customer could keep scales prized traditional medicine purported treatment numerous illnesses Tiger bones sold 1,975 per kg 897 per lb tiger penis went 2,633 per kg 1,197 per lb report stated Chinese embassy officials Cambodia major consumers tiger penis wine sold 1,200 bottle 2025 Report casts shadow Cambodia’s plan reintroduce wild tigers Cambodia also talks India bring Bengal tigers proposed plan reintroduce Cardamom Mountains last official sighting wild tiger Cambodia 2007 declared “functionally extinct” decade ago Banks said she’s worried tigers brought country would fare “I would urge everyone take beat really review prospects success endeavor,” Banks said “The lack enforcement reported corruption complicity — good environment put tigers back country They’ll extreme risk think involved seeking return tigers wild Cambodia holding government account respond demonstrate effective enforcement.” China top destination wildlife products Cambodia Traffickers often smuggle wildlife contraband along circuitous routes “These products originate range states species rhinos may smuggled countries weaker governance enforcement moved air sea transport companies may may know carrying passed additional criminal commercial nodes eventually sold end users consumer markets,” said Gray Global Initiative Transnational Organized Crime China one world’s largest consumers wildlife products Asia growing hub trade tourists coming China Cambodia government officials state-owned company employees current report found Web Archived link"
"cross-posted from:  https://mander.xyz/post/57238968

> - Illegal wildlife trade, primarily catering to Chinese nationals, is thriving in Cambodia, according to a new [undercover investigation (pdf)](https://web.archive.org/web/20260621103735/https://earthleagueinternational.org/wp-content/uploads/2026/06/ELI-Operation-SANDOKAN-June-2026.pdf) by Earth League International, a U.S.-based NGO fighting environmental crime.
> - Investigators identified five kingpins allegedly running transnational criminal networks in Cambodia that are involved in wildlife smuggling, human and drug trafficking and operate scam centers that defraud targets of money. ELI also mapped trade networks and gathered information on what species are sold and who buys them.
> - The report found many endangered animals and their parts, including tigers, elephants, rhinos and pangolins, openly sold mostly to high-ranking government officials, Chinese expats, wealthy businessmen and Chinese tourists.
> - The report urges China to act against Chinese scam center owners and corrupt officials who facilitate illegal activity and wildlife trade, along with reducing demand for endangered species within its borders.
> 
> ...
> 
> The yearlong investigation revealed a huge demand for wildlife products within Cambodia, fueled by wealthy Chinese and Cambodian buyers.
> 
> “It’s a trafficking enterprise, and a good example of what happens when you don’t do anything … they grow and grow and grow, and at the end, the damage is substantial,” said Andrea Crosta, executive director of ELI. “The big surprise was the incredible quantity of wildlife in the hands of these people.”
> 
> ...
> 
> “I think it’s an excellent piece of work,” said Debbie Banks. She serves as the tiger and wildlife crime campaign lead at the U.K.-based Environmental Investigation Agency (EIA), which also investigates wildlife crimes in Southeast Asia. Banks was not involved in this operation, but EIA has previously uncovered illegal commerce in tiger parts in Laos and Vietnam in operations that also targeted Chinese nationals.
> 
> ...
> 
> Investigators say they identified five cartel kingpins operating in Cambodia who allegedly run transnational criminal networks that smuggle wildlife from across the world.
> 
> ELI reported that all are of Chinese descent and are well connected within Cambodia. Two of them are believed to be the biggest wildlife traders in the lower Mekong region. The public report leaves them nameless; another version handed over to U.S. authorities identified all involved.
> 
> ...
> 
> “Wildlife trafficking in Southeast Asia is in the hands of Chinese nationals by 90%,” Crosta said. He added that they have strong business ties in the region, with investments in real estate and a mix of legal and illegal businesses that include restaurants and clubs as well as scam centers.  They are “very, very prolific” wildlife traffickers, Crosta said.
> 
> ...
> 
> One individual said he raised lions, tigers and primates on his properties — and allegedly trafficked primates, birds and bear parts, according to the investigation. Another said he smuggled wildlife products and narcotics to the West. Yet another said his role was logistics, claiming he could help traffic anything because he had close connections to Cambodian customs officials as well as the country’s political, military and business elites.
> 
> ...
> 
> Meanwhile, the kingpins reportedly said they could supply any species that customers wanted: tigers, elephants, rhinos, pangolins, sea turtles, coral, bears, primates and birds of prey — either alive, dead or in parts.
> 
> They said they had suppliers across the globe, in Africa, Europe, Russia and South Asia.
> 
> ...
> 
> The report found a thriving trade in tigers and their parts in Cambodia. It identified the two traffickers as the major suppliers, selling bones and full skeletons to make tiger wine and offering tiger meat to exclusive restaurants in the capital, Phnom Penh, that are frequented by high-ranking Cambodian government officials and wealthy Chinese businessmen.
> 
> However, these elite dining establishments didn’t just serve tiger meat and wine, the investigation found. They offered pangolin, cobra, red panda and golden pheasant, among other wildlife dishes, with pictures of these animals displayed on the menu.
> 
> Tiger cubs, too, were offered as a delicacy. A promotional video for a holiday menu advertised cubs alongside other wildlife. The cubs were also used to make wine.
> 
> ...
> 
> ELI reported that pangolin meat sold for about $120 per kilogram ($54.50 per pound) — and the customer could keep the scales, which are prized in traditional medicine as a purported treatment for numerous illnesses.
> 
> Tiger bones sold for up to $1,975 per kg ($897 per lb) and  tiger penis went for about $2,633 per kg ($1,197 per lb). The report stated that Chinese embassy officials in Cambodia were major consumers of tiger penis wine, which sold for $1,200 a bottle in 2025.
> 
> ...
> 
> **Report casts shadow on Cambodia’s plan to reintroduce wild tigers**
> 
> Cambodia is also in talks with India to bring Bengal tigers for a proposed plan to reintroduce them in the Cardamom Mountains. The last official sighting of a wild tiger in Cambodia was in 2007, and they were declared “functionally extinct” there a decade ago. Banks said she’s worried how those tigers, if they were brought into the country, would fare.
> 
> “I would urge everyone to take a beat and really review the prospects for success in that endeavor,” Banks said. “The lack of enforcement, the reported corruption and complicity — that is not a good environment to put tigers back into the country. They’ll be at extreme risk, and I think all those involved in seeking the return of tigers into the wild in Cambodia should be holding the government to account to respond and demonstrate effective enforcement.”
> 
> ...
> 
> **China is a top destination for most wildlife products in Cambodia**
> 
> Traffickers often smuggle wildlife contraband along circuitous routes. “These products originate in the range states of species such as rhinos. They may then be smuggled through countries with weaker governance or enforcement; moved by air or sea transport companies that may or may not know what they are carrying; passed through additional criminal or commercial nodes; and eventually sold to end users in consumer markets,” said Gray with the Global Initiative against Transnational Organized Crime.
> 
> ...
> 
> China is one of the world’s largest consumers of wildlife products, and Asia is a growing hub of trade.
> 
> ...
> 
> Most tourists coming from China to Cambodia are government officials and state-owned company employees, the current report found.
> 
> ...
> 
> [Web Archived link](https://web.archive.org/web/20260807135052/https://news.mongabay.com/2026/07/report-reveals-cambodias-appetite-for-tigers-rhinos-and-other-endangered-wildlife/)","cross-posted Illegal wildlife trade primarily catering Chinese nationals thriving Cambodia according new undercover investigation pdf Earth League International U.S.-based NGO fighting environmental crime Investigators identified five kingpins allegedly running transnational criminal networks Cambodia involved wildlife smuggling human drug trafficking operate scam centers defraud targets money ELI also mapped trade networks gathered information species sold buys report found many endangered animals parts including tigers elephants rhinos pangolins openly sold mostly high-ranking government officials Chinese expats wealthy businessmen Chinese tourists report urges China act Chinese scam center owners corrupt officials facilitate illegal activity wildlife trade along reducing demand endangered species within borders yearlong investigation revealed huge demand wildlife products within Cambodia fueled wealthy Chinese Cambodian buyers “It’s trafficking enterprise good example happens don’t anything … grow grow grow end damage substantial,” said Andrea Crosta executive director ELI “The big surprise incredible quantity wildlife hands people.” “I think it’s excellent piece work,” said Debbie Banks serves tiger wildlife crime campaign lead U.K.-based Environmental Investigation Agency EIA also investigates wildlife crimes Southeast Asia Banks involved operation EIA previously uncovered illegal commerce tiger parts Laos Vietnam operations also targeted Chinese nationals Investigators say identified five cartel kingpins operating Cambodia allegedly run transnational criminal networks smuggle wildlife across world ELI reported Chinese descent well connected within Cambodia Two believed biggest wildlife traders lower Mekong region public report leaves nameless another version handed U.S authorities identified involved “Wildlife trafficking Southeast Asia hands Chinese nationals 90%,” Crosta said added strong business ties region investments real estate mix legal illegal businesses include restaurants clubs well scam centers “very prolific” wildlife traffickers Crosta said One individual said raised lions tigers primates properties — allegedly trafficked primates birds bear parts according investigation Another said smuggled wildlife products narcotics West Yet another said role logistics claiming could help traffic anything close connections Cambodian customs officials well country’s political military business elites Meanwhile kingpins reportedly said could supply species customers wanted tigers elephants rhinos pangolins sea turtles coral bears primates birds prey — either alive dead parts said suppliers across globe Africa Europe Russia South Asia report found thriving trade tigers parts Cambodia identified two traffickers major suppliers selling bones full skeletons make tiger wine offering tiger meat exclusive restaurants capital Phnom Penh frequented high-ranking Cambodian government officials wealthy Chinese businessmen However elite dining establishments didn’t serve tiger meat wine investigation found offered pangolin cobra red panda golden pheasant among wildlife dishes pictures animals displayed menu Tiger cubs offered delicacy promotional video holiday menu advertised cubs alongside wildlife cubs also used make wine ELI reported pangolin meat sold 120 per kilogram 54.50 per pound — customer could keep scales prized traditional medicine purported treatment numerous illnesses Tiger bones sold 1,975 per kg 897 per lb tiger penis went 2,633 per kg 1,197 per lb report stated Chinese embassy officials Cambodia major consumers tiger penis wine sold 1,200 bottle 2025 Report casts shadow Cambodia’s plan reintroduce wild tigers Cambodia also talks India bring Bengal tigers proposed plan reintroduce Cardamom Mountains last official sighting wild tiger Cambodia 2007 declared “functionally extinct” decade ago Banks said she’s worried tigers brought country would fare “I would urge everyone take beat really review prospects success endeavor,” Banks said “The lack enforcement reported corruption complicity — good environment put tigers back country They’ll extreme risk think involved seeking return tigers wild Cambodia holding government account respond demonstrate effective enforcement.” China top destination wildlife products Cambodia Traffickers often smuggle wildlife contraband along circuitous routes “These products originate range states species rhinos may smuggled countries weaker governance enforcement moved air sea transport companies may may know carrying passed additional criminal commercial nodes eventually sold end users consumer markets,” said Gray Global Initiative Transnational Organized Crime China one world’s largest consumers wildlife products Asia growing hub trade tourists coming China Cambodia government officials state-owned company employees current report found Web Archived link"
"Slingshot Speeders [v0.1.3](https://slingshotspeeders.com/changelog) is up on https://slingshotspeeders.com/. Play in the browser. No install.

### Home

- Home is **MENU** plus **Sign in with Google**. Account, standings, FAQ, and the rest live on their own pages.
- Sign in with Google sits on home next to HOW TO PLAY. YOUR RUNS follows that account.
- YOUR RUNS has SIGN OUT when you are signed in.
- Signed-in pilots get a public profile (`/u/…`) with rating, Season Alpha points, Trefoil Elo, and Watch links.
- Profile links are a short code, not a row number. Gold names like `/u/james` stay.
- Public profile names homemade maps, shows career totals (distance, Δv, time, maps won), and paints an **alpha supporter** gold name.
- Profile and Usage plot each stat on its own chart — distance, Δv, time, plays, and wins, not stacked on one graph.
- Home **ALPHA SUPPORTER COMMUNITY MAPS** is open whether you are signed in or not. **MapMake** stays for signed-in alpha supporters.
- **MapMake** has one HOME. The ship HUD (speed, Δv, chips) only shows when you PLAY the draft.
- **STANDINGS** is Season Alpha: championship points from SCORE / TIME / Δv, and a separate Trefoil Elo. It resets when Season 0 starts.
- Home maps are Easy, then Medium, then Hard. **Temple** is Medium. **Rendezvous** is last (Hard).
- **Prime** is the beginner map: two small wells side by side. Start clockwise on the left; capture the green ring on the right.
- **Temple** no longer has a **New!** mark.
- MENU closes when you click off it.
- MENU **Sign out** sits at the bottom when you are signed in. Hover stays inside the panel.
- MENU has **Race standard** — the Stock ship every public board uses.
- Signed in? PLAY uses your name. No YOUR NAME prompt. Alpha supporter names are gold on SCORE / TIME / Δv.
- SCORE and TIME numbers are white, so gold names stand out.
- SCORE / TIME / Δv headers are white with a border when selected — not gold.
- **1 flying** is white, in a small outline next to the map name.
- Profile tabs switch — Maps, History, Trefoil, Share.
- Copy link lives on Share. Sign out is in Menu. **Alpha supporter** is a gold badge next to the name. The round portrait is the trefoil.
- FAQ answers how Season Alpha ranks work — championship points, the 0–1000 rating, and Trefoil Elo.

### Play

- A **3 · 2 · 1** counts you in before the ship moves. The clock and the tape start when it hits zero. Restart is a quick **1**.
- Official runs save after the 3-2-1 — Orion and the rest.
- Other pilots flying the same map show up beside you, dimmed. They cannot push you or crash you, and your run is still your own.
- Empty tank is not a lose. You keep coasting. Crash or the 10-minute cap still ends the run. On Trefoil you can burn the last of the tank and glide over the line.
- Trefoil **fastest** only lists real finishes. A crash is not 0s.
- Trefoil **RECENT** / **FASTEST** turn white with a border when selected.
- Every map has a **JOIN** card now, and home shows how many pilots are on each one.
- Home map names say **1 flying** when someone is on that map — not a missing-font box.
- Spectate: SHIP / WORLD / FREE at the bottom, and LOBBY opens the JOIN card so you can fly or watch again without going home.
- Homemade maps capture a closed orbit in the green ring, same as Orion.
- Capture needs a full loop inside the green ring. A nearby well yanking you out the other side does not count.
- A closed orbit inside the green ring is a win even if another well would tug it later.
- A win on a homemade map shows up on that map's SCORE / TIME / Δv so you can watch it.
- Homemade maps with moving wells start those wells in the same place every play.

### Ship

- Kill-rot dumps spin faster and stops clean. It no longer crawls at the end.
- RCS and Q/E jets shoot out the way they push, same white exhaust as the main engine.
- The stock ship leaves a white exhaust trail when you burn the main engine.
- Main-engine smoke is left behind the ship and fades, not stuck to the tail.
- Main-engine exhaust is smoke left behind the ship — no tail flame.
- Main-engine smoke is a wider plume and hangs a bit longer.
- Afterburn throws a bigger, faster jet than regular main. Exhaust puffs are finer and shoot out quicker.
- **5** hides the trajectory line. Same control in Watch. 4 is still arrows.
- The trajectory line is back in play. 5 still hides it.
- Every well now draws a faint outer circle: that is how far its gravity reaches before it fades to nothing. The ring is quieter so it does not shout over the well.

### Watch

- After rewind hits the start, 1x plays again. You do not have to tap PLAY.
- Afterburn marks on the flown path are twice as long as regular burns.
- A gold name on Watch opens that alpha supporter's profile.
- That name is a light gold chip with dark gold type — not a green SHARE button.
- Links open the tape without flashing home first.
- `[` at 1x rewinds. Speed goes `-1x`, `-2x`, and so on. SHIP / WORLD / FREE sit under play with PATH.
- Path rotate marks match live Q/E, and the arrow heads are larger.
- Rotate icons on the flown path follow Q and E.
- Pink and red burn arrows point the way you thrust, not along the flown path.
- Burn arrows are longer, thinner darts, spaced out along a held burn instead of stacking up.
- Time slider: grab the dot.
- Rewind (`|<<`) jumps to the start of the tape. `<<` / `>>` still skip 5 s.
- Scrubbing lands on the time you dragged to, and the transport bar is wider so the slider has room.

### MapMake

- Drag a well's edge to resize it. Bigger wells pull harder and reach further — twice the radius is four times the pull. Grab the middle to move it, the rim to resize it. Pushers and moving wells work the same way.
- The trajectory line follows a moving N-body the same way it does on Planet & Moon.
- Park a closed orbit in the green ring to win. The circle does not have to sit exactly on the well.
- Drag the start pad to move it. Drag the gold stick to set heading and speed.
- Drag an N-body's gold stick to set its starting speed.
- Deleting a moving well takes it off the map.

### Alpha supporter maps

- The community shelf is **Alpha Supporter Community Maps**. The $10 pack is alpha supporters.
- **Supporter Community Maps** is the shelf of maps from supporters. Cards say who saved them and when.
- Alpha Supporter Community Maps has **NEW MAP**.
- SUBMIT a community map asks you to name it (20 characters). Recent runs and profiles show that name, not HOMEMADE.
- SUBMIT locks a community map. You cannot change that version. COPY opens a new draft from it. Three submitted maps max.
- Each supporter community map has its own SCORE / TIME / Δv under PLAY and EDIT. Click a row to watch that tape.
- Community map thumbnails sit on the start pad.

https://slingshotspeeders.com/ 

PLAY FOR FREE, IN BROWSER, NO ACCOUNT REQUIRED. 2d top down first orbital racing game, competitive speed runs.
",Slingshot Speeders v0.1.3 Play browser install Home Home MENU plus Sign Google Account standings FAQ rest live pages Sign Google sits home next PLAY RUNS follows account RUNS SIGN signed Signed-in pilots get public profile u/… rating Season Alpha points Trefoil Elo Watch links Profile links short code row number Gold names like u/james stay Public profile names homemade maps shows career totals distance Δv time maps paints alpha supporter gold name Profile Usage plot stat chart — distance Δv time plays wins stacked one graph Home ALPHA SUPPORTER COMMUNITY MAPS open whether signed MapMake stays signed-in alpha supporters MapMake one HOME ship HUD speed Δv chips shows PLAY draft STANDINGS Season Alpha championship points SCORE TIME Δv separate Trefoil Elo resets Season 0 starts Home maps Easy Medium Hard Temple Medium Rendezvous last Hard Prime beginner map two small wells side side Start clockwise left capture green ring right Temple longer New mark MENU closes click MENU Sign sits bottom signed Hover stays inside panel MENU Race standard — Stock ship every public board uses Signed PLAY uses name NAME prompt Alpha supporter names gold SCORE TIME Δv SCORE TIME numbers white gold names stand SCORE TIME Δv headers white border selected — gold 1 flying white small outline next map name Profile tabs switch — Maps History Trefoil Share Copy link lives Share Sign Menu Alpha supporter gold badge next name round portrait trefoil FAQ answers Season Alpha ranks work — championship points 0–1000 rating Trefoil Elo Play 3 · 2 · 1 counts ship moves clock tape start hits zero Restart quick 1 Official runs save 3-2-1 — Orion rest pilots flying map show beside dimmed cannot push crash run still Empty tank lose keep coasting Crash 10-minute cap still ends run Trefoil burn last tank glide line Trefoil fastest lists real finishes crash 0s Trefoil RECENT FASTEST turn white border selected Every map JOIN card home shows many pilots one Home map names say 1 flying someone map — missing-font box Spectate SHIP WORLD FREE bottom LOBBY opens JOIN card fly watch without going home Homemade maps capture closed orbit green ring Orion Capture needs full loop inside green ring nearby well yanking side count closed orbit inside green ring win even another well would tug later win homemade map shows map's SCORE TIME Δv watch Homemade maps moving wells start wells place every play Ship Kill-rot dumps spin faster stops clean longer crawls end RCS Q/E jets shoot way push white exhaust main engine stock ship leaves white exhaust trail burn main engine Main-engine smoke left behind ship fades stuck tail Main-engine exhaust smoke left behind ship — tail flame Main-engine smoke wider plume hangs bit longer Afterburn throws bigger faster jet regular main Exhaust puffs finer shoot quicker 5 hides trajectory line control Watch 4 still arrows trajectory line back play 5 still hides Every well draws faint outer circle far gravity reaches fades nothing ring quieter shout well Watch rewind hits start 1x plays tap PLAY Afterburn marks flown path twice long regular burns gold name Watch opens alpha supporter's profile name light gold chip dark gold type — green SHARE button Links open tape without flashing home first 1x rewinds Speed goes 1x 2x SHIP WORLD FREE sit play PATH Path rotate marks match live Q/E arrow heads larger Rotate icons flown path follow Q E Pink red burn arrows point way thrust along flown path Burn arrows longer thinner darts spaced along held burn instead stacking Time slider grab dot Rewind jumps start tape still skip 5 Scrubbing lands time dragged transport bar wider slider room MapMake Drag well's edge resize Bigger wells pull harder reach — twice radius four times pull Grab middle move rim resize Pushers moving wells work way trajectory line follows moving N-body way Planet Moon Park closed orbit green ring win circle sit exactly well Drag start pad move Drag gold stick set heading speed Drag N-body's gold stick set starting speed Deleting moving well takes map Alpha supporter maps community shelf Alpha Supporter Community Maps 10 pack alpha supporters Supporter Community Maps shelf maps supporters Cards say saved Alpha Supporter Community Maps NEW MAP SUBMIT community map asks name 20 characters Recent runs profiles show name HOMEMADE SUBMIT locks community map cannot change version COPY opens new draft Three submitted maps max supporter community map SCORE TIME Δv PLAY EDIT Click row watch tape Community map thumbnails sit start pad PLAY FREE BROWSER ACCOUNT REQUIRED 2d top first orbital racing game competitive speed runs
"Endangered Asiatic wild dogs in central India almost entirely eat wild prey, even where they overlap with livestock, according to a recent study. The findings show that maintaining healthy wild prey populations is key to conserving the species, reports contributor Rajeev Tyagi for Mongabay India. The study, led by the National Centre for Biological Sciences (NCBS) in Bengaluru and the Maharashtra Forest Department, analyzed the feces or scat of dholes or Asiatic wild dogs (Cuon alpinus) inside the Tadoba-Andhari Tiger Reserve in the state of Maharashtra. Instead of scooping up entire piles of dhole scat, forest staff and researchers collected only small pinches of material during the monsoon and winter of 2022-2023. Researchers then used a method called DNA metabarcoding to analyze what the dholes had eaten. It’s a technique that extracts genetic material from fecal samples and matches it against a massive reference database containing information from tens of thousands of species. Traditional methods for analyzing carnivore diets rely on microhistology — examining prey hairs found in animal feces of scat under a microscope. But this method is vulnerable to observer bias, said study co-author and molecular ecologist Abhinav Tyagi. “Different people can categorise hair differently, and it induces a human or an observer’s bias,” Tyagi said. Arjun Srivathsa, a wildlife biologist affiliated with the Wildlife Conservation Society – India and not involved in the study, said that traditional methods are also prone to errors like misidentification of species or non-detection of certain species. However, the DNA barcoding method…This article was originally published on [Mongabay](https://news.mongabay.com/short-article/2026/08/dna-analysis-of-asiatic-wild-dogs-scat-in-india-reveals-wild-prey-preference/)

---

**From [Conservation news](https://news.mongabay.com/feed/) via [This RSS Feed](https://news.mongabay.com/feed/).**","Endangered Asiatic wild dogs central India almost entirely eat wild prey even overlap livestock according recent study findings show maintaining healthy wild prey populations key conserving species reports contributor Rajeev Tyagi Mongabay India study led National Centre Biological Sciences NCBS Bengaluru Maharashtra Forest Department analyzed feces scat dholes Asiatic wild dogs Cuon alpinus inside Tadoba-Andhari Tiger Reserve state Maharashtra Instead scooping entire piles dhole scat forest staff researchers collected small pinches material monsoon winter 2022-2023 Researchers used method called DNA metabarcoding analyze dholes eaten It’s technique extracts genetic material fecal samples matches massive reference database containing information tens thousands species Traditional methods analyzing carnivore diets rely microhistology — examining prey hairs found animal feces scat microscope method vulnerable observer bias said study co-author molecular ecologist Abhinav Tyagi “Different people categorise hair differently induces human observer’s bias,” Tyagi said Arjun Srivathsa wildlife biologist affiliated Wildlife Conservation Society – India involved study said traditional methods also prone errors like misidentification species non-detection certain species However DNA barcoding method…This article originally published Mongabay Conservation news via RSS Feed"
"*This story was reported and produced by Injustice Watch, a nonprofit newsroom in Chicago that investigates issues of equity and justice in the court system. Sign up here to get their [weekly newsletter](https://www.injusticewatch.org/subscribe/).*

Minutes after Riverton police officer Brad Herzog ran 31-year-old Daniel Torrez Perez’s name through a law enforcement database one night in April 2025, his phone rang. It was the FBI.

“Every bell and whistle went off,” said Jack Griffin, the agent on the other end of the line.

Herzog had pulled Torrez over for going 15 miles above the speed limit on a rural two-lane highway just northeast of Springfield, Illinois. Herzog ran Torrez’s name and date of birth on his squad car laptop to confirm his identity. His search tripped a federal alert, and within minutes Griffin was on the line.

The exchange was captured on body-worn camera footage obtained by Injustice Watch through a Freedom of Information Act request.

Torrez had an administrative Immigration and Customs Enforcement warrant, meaning ICE was seeking to arrest him for deportation.

Griffin was with the FBI, not ICE. His call that night reflects the [bureau’s increased role in immigration enforcement](https://theintercept.com/2026/05/01/fbi-ice-immigration-enforcement/) in the second Trump administration.

Under state law, Herzog couldn’t hold Torrez for federal agents.

In 2017, Illinois passed the TRUST Act on the principle that immigration is governed by federal civil law and local police have no business enforcing it. It was a sentiment bipartisan enough that a Republican governor, Bruce Rauner, signed it.

The law limits Illinois law enforcement agencies’ ability to assist immigration agents: They can’t transfer people to ICE custody without a criminal warrant signed by a judge, allow ICE agents to call or visit someone in a local jail, or “assist in any capacity with an immigration agents’ enforcement operations.”

Griffin knew that the immigration warrant was off-limits to Herzog.

“I know you can’t act on that,” Griffin told him. “I know this puts you in a weird bind.”

Then the FBI agent offered a way around it: Torrez also had an outstanding state warrant on a DUI charge, he noted. Herzog couldn’t arrest Torrez on the immigration warrant, but he could arrest him on the state one. The charge had nothing to do with immigration, but the outcome Griffin wanted was the same.

“You can take him under the state warrant, and that would hold him overnight,” Griffin said. “I don’t wanna miss my opportunity here.”

Herzog agreed to arrest Torrez on the state warrant and book him into the local jail, ensuring he wouldn’t be released that night.

“I appreciate that, thank you very much,” Griffin said, adding that he’d look for Torrez the next morning.

“Sounds good,” Herzog replied.

[![](https://theintercept.com/wp-content/uploads/2026/04/GettyImages-2219062487-e1777582629172.jpg?w=440&h=440&crop=1) 

Related
-------

### FBI Redirected a Quarter of Staff to Target Immigrants Under Trump’s Deportation Push](https://theintercept.com/2026/05/01/fbi-ice-immigration-enforcement/)

In the first 15 months following President Donald Trump’s return to office, local officials from at least 75 agencies across Illinois fed information to federal immigration agents, sometimes in apparent violation of state law. In over a third of Illinois counties, at least one police department, sheriff’s office, or state’s attorney’s office collaborated with federal agents. At least 150 people in Illinois were swept into the immigration system this way, in a state that presented itself as a shield against it.

Injustice Watch’s investigation draws on more than 30 hours of body-worn camera footage, 394 records requests, and more than 100 court filings, as well as conversations with more than 20 people who were flagged, detained, or deported, and more than 50 of their relatives. Many would talk only on the condition of anonymity, afraid of retaliation or ashamed of what had happened to them.

Illinois’s TRUST Act is one of the strongest laws in the nation meant to protect immigrants and has often been cited as a national model. More than a dozen states, including New York and California, have similar laws.

But the records unearthed in Illinois show a pattern of continued collaboration with federal immigration agencies that raise questions about the limits of such laws: Sheriffs honoring ICE detainers the law forbids them to honor. Police departments emailing federal agents the home addresses, employers, and daily whereabouts of people stopped for speeding. A local detective asking ICE to run the immigration status of an armed-robbery victim. Officers with a local badge and an ICE email address, sharing immigration data that’s supposed to be off-limits to them. Jails releasing people directly to waiting ICE agents, at the federal government’s direction.

The TRUST Act came with exceptions: Police can act on a federal criminal warrant, volunteer someone’s immigration status, or release an arrest report on request. And it left shared databases untouched — simply running a name through a law enforcement database is enough to trip a federal alert, the way it did the night Torrez was pulled over.

Some agencies refused to turn over records sought through FOIA requests; Injustice Watch is suing more than a dozen local, state, and federal agencies to pry them loose. The true count of people swept up under [local-federal collaborations](https://theintercept.com/2025/10/20/trump-national-police-force-ice-287g/) is almost certainly higher, in part because of missing records.

When taken one by one, collaborations between local officials and federal immigration agents may appear as small, isolated incidents. But at the end of that paper trail are at least 150 people uprooted from their lives in Illinois and funneled into the deportation system, in a state whose leaders had promised over and over again that it wouldn’t happen here.

Collaboration by Keystroke
--------------------------

The most common kind of collaboration was also the simplest: a local official pulling up a record and emailing it to an ICE agent. Roughly 85 such exchanges appear across the records reviewed by Injustice Watch.

The TRUST Act specifically prohibits state and local law enforcement officers from “providing information in response to any immigration agent’s inquiry or request for information regarding any individual in the agency’s custody” unless required to by a judge’s warrant or federal law.

César Cuauhtémoc García Hernández, an Ohio State University law professor who studies how criminal and immigration systems intersect, describes this type of collaboration as one built on “the kinds of professional relationships that commonly develop among law enforcement officers, especially in small communities where people know each other.”

Most are “entirely aboveboard,” he said, but they can sometimes “clash with directives, like what we see in the TRUST Act.”

In Tinley Park, a southwest Chicago suburb, communications with ICE agents flowed freely.

It started, the department’s emails show, at an early 2025 law enforcement meeting in Hinsdale, where Tinley Park detectives met [Homeland Security Investigations](https://theintercept.com/2025/06/20/mahmoud-khalil-homeland-security-investigations-ice-surveillance/) special agent Daniel Mejdrech. Word moved through the department that Mejdrech, as one officer later [put it in an email](https://www.documentcloud.org/documents/28560439-tinley-park-heneghan-mejdrech/), “may be interested in cases with individuals with warrants that are not citizens or on a visa.”

In March 2025, Detective Justin Rzeszutko emailed Mejdrech [a suspect’s passport photo](https://www.documentcloud.org/documents/28567464-tinley-park-police-rzeszutko-mejdrech/) and asked for “recent USA entry/exit photos.” The agent wrote back that the man had used aliases, had been deported from Canada, and sat on “a watchlist,” and offered to help locate him if the detective sent along addresses or associates. When Rzeszutko later secured an arrest warrant, Mejdrech volunteered muscle: “If you want manpower when you grab him, say the word and I can bring some folks.”

In April 2025, an [ICE agent asked](https://www.documentcloud.org/documents/28567466-tinley-park-police-lamas-wubbenhorst/) Tinley Park officer Jason L’Amas for “lead data” on a man the officer had stopped for speeding. The officer sent back the man’s driver’s license number, home address, phone number, and employer, and flagged where to find him: “His crew is doing work in Tinley Park currently.”

Months later, in a case first [reported](https://www.chicagotribune.com/2026/04/15/aclu-tinley-park-police-trust-act/) by the Chicago Tribune, L’Amas [emailed an ICE deportation officer](https://www.documentcloud.org/documents/28567467-tinley-park-police-lamas-stodolny-fuller/) a report about a different man; days later, the ICE officer wrote back: “Just a heads up we took this guy into custody today.” Injustice Watch identified the man and confirmed he was deported to Honduras.

Ed Yohnka, a director at the American Civil Liberties Union of Illinois, said these two exchanges may have violated the TRUST Act. Individual officers using informal connections with federal agents to share information about people they’d encountered without a warrant “is not supposed to be something that state or local police inquire about,” he said.

The first email exchange, he said, was a sign of something broader: a culture or belief in the Tinley Park Police Department that assisting with immigration enforcement was appropriate behavior, despite state law.

Tinley Park Police Chief Thomas Tilton didn’t respond to questions about his officers’ interactions with federal immigration officials. Neither did Village Manager Pat Carr.

Illinois Attorney General Kwame Raoul has extraordinary power to investigate TRUST Act violations: He can hold hearings, examine officials under oath, and issue subpoenas for records. But he rarely exercises that authority.

“The Attorney General’s office uses a compliance-oriented approach in carrying out its TRUST Act enforcement responsibilities,” Raoul said in a statement. “This approach includes providing trainings, technical assistance and nonregulatory guidance to law enforcement agencies throughout Illinois.” He declined to answer questions about Tinley Park or to specify how many times his office has taken enforcement action under the statute.

The ACLU of Illinois, meanwhile, has long pushed the attorney general’s office for increased monitoring of the law.

“One of the things that we often see in law enforcement generally is that individual officers too often believe that they can apply their own judgment to what should be permissible as opposed to what is required” under the state and federal law, said Yohnka. “And then there isn’t the kind of vigorous accountability for those actions.”

![](https://theintercept.com/wp-content/uploads/2026/08/MAIN_2_fade.jpg?fit=4096%2C3072)


Illustration: Verónica Martinez/Injustice Watch

The Officers with Two Badges
----------------------------

In Hoffman Estates, a detective found a federal contact in his own department. Tom LaPak has been a police officer there since 2001 and, since 2004, a Homeland Security Investigations task force officer assigned to its financial investigations group. He carries a village badge and uses an ICE email address.

That’s because task force officers like LaPak are local cops the state cross-deputizes to work federal criminal cases.

The TRUST Act carves out room for this: It allows local officers to work with agencies like Homeland Security Investigations on criminal matters “in order to ensure public safety.”

The law doesn’t allow federal agents to use that partnership to enforce immigration law. For example, the law draws a line between tracking down a scam ring and checking a victim’s immigration status.

Records reviewed by Injustice Watch show some officers appeared to have crossed that line anyway.

On the morning of September 4, 2025, Marc Shaw, a Hoffman Estates detective, [emailed LaPak about an armed robbery](https://www.documentcloud.org/documents/28567826-hoffman-estates-police-shaw-lapak/) — but not to ask about the robber.

Shaw wrote that “some red flags have been raised with the victim.” The case might be staged, he suspected, to support a U visa claim.

A U visa [offers a path to citizenship](https://www.injusticewatch.org/projects/u-visa/) for certain victims who report crimes and cooperate with police. Both that protection and Illinois’s own TRUST Act rest on the same idea: encouraging immigrants to come forward to law enforcement agencies without triggering their own deportation.

But Shaw’s email treated a victim’s possible path to protection as a reason to suspect him of fraud.

“I was wondering if it’s possible to check his citizenship status to see if I’m tracking this correctly or the issues that have been arising are coincidental,” Shaw wrote.

LaPak wrote back the same afternoon. “I’m still waiting on confirmation, but it appears he is a Visa overstay,” he wrote. “He should have left the U.S. in 2016.”

“Ok thanks that’s definitely good to know,” Shaw replied. “I appreciate it!”

Reached by phone, Hoffman Estates Police Chief Kasia Cawley said her department didn’t violate the TRUST Act. She also defended her detective, who she said had recently participated in a training on spotting U visa fraud and had a hunch that something was off because there were no witnesses to the crime, she said.

The man was never charged — or told his status had been checked.

Cooperation with task force officers ran the other way, too, with the federal government reaching through them to enlist local officers in immigration operations.

[![](https://theintercept.com/wp-content/uploads/2025/10/GettyImages-2239013482-e1760728964436.jpg?w=440&h=440&crop=1) 

Related
-------

### Trump “National Police Force” Built on ICE Partnerships With Local Agencies Like… Wildlife Commissions?](https://theintercept.com/2025/10/20/trump-national-police-force-ice-287g/)

On January 13, 2025, a week before Trump’s inauguration, a Homeland Security Investigations Chicago supervisor [emailed dozens of agents and task force officers](https://www.documentcloud.org/documents/28567828-all-hands-meeting/) about “several operations in furtherance of the new administration’s objectives.” A joint operation with Enforcement and Removal Operations — ICE’s deportation arm — was set to run January 21 through 27. It would focus, the email said, on “non-citizens who pose the highest public safety risk,” along with employer inspections of area businesses.

“It is important that as many personnel as possible — including our task force officers — participate,” the supervisor wrote.

The distribution list included officers at police departments in Urbana, Peoria, Decatur, and across central Illinois — local cops looped into the planning of a federal deportation operation.

Two police chiefs reached by Injustice Watch distanced themselves from the operations. Urbana Police Chief Larry Boone said his task force officers joined a Zoom briefing but didn’t participate in removal operations. Peoria’s chief, Bradley Dixon, said his officers didn’t either. Decatur chief Brad Allen did not respond to questions.

Collaboration by Default
------------------------

When Riverton officer Herzog ran Daniel Torrez’s name the night of that traffic stop, he didn’t contact the FBI; the database did.

Fingerprints taken at booking are automatically routed through a network of databases that flows from the Illinois State Police to the FBI. From there, they reach the Department of Homeland Security, where they’re checked against immigration databases. An arrest for almost anything — a DUI, shoplifting — can surface a decades-old immigration record and tell ICE exactly where to find the person.

Injustice Watch reviewed more than 40 federal court affidavits in which a fingerprint taken at a local booking and matched against federal records helped build an immigration case.

Spencer Reynolds, senior counsel at the NAACP Legal Defense Fund and a former Department of Homeland Security attorney, said the automatic sharing of data “is a fundamental threat to protective laws for residents and visitors in any given state.”

[![](https://theintercept.com/wp-content/uploads/2026/03/GettyImages-2206357087-e1773769842660.jpg?w=440&h=440&crop=1) 

Related
-------

### Trump Wants to Put You in a Massive, Secret Government Database](https://theintercept.com/2026/03/17/government-surveillance-centralized-database-privacy/)

In a statement, a spokesperson for the FBI said agents “work within the law and policy to support our partners in immigration enforcement and protect the U.S. from a variety of threats.”

In interviews and emails, local police chiefs described the booking process as one beyond their control. Fingerprints are automatically sent to the state and federal systems, and local agencies can’t opt out of the system or dictate what Illinois State Police or federal agents do with the data. As O’Fallon chief Kirk Brueggeman put it, the department has “no say in how a federal agent — operating under a different set of laws — uses those resources that we do not control.”

Illinois State Police Director Brendan Kelly didn’t respond to questions about how his agency transmits data to federal agencies.

Kelly was handpicked by Gov. JB Pritzker, who consistently made promises to protect all residents across Illinois. Shortly after Trump was elected in 2024, Pritzker told cable news, “I’m going to do everything I can to protect our undocumented immigrants.” At a conference this past April, he recalled how he’s been standing up to Trump’s anti-immigrant policies since the president’s first term.

Pritzker didn’t respond to questions about how state police share immigration-related information.

The automatic transmission of data is so pervasive that it even touches the few departments that, in a review of public records, turn ICE away when it comes knocking.

In February, Zenobia Jones, an administrative staffer for the Atlanta, Georgia, immigration court prosecutor, [asked Aurora police records staff](https://www.documentcloud.org/documents/28568864-aurora-police-robles-jones/) for documents related to an individual — but didn’t get far.

“The Illinois TRUST Act generally prohibits local law enforcement from sharing information with federal immigration agencies with limited exceptions,” wrote Aurora police records manager Elizabeth Robles. Jones never wrote back. Two months later, an ICE deportation officer named Gregory Ortiz [made a similar request](https://www.documentcloud.org/documents/28568875-aurora-police-robles-ortiz/) from the same department. Robles handed Ortiz the same response. Ortiz never wrote back, either.

But for all the resistance the Aurora Police Department put up against ICE requests, it couldn’t stop the automatic sharing of fingerprints gathered in the course of routine arrests — three of which, court records show, were used as part of federal immigration cases.

![](https://theintercept.com/wp-content/uploads/2026/08/MAIN_3_fade.jpg?fit=4096%2C3072)


Illustration: Verónica Martinez/Injustice Watch

Honoring ICE Detainers
----------------------

The U.S. Marshals Service takes custody of people accused in federal criminal cases, as well as some of those serving shorter sentences. Because it operates no jails of its own, the agency contracts with local jails for bed space, including facilities in Illinois.

The TRUST Act bars Illinois jails from similar contracts with ICE, and explicitly bars them from honoring ICE detainers — civil requests to hold a person past their scheduled release. It also prohibits jails from handing anyone over to ICE.

Some jails do it anyway, at the Marshals’ direction.

In October 2025, a man who’d pleaded guilty to drug charges was in Marshals custody at the Marion County Jail in southern Illinois. Marshals administrator Lauren Patterson [emailed an ICE agent](https://www.documentcloud.org/documents/28568876-marion-sheriff-eddings-patterson/) asking if the agency could take him from the jail, then told the jail ICE would collect him on October 12.

That day, a sergeant confirmed to Patterson and several ICE agents that the man “was picked up by ICE approximately 0715 this morning.”

Two months later, the Marshals Service [instructed the jail](https://www.documentcloud.org/documents/28568878-marion-sheriff-brigham/) to release another man into ICE custody, and once again, the jail obliged.

Marion County Sheriff Kevin Cripps, who runs the jail, insists his office did nothing wrong.

“We at no time had contact with ICE,” he said. His jail houses people for the Marshals Service, and when he releases them he does so only while “acting under their authority.”

Documents reviewed by Injustice Watch suggest a similar pattern across other Illinois jails. In effect, the Trump administration, not Illinois law, decides whom a state jail releases to immigration agents.

In a statement, the Marshals placed responsibility on the sheriffs.

“Should state law prohibit the jails from honoring detainers,” a spokesperson said, the agency “would anticipate that the jails follow their state law.”

Asked whether his office would do anything to address the practice, Attorney General Raoul declined to answer.

[![](https://theintercept.com/wp-content/uploads/2026/07/0723-ICE-shootings-copy-e1784824695336.jpg?w=440&h=440&crop=1) 

Related
-------

### Trump’s National Killer Police Force](https://theintercept.com/2026/07/24/trump-ice-deaths-mass-deportation/)

State laws bind local officials but can’t bind the federal government. As García Hernández, the law professor, explained, “the Marshals Service or DHS, they can come knocking as often as they like” — it’s up to local officials to abide by state law. But, he added, so many loopholes are baked into laws like the TRUST Act that it can “allow the exceptions to swallow the rule.”

In some counties, sheriffs aren’t taking direction from the Marshals Service and are instead honoring ICE detainers directly — a direct violation of the TRUST Act. Records indicate that at least four counties have done so since Trump returned to office.

In late June 2025, Hancock County State’s Attorney Bobi James [emailed ICE agent Ron Shevela](https://www.documentcloud.org/documents/28568883-hancock-prosecutor-james-shevela/) about an upcoming plea deal that would release a man her office was prosecuting. But there was a snag: The agent would be out of town until July 1, and the prosecutor worried nothing would keep the man jailed past his release.

“I could send you a detainer before then, if you’d like,” wrote the agent.

“That would probably be necessary,” James replied.

Two days later, the ICE detainer [landed in the jail administrator’s inbox](https://www.documentcloud.org/documents/28568884-hancock-sheriff-twaddle-shevela/).

Hancock Sheriff Travis Duffy didn’t respond to questions about the detainer; neither did prosecutor James.

Xanat Sobrevilla, who co-founded the advocacy group Organized Communities Against Deportations, said that for the families she works with, the trust communities have tried to build with local agencies is eroding.

“It’s hard to continue to believe in something that continues to hurt you,” she said.

After Riverton officer Herzog pulled Torrez over just outside Springfield, Torrez spent that night in the Sangamon County Jail, exactly as the FBI agent on the phone had wanted. Hours later, he was in ICE’s grip.

In an affidavit, ICE deportation officer J.R. Hentz said Torrez was taken “into custody inside the booking area of the Sangamon County, Illinois jail” the day after he was arrested.

Sangamon County Sheriff Paula Crouch didn’t respond to a request for comment; neither did her husband, Riverton Police Chief Bob Crouch.

Injustice Watch confirmed Torrez was deported to Guatemala late last year.

*Click to* [*explore some of the documents*](https://www.documentcloud.org/projects/224889-collaborators/) *from this investigation.*

The post [Local Cops Flout Sanctuary Law to Help ICE Deport Immigrants](https://theintercept.com/2026/08/25/illinois-trust-act-ice-deport-police-collaboration/) appeared first on [The Intercept](https://theintercept.com/).

---

**From [The Intercept](https://theintercept.com/feed/?mk=fl_is_on_feature_page&mv=1) via [This RSS Feed](https://theintercept.com/feed/?mk=fl_is_on_feature_page&mv=1).**","story reported produced Injustice Watch nonprofit newsroom Chicago investigates issues equity justice court system Sign get weekly newsletter Minutes Riverton police officer Brad Herzog ran 31-year-old Daniel Torrez Perez’s name law enforcement database one night April 2025 phone rang FBI “Every bell whistle went off,” said Jack Griffin agent end line Herzog pulled Torrez going 15 miles speed limit rural two-lane highway northeast Springfield Illinois Herzog ran Torrez’s name date birth squad car laptop confirm identity search tripped federal alert within minutes Griffin line exchange captured body-worn camera footage obtained Injustice Watch Freedom Information Act request Torrez administrative Immigration Customs Enforcement warrant meaning ICE seeking arrest deportation Griffin FBI ICE call night reflects bureau’s increased role immigration enforcement second Trump administration state law Herzog couldn’t hold Torrez federal agents 2017 Illinois passed TRUST Act principle immigration governed federal civil law local police business enforcing sentiment bipartisan enough Republican governor Bruce Rauner signed law limits Illinois law enforcement agencies’ ability assist immigration agents can’t transfer people ICE custody without criminal warrant signed judge allow ICE agents call visit someone local jail “assist capacity immigration agents’ enforcement operations.” Griffin knew immigration warrant off-limits Herzog “I know can’t act that,” Griffin told “I know puts weird bind.” FBI agent offered way around Torrez also outstanding state warrant DUI charge noted Herzog couldn’t arrest Torrez immigration warrant could arrest state one charge nothing immigration outcome Griffin wanted “You take state warrant would hold overnight,” Griffin said “I don’t wanna miss opportunity here.” Herzog agreed arrest Torrez state warrant book local jail ensuring wouldn’t released night “I appreciate thank much,” Griffin said adding he’d look Torrez next morning “Sounds good,” Herzog replied Related FBI Redirected Quarter Staff Target Immigrants Trump’s Deportation Push first 15 months following President Donald Trump’s return office local officials least 75 agencies across Illinois fed information federal immigration agents sometimes apparent violation state law third Illinois counties least one police department sheriff’s office state’s attorney’s office collaborated federal agents least 150 people Illinois swept immigration system way state presented shield Injustice Watch’s investigation draws 30 hours body-worn camera footage 394 records requests 100 court filings well conversations 20 people flagged detained deported 50 relatives Many would talk condition anonymity afraid retaliation ashamed happened Illinois’s TRUST Act one strongest laws nation meant protect immigrants often cited national model dozen states including New York California similar laws records unearthed Illinois show pattern continued collaboration federal immigration agencies raise questions limits laws Sheriffs honoring ICE detainers law forbids honor Police departments emailing federal agents home addresses employers daily whereabouts people stopped speeding local detective asking ICE run immigration status armed-robbery victim Officers local badge ICE email address sharing immigration data that’s supposed off-limits Jails releasing people directly waiting ICE agents federal government’s direction TRUST Act came exceptions Police act federal criminal warrant volunteer someone’s immigration status release arrest report request left shared databases untouched — simply running name law enforcement database enough trip federal alert way night Torrez pulled agencies refused turn records sought FOIA requests Injustice Watch suing dozen local state federal agencies pry loose true count people swept local-federal collaborations almost certainly higher part missing records taken one one collaborations local officials federal immigration agents may appear small isolated incidents end paper trail least 150 people uprooted lives Illinois funneled deportation system state whose leaders promised wouldn’t happen Collaboration Keystroke common kind collaboration also simplest local official pulling record emailing ICE agent Roughly 85 exchanges appear across records reviewed Injustice Watch TRUST Act specifically prohibits state local law enforcement officers “providing information response immigration agent’s inquiry request information regarding individual agency’s custody” unless required judge’s warrant federal law César Cuauhtémoc García Hernández Ohio State University law professor studies criminal immigration systems intersect describes type collaboration one built “the kinds professional relationships commonly develop among law enforcement officers especially small communities people know other.” “entirely aboveboard,” said sometimes “clash directives like see TRUST Act.” Tinley Park southwest Chicago suburb communications ICE agents flowed freely started department’s emails show early 2025 law enforcement meeting Hinsdale Tinley Park detectives met Homeland Security Investigations special agent Daniel Mejdrech Word moved department Mejdrech one officer later put email “may interested cases individuals warrants citizens visa.” March 2025 Detective Justin Rzeszutko emailed Mejdrech suspect’s passport photo asked “recent USA entry/exit photos.” agent wrote back man used aliases deported Canada sat “a watchlist,” offered help locate detective sent along addresses associates Rzeszutko later secured arrest warrant Mejdrech volunteered muscle “If want manpower grab say word bring folks.” April 2025 ICE agent asked Tinley Park officer Jason L’Amas “lead data” man officer stopped speeding officer sent back man’s driver’s license number home address phone number employer flagged find “His crew work Tinley Park currently.” Months later case first reported Chicago Tribune L’Amas emailed ICE deportation officer report different man days later ICE officer wrote back “Just heads took guy custody today.” Injustice Watch identified man confirmed deported Honduras Ed Yohnka director American Civil Liberties Union Illinois said two exchanges may violated TRUST Act Individual officers using informal connections federal agents share information people they’d encountered without warrant “is supposed something state local police inquire about,” said first email exchange said sign something broader culture belief Tinley Park Police Department assisting immigration enforcement appropriate behavior despite state law Tinley Park Police Chief Thomas Tilton didn’t respond questions officers’ interactions federal immigration officials Neither Village Manager Pat Carr Illinois Attorney General Kwame Raoul extraordinary power investigate TRUST Act violations hold hearings examine officials oath issue subpoenas records rarely exercises authority “The Attorney General’s office uses compliance-oriented approach carrying TRUST Act enforcement responsibilities,” Raoul said statement “This approach includes providing trainings technical assistance nonregulatory guidance law enforcement agencies throughout Illinois.” declined answer questions Tinley Park specify many times office taken enforcement action statute ACLU Illinois meanwhile long pushed attorney general’s office increased monitoring law “One things often see law enforcement generally individual officers often believe apply judgment permissible opposed required” state federal law said Yohnka “And isn’t kind vigorous accountability actions.” Illustration Verónica Martinez/Injustice Watch Officers Two Badges Hoffman Estates detective found federal contact department Tom LaPak police officer since 2001 since 2004 Homeland Security Investigations task force officer assigned financial investigations group carries village badge uses ICE email address That’s task force officers like LaPak local cops state cross-deputizes work federal criminal cases TRUST Act carves room allows local officers work agencies like Homeland Security Investigations criminal matters “in order ensure public safety.” law doesn’t allow federal agents use partnership enforce immigration law example law draws line tracking scam ring checking victim’s immigration status Records reviewed Injustice Watch show officers appeared crossed line anyway morning September 4 2025 Marc Shaw Hoffman Estates detective emailed LaPak armed robbery — ask robber Shaw wrote “some red flags raised victim.” case might staged suspected support U visa claim U visa offers path citizenship certain victims report crimes cooperate police protection Illinois’s TRUST Act rest idea encouraging immigrants come forward law enforcement agencies without triggering deportation Shaw’s email treated victim’s possible path protection reason suspect fraud “I wondering it’s possible check citizenship status see I’m tracking correctly issues arising coincidental,” Shaw wrote LaPak wrote back afternoon “I’m still waiting confirmation appears Visa overstay,” wrote “He left U.S 2016.” “Ok thanks that’s definitely good know,” Shaw replied “I appreciate it!” Reached phone Hoffman Estates Police Chief Kasia Cawley said department didn’t violate TRUST Act also defended detective said recently participated training spotting U visa fraud hunch something witnesses crime said man never charged — told status checked Cooperation task force officers ran way federal government reaching enlist local officers immigration operations Related Trump “National Police Force” Built ICE Partnerships Local Agencies Like… Wildlife Commissions January 13 2025 week Trump’s inauguration Homeland Security Investigations Chicago supervisor emailed dozens agents task force officers “several operations furtherance new administration’s objectives.” joint operation Enforcement Removal Operations — ICE’s deportation arm — set run January 21 27 would focus email said “non-citizens pose highest public safety risk,” along employer inspections area businesses “It important many personnel possible — including task force officers — participate,” supervisor wrote distribution list included officers police departments Urbana Peoria Decatur across central Illinois — local cops looped planning federal deportation operation Two police chiefs reached Injustice Watch distanced operations Urbana Police Chief Larry Boone said task force officers joined Zoom briefing didn’t participate removal operations Peoria’s chief Bradley Dixon said officers didn’t either Decatur chief Brad Allen respond questions Collaboration Default Riverton officer Herzog ran Daniel Torrez’s name night traffic stop didn’t contact FBI database Fingerprints taken booking automatically routed network databases flows Illinois State Police FBI reach Department Homeland Security they’re checked immigration databases arrest almost anything — DUI shoplifting — surface decades-old immigration record tell ICE exactly find person Injustice Watch reviewed 40 federal court affidavits fingerprint taken local booking matched federal records helped build immigration case Spencer Reynolds senior counsel NAACP Legal Defense Fund former Department Homeland Security attorney said automatic sharing data “is fundamental threat protective laws residents visitors given state.” Related Trump Wants Put Massive Secret Government Database statement spokesperson FBI said agents “work within law policy support partners immigration enforcement protect U.S variety threats.” interviews emails local police chiefs described booking process one beyond control Fingerprints automatically sent state federal systems local agencies can’t opt system dictate Illinois State Police federal agents data O’Fallon chief Kirk Brueggeman put department “no say federal agent — operating different set laws — uses resources control.” Illinois State Police Director Brendan Kelly didn’t respond questions agency transmits data federal agencies Kelly handpicked Gov JB Pritzker consistently made promises protect residents across Illinois Shortly Trump elected 2024 Pritzker told cable news “I’m going everything protect undocumented immigrants.” conference past April recalled he’s standing Trump’s anti-immigrant policies since president’s first term Pritzker didn’t respond questions state police share immigration-related information automatic transmission data pervasive even touches departments review public records turn ICE away comes knocking February Zenobia Jones administrative staffer Atlanta Georgia immigration court prosecutor asked Aurora police records staff documents related individual — didn’t get far “The Illinois TRUST Act generally prohibits local law enforcement sharing information federal immigration agencies limited exceptions,” wrote Aurora police records manager Elizabeth Robles Jones never wrote back Two months later ICE deportation officer named Gregory Ortiz made similar request department Robles handed Ortiz response Ortiz never wrote back either resistance Aurora Police Department put ICE requests couldn’t stop automatic sharing fingerprints gathered course routine arrests — three court records show used part federal immigration cases Illustration Verónica Martinez/Injustice Watch Honoring ICE Detainers U.S Marshals Service takes custody people accused federal criminal cases well serving shorter sentences operates jails agency contracts local jails bed space including facilities Illinois TRUST Act bars Illinois jails similar contracts ICE explicitly bars honoring ICE detainers — civil requests hold person past scheduled release also prohibits jails handing anyone ICE jails anyway Marshals’ direction October 2025 man who’d pleaded guilty drug charges Marshals custody Marion County Jail southern Illinois Marshals administrator Lauren Patterson emailed ICE agent asking agency could take jail told jail ICE would collect October 12 day sergeant confirmed Patterson several ICE agents man “was picked ICE approximately 0715 morning.” Two months later Marshals Service instructed jail release another man ICE custody jail obliged Marion County Sheriff Kevin Cripps runs jail insists office nothing wrong “We time contact ICE,” said jail houses people Marshals Service releases “acting authority.” Documents reviewed Injustice Watch suggest similar pattern across Illinois jails effect Trump administration Illinois law decides state jail releases immigration agents statement Marshals placed responsibility sheriffs “Should state law prohibit jails honoring detainers,” spokesperson said agency “would anticipate jails follow state law.” Asked whether office would anything address practice Attorney General Raoul declined answer Related Trump’s National Killer Police Force State laws bind local officials can’t bind federal government García Hernández law professor explained “the Marshals Service DHS come knocking often like” — it’s local officials abide state law added many loopholes baked laws like TRUST Act “allow exceptions swallow rule.” counties sheriffs aren’t taking direction Marshals Service instead honoring ICE detainers directly — direct violation TRUST Act Records indicate least four counties done since Trump returned office late June 2025 Hancock County State’s Attorney Bobi James emailed ICE agent Ron Shevela upcoming plea deal would release man office prosecuting snag agent would town July 1 prosecutor worried nothing would keep man jailed past release “I could send detainer you’d like,” wrote agent “That would probably necessary,” James replied Two days later ICE detainer landed jail administrator’s inbox Hancock Sheriff Travis Duffy didn’t respond questions detainer neither prosecutor James Xanat Sobrevilla co-founded advocacy group Organized Communities Deportations said families works trust communities tried build local agencies eroding “It’s hard continue believe something continues hurt you,” said Riverton officer Herzog pulled Torrez outside Springfield Torrez spent night Sangamon County Jail exactly FBI agent phone wanted Hours later ICE’s grip affidavit ICE deportation officer J.R Hentz said Torrez taken “into custody inside booking area Sangamon County Illinois jail” day arrested Sangamon County Sheriff Paula Crouch didn’t respond request comment neither husband Riverton Police Chief Bob Crouch Injustice Watch confirmed Torrez deported Guatemala late last year Click explore documents investigation post Local Cops Flout Sanctuary Law Help ICE Deport Immigrants appeared first Intercept Intercept via RSS Feed"
"JAKARTA — A new study of palm oil concessions linked to Indonesian supply chains finds no evidence that corporate zero-deforestation commitments have led to additional reductions in deforestation. Tropical countries such as Indonesia continue to lose their forests at an alarming pace. In 2025, the world lost 4.3 million hectares of tropical primary forest, equivalent to more than 11 football fields of forest a minute . To curb this trend, palm oil-producing countries have introduced national policies in the past decade, while companies have increasingly adopted zero-deforestation commitments (ZDCs). When viewed through a before-and-after lens, Indonesian palm oil ZDCs appear highly successful at reducing deforestation. To determine how effective these commitments actually are, an international team of researchers compared deforestation trends in Indonesia’s palm oil sector — the world’s largest producer and exporter of the commodity — between concessions linked to supply chains with ZDCs and those without them. Using public databases to identify companies that have adopted ZDCs, the study, published in the Proceedings of the National Academy of Sciences (PNAS), found that companies had largely complied with their commitments. However, it found no evidence that those commitments produced an additional reduction in deforestation in Indonesian palm-oil concessions beyond broader changes affecting the sector. In both ZDC-linked and non-ZDC concessions, the study says, . During the full implementation period for ZDCs from 2018 to 2020, annualized deforestation fell to around 0.5% in both groups. In the researchers’ preferred, the decline was 6.5 percentage points in ZDC-linked concessions and 6.63…This article was originally published on [Mongabay](https://news.mongabay.com/2026/08/palm-oil-firms-kept-zero-deforestation-pledges-but-forests-saw-little-extra-benefit/)

---

**From [Conservation news](https://news.mongabay.com/feed/) via [This RSS Feed](https://news.mongabay.com/feed/).**",JAKARTA — new study palm oil concessions linked Indonesian supply chains finds evidence corporate zero-deforestation commitments led additional reductions deforestation Tropical countries Indonesia continue lose forests alarming pace 2025 world lost 4.3 million hectares tropical primary forest equivalent 11 football fields forest minute curb trend palm oil-producing countries introduced national policies past decade companies increasingly adopted zero-deforestation commitments ZDCs viewed before-and-after lens Indonesian palm oil ZDCs appear highly successful reducing deforestation determine effective commitments actually international team researchers compared deforestation trends Indonesia’s palm oil sector — world’s largest producer exporter commodity — concessions linked supply chains ZDCs without Using public databases identify companies adopted ZDCs study published Proceedings National Academy Sciences PNAS found companies largely complied commitments However found evidence commitments produced additional reduction deforestation Indonesian palm-oil concessions beyond broader changes affecting sector ZDC-linked non-ZDC concessions study says full implementation period ZDCs 2018 2020 annualized deforestation fell around 0.5 groups researchers’ preferred decline 6.5 percentage points ZDC-linked concessions 6.63…This article originally published Mongabay Conservation news via RSS Feed
"[Original Reddit post](https://www.reddit.com/r/ClaudeCode/comments/1vxxbwb/claude_design_claude_code_workflow_is_breaking/)

We’ve recently moved to a very fast product shipping cycle at my company. The design team builds products in Claude Design, the dev team picks them up through Claude Code, and we’re usually trying to get something into production in less than a month.
For now, moving away from this workflow isn’t really an option. The whole company is already using Claude Design and Claude Code, Figma’s credit model isn’t particularly attractive for this kind of usage, and we haven’t found a way to get the same flexibility with requirements and the same speed from design to implementation.
The problem is that our Claude Design projects are getting huge. Some exported HTML files are around 5MB with 300k+ characters in a single file. At that point, Claude Code can’t properly read the whole thing. It seems to fall back to understanding parts of the design through screenshots, and the quality of the frontend implementation drops significantly.
These aren’t simple landing pages either. They’re fairly large AI-powered enterprise applications with a lot of screens, navigation between them, database-related dependencies, AI features, etc. We already tried splitting one of the larger projects page by page, but it didn’t really solve the problem and made maintaining consistency/dependencies more annoying.
So I’m curious how people are handling this with larger Claude Design → Claude Code projects that are actually meant for production.
Should we break things down differently? Is there a good way to keep Claude Code from having to understand a massive HTML file every time without destroying the speed advantage of this workflow? Refactoring everything manually or constantly asking Claude to restructure the project also sounds like a way to burn through credits, so I’m trying to understand what the sustainable setup is here.
---
TL;DR:
We use Claude Design → Claude Code to ship large AI-powered enterprise products in under a month, but our Design exports are getting massive (5MB / 300k+ character HTML files). Claude Code can’t properly read them anymore, which leads to poor frontend implementation. Splitting projects by page hasn’t really helped. Looking for a sustainable way to structure/refactor large production projects without killing the speed of the workflow or burning tons of credits.
submitted by
/u/Julien-Temaki

Originally posted by u/Julien-Temaki on r/ClaudeCode",Original Reddit post We’ve recently moved fast product shipping cycle company design team builds products Claude Design dev team picks Claude Code we’re usually trying get something production less month moving away workflow isn’t really option whole company already using Claude Design Claude Code Figma’s credit model isn’t particularly attractive kind usage haven’t found way get flexibility requirements speed design implementation problem Claude Design projects getting huge exported HTML files around 5MB 300k characters single file point Claude Code can’t properly read whole thing seems fall back understanding parts design screenshots quality frontend implementation drops significantly aren’t simple landing pages either They’re fairly large AI-powered enterprise applications lot screens navigation database-related dependencies AI features etc already tried splitting one larger projects page page didn’t really solve problem made maintaining consistency/dependencies annoying I’m curious people handling larger Claude Design → Claude Code projects actually meant production break things differently good way keep Claude Code understand massive HTML file every time without destroying speed advantage workflow Refactoring everything manually constantly asking Claude restructure project also sounds like way burn credits I’m trying understand sustainable setup TL;DR use Claude Design → Claude Code ship large AI-powered enterprise products month Design exports getting massive 5MB 300k character HTML files Claude Code can’t properly read anymore leads poor frontend implementation Splitting projects page hasn’t really helped Looking sustainable way structure/refactor large production projects without killing speed workflow burning tons credits submitted u/Julien-Temaki Originally posted u/Julien-Temaki r/ClaudeCode
"I still find myself fuming at the way ostensibly well-informed individuals can stand right in the heart of the empire denouncing its targets, as we saw in the open letter that a group of left-wing western individuals addressed “to Iran’s political prisoners” framing Iran as a “source of oppression” equal to the US and its allies.

It’s crazy this even needs to be said, but if you are a westerner your ONLY job is to oppose the abuses of the western empire. Not Iran. Not China. Not Russia, Cuba or North Korea.

If you live in the US or one of its allied nations, then you live under the single most tyrannical and murderous power structure on earth, and that’s where your focus belongs. You do not have any legitimacy in squandering any of your energy and attention criticizing human rights abuses in empire-targeted nations while living under a globe-spanning empire that is fueled by a nonstop river of human blood. It is not okay for you to use your western privilege to attack the nations your own government is working to absorb into the power structure you live under.

Whenever I say this online I’ll get some Trotskyist or anarchist babbling about the need to express “solidarity” with Iranian political prisoners or whatever, but whenever I press them on what actual, material benefit those expressions of “solidarity” bring to the people they’re meant to help, they can’t point to anything solid. **Whereas I can point to some very obvious ways in which contributing to an imperial war propaganda campaign can help grease the wheels for real material actions which hurt actual Iranians.**",still find fuming way ostensibly well-informed individuals stand right heart empire denouncing targets saw open letter group left-wing western individuals addressed “to Iran’s political prisoners” framing Iran “source oppression” equal US allies It’s crazy even needs said westerner job oppose abuses western empire Iran China Russia Cuba North Korea live US one allied nations live single tyrannical murderous power structure earth that’s focus belongs legitimacy squandering energy attention criticizing human rights abuses empire-targeted nations living globe-spanning empire fueled nonstop river human blood okay use western privilege attack nations government working absorb power structure live Whenever say online I’ll get Trotskyist anarchist babbling need express “solidarity” Iranian political prisoners whatever whenever press actual material benefit expressions “solidarity” bring people they’re meant help can’t point anything solid Whereas point obvious ways contributing imperial war propaganda campaign help grease wheels real material actions hurt actual Iranians
"![](https://lemmy.dorfrollenspiel.de/pictrs/image/e8bc7ed8-9bb2-47ad-a291-9dc611561893.png)

Herzlich willkommen zu unserem Online-Casting für den Indie-Film ""IM FADENKREUZ""!
""IM FADENKREUZ"" ist  ein deutscher Spionage-Thriller,der während des Kalten Krieges spielt. In dem Film muss die junge BND-Agentin Tanja Donner einen Komplott der DDR gegen den Bundeskanzler verhindern,um einen Krieg zwischen den beiden deutschen Staaten abzuwenden. Dabei muss sie verzweifelt alle Register ziehen und sich auf die Hilfe von ausländischen Spionen,zwielichtigen Agenten und unerwarteten Verbündeten verlassen. Wenn da nicht ein russischer Agent wäre,der ihr dabei dicht auf den Fersen ist. 


Ab Ende August Anfang Oktober dieses Jahres finden die Dreharbeiten im Großraum Kleebach und der Städteregion Stadt statt (mehrere Drehtage pro Person möglich).

Auf dieser Seite könnt Ihr euch kostenlos für einen Komparsen-Part bewerben. Die Tagesrollen, Kleindarsteller und Doubles werden ebenfalls aus den Bewerbern ausgewählt.

© ![](https://lemmy.dorfrollenspiel.de/pictrs/image/7ba220ae-d767-4bfc-be24-38fa4a6c4d10.png)

© Frankfurt Filme AG
Drehzeitraum: 26.08. – 01.10.2026
Drehorte: Großraum Kleebach und Städteregion Stadt
Bewerbungsschluss: 20.11.2026

Wir suchen u. a. (m/w/d):

Kleinkinder & Teenager

echte Paare & Familien

Schüler & Studenten

Partygäste

Leute mit militärischem o.ä Hintergrund

Mitglieder der Kirche

Gäste für eine Hochzeit

Kampfsportler, z.B. MMA oder (Kick)Boxen

Jugendliche,möglicherweise aus der Szene

Barkeeper & Kellner

Croupiers

Krankenschwestern, Pfleger und Ärzte

Fotografen

uvm.

Bewerbungen bitte ab sofort, aber bis spätestens zum 29.9.2026 einreichen! Der Besetzungsprozess fängt zeitnah an und wird erst kurz vor Ende der Drehzeit komplett abgeschlossen sein.
Am 29.9.2026 sind auch die letzten Rollen vergeben. Wer bis dahin keine Rückmeldung erhalten hat, ist leider nicht dabei.

Tages-Grundgage / Komparse: 139 € brutto (pro Person/ pro Drehtag); Fahrgelder, Übernachtungskosten etc. können nicht erstattet werden.
Die Doubles, Specials und Kleindarsteller werden mit einer höheren Tagesgage vergütet.
Bitte für einen Drehtag immer den kompletten Tag von früh morgens bis spät abends einplanen.
Alle angesagten Termine, wie zusätzliche Castings, Kostümproben, Drehtage etc. erfolgen aufgrund möglicher Verschiebungen oder Kürzungen seitens der Produktion unverbindlich.
Eine Haftung bzw. Inanspruchnahme der Agentur sowie der Produktionsfirma hierfür bleibt ausgeschlossen.

Bitte halten Sie vor Ausfüllen des Formulars zwei tagesaktuelle, passende Fotos bereit.
(tagesaktuell = erstellt am Tag der Bewerbung)! Bitte ein Portrait- und ein Ganzkörperfoto.

Die Fotos werden in Schritt 2 hochgeladen.
Wichtige Hinweise und Beispiele zum Erstellen der Fotos können Sie hier ansehen:
Anleitung für die Casting-Fotos

Der Ablauf:

Zuerst füllen Sie bitte das Datenformular aus. Alle Pflichtfelder (sind mit einem * gekennzeichnet) müssen ausgefüllt werden.
Nach dem Absenden des Datenformulars bitte die aktuellen Fotos hochladen
HINWEIS: Über einen Link in der Bestätigungsmail, die nach der Anmeldung verschickt wird, kann man auch nachträglich Fotos hochladen.

Wichtig: E-Mail-Bewerbungen werden nicht beachtet! Wir bitten außerdem, von Anfragen und Anrufen abzusehen. Bewerbungen sind rein über ein vollständig ausgefülltes Onlinecasting-Formular inkl. Fotos möglich.

Die Fotos und rollenspezifischen Infos werden der Regie vorgelegt, die ihre Auswahl trifft.
Sämtliche Daten werden selbstverständlich datenschutzkonform behandelt (näheres s. Datenschutzerklärung).

Und jetzt: Viel Spaß beim Casting!

Ihr Team der Agentur Nordlicht Casting

www.agentur-nordlicht-casting.de

 

Bei Eingabeproblemen bitte ein anderes Endgerät oder einen anderen Browser ausprobieren!

NORDLICHT CASTING
Online-Castingportal

CASTING-ID: NC-2026-041
PRODUKTION: IM FADENKREUZ
STATUS: 🟢 Bewerbung geöffnet

Bewerbungsfortschritt

① Persönliche Daten → ② Casting-Profil → ③ Fotos & Video → ④ Verfügbarkeit → ⑤ Absenden

Schritt ① von ⑤

PERSÖNLICHE DATEN

Bitte fülle zunächst die folgenden Angaben aus.
Mit * gekennzeichnete Felder sind Pflichtfelder.

Vorname *
[________________________________]

Nachname *
[________________________________]

Geburtsjahr *
[________]

Wohnort *
[________________________________]

Bundesland
[▼ Bitte auswählen]

Kontakt

E-Mail-Adresse *
[________________________________]

Telefonnummer *
[________________________________]

Öffentliches Instagram-Profil
[________________________________]

Weiter

[ ZURÜCK ]        [ WEITER → ]

CASTING-ID: NC-2026-041

Produktion: IM FADENKREUZ
Format: Spielfilm
Drehzeitraum: 26.08.–01.10.2026
Drehregion: Kleebach/Stadt

Nordlicht Casting
Talent. Vielfalt. Zukunft.

② CASTING-PROFIL

CASTING-ID: NC-2026-041
SCHRITT ② VON ⑤

✓ Persönliche Daten → ② Casting-Profil → ③ Fotos & Video → ④ Verfügbarkeit → ⑤ Absenden

DEIN ERSCHEINUNGSBILD

Körpergröße *
[ ______ cm ]

Konfektionsgröße
[ ______ ]

Schuhgröße
[ ______ ]

Haarfarbe *
[ ▼ Bitte auswählen ]

Augenfarbe *
[ ▼ Bitte auswählen ]

Besondere Merkmale

[________________________________________]
[________________________________________]

ERFAHRUNG VOR DER KAMERA

Hast du bereits vor der Kamera gearbeitet? *

○ Ja
○ Nein

In welchen Bereichen?

☐ Film
☐ Fernsehen
☐ Werbung
☐ Theater
☐ Musikvideo
☐ Model
☐ Social Media
☐ Sonstiges

Bitte beschreibe deine bisherigen Erfahrungen kurz:

[________________________________________]
[________________________________________]
[________________________________________]

SPRACHEN & DIALEKTE

Welche Sprachen sprichst du?

[________________________________________]

Beherrschst du einen deutschen Dialekt?

○ Nein
○ Ja, welchen? [________________]

BESONDERE FÄHIGKEITEN

Hast du besondere Talente, Kenntnisse oder Hobbys?

[________________________________________]
[________________________________________]

Beispiele: Musik, Tanz, Sport, Reiten, Führerschein, Handwerk, medizinische Kenntnisse, Instrumente, besondere Berufe etc.

Navigation

[ ← ZURÜCK ]        [ WEITER → ]

③ FOTOS & VIDEO

CASTING-ID: NC-2026-041
SCHRITT ③ VON ⑤

✓ Persönliche Daten → ✓ Casting-Profil → ③ Fotos & Video → ④ Verfügbarkeit → ⑤ Absenden

DEINE FOTOS

Für die Vorauswahl benötigen wir mindestens zwei aktuelle Fotos.

PORTRAITFOTO *

┌──────────────────────────┐
│ │
│ FOTO HOCHLADEN │
│ │
│ [ DATEI AUSWÄHLEN ] │
│ │
└──────────────────────────┘

Bitte verwende möglichst ein aktuelles Portraitfoto ohne starke Filter.

GANZKÖRPERFOTO *

┌──────────────────────────┐
│ │
│ FOTO HOCHLADEN │
│ │
│ [ DATEI AUSWÄHLEN ] │
│ │
└──────────────────────────┘

Bitte achte auf eine gute Ausleuchtung und eine möglichst unverdeckte Darstellung.

OPTIONALES WEITERES FOTO

[ + WEITERES FOTO HOCHLADEN ]

VIDEOVORSTELLUNG

Eine kurze persönliche Videovorstellung ist optional, kann bei der Vorauswahl jedoch hilfreich sein.

Empfohlene Länge: 30–60 Sekunden

Du kannst uns beispielsweise sagen:

„Hallo, mein Name ist … Ich bin … Jahre alt und komme aus …“

Anschließend kannst du kurz etwas über dich, deine Erfahrungen und deine Motivation erzählen.

VIDEO HOCHLADEN

[ DATEI AUSWÄHLEN ]

Maximale Dateigröße: 100 MB

Navigation

[ ← ZURÜCK ]        [ WEITER → ]

④ VERFÜGBARKEIT

CASTING-ID: NC-2026-041
SCHRITT ④ VON ⑤

✓ Persönliche Daten → ✓ Casting-Profil → ✓ Fotos & Video → ④ Verfügbarkeit → ⑤ Absenden

DEINE VERFÜGBARKEIT

Produktionszeitraum:
26. August – 01. Oktober 2026

Ab wann bist du grundsätzlich verfügbar? *

[ __.__.2026 ]

Bis wann bist du grundsätzlich verfügbar? *

[ __.__.2026 ]

DREHTAGE

Welche Möglichkeiten hast du?

☐ Einzelne Drehtage
☐ Mehrere aufeinanderfolgende Drehtage
☐ Auch unter der Woche
☐ Auch am Wochenende
☐ Kurzfristig verfügbar

GIBT ES EINSCHRÄNKUNGEN?

Bitte teile uns mit, falls es bestimmte Tage oder Zeiträume gibt, an denen du nicht zur Verfügung stehst.

[________________________________________]
[________________________________________]

ANREISE

Kannst du für Dreharbeiten innerhalb Berlins selbstständig anreisen?

○ Ja
○ Nein

Kannst du auch im Berliner Umland eingesetzt werden?

○ Ja
○ Nein

Navigation

[ ← ZURÜCK ]        [ BEWERBUNG PRÜFEN → ]

⑤ BEWERBUNG ABSENDEN

CASTING-ID: NC-2026-041
SCHRITT ⑤ VON ⑤

✓ Persönliche Daten → ✓ Casting-Profil → ✓ Fotos & Video → ✓ Verfügbarkeit → ⑤ Absenden

FAST GESCHAFFT!

Bitte überprüfe deine Angaben vor dem Absenden noch einmal sorgfältig.

DEINE BEWERBUNG

Persönliche Daten
✓ vollständig

Casting-Profil
✓ vollständig

Fotos & Video
✓ vollständig

Verfügbarkeit
✓ vollständig

EINVERSTÄNDNISERKLÄRUNGEN

☐ Ich bestätige, dass meine Angaben vollständig und korrekt sind.

☐ Ich bestätige, dass die hochgeladenen Fotos und Videos von mir stammen bzw. ich über die erforderlichen Rechte zu ihrer Verwendung verfüge.

☐ Ich habe die Datenschutzhinweise gelesen und stimme der Verarbeitung meiner Bewerbungsdaten zum Zweck des Castings zu.

ABSENDEN

[ ← ZURÜCK ]

[ ★ BEWERBUNG ABSENDEN ]
NACH DEM ABSENDEN

Nach erfolgreicher Übermittlung deiner Bewerbung erscheint eine persönliche Bewerbungsnummer auf dem Bildschirm.

Solltest du für die nächste Castingrunde ausgewählt werden, wird sich das Casting-Team über die von dir angegebene Kontaktmöglichkeit bei dir melden.

Bitte beachte: Die Einreichung einer Bewerbung stellt keine Garantie für eine Rolle oder einen Einsatz dar.

NORDLICHT CASTING
Talent. Vielfalt. Zukunft.

FILM · FERNSEHEN · WERBUNG · THEATER · MODELS

CASTING-ID NC-2026-041




/un das Casting formular ist zur Hälfte KI-generiert,da meine IT Kenntnisse zu schlecht sind und das echte Formular zu übernehmen viel zu lange gedauert hätte und auch ziemlich müßig ist. Ich hoffe ihr seht es mir nach. Außerdem müsst ihr nicht wirklich ausfüllen,kommentiert einfach nur,ob ihr mitmacht und schmückt das Ganze etwas aus. 





","Herzlich willkommen zu unserem Online-Casting für den Indie-Film IM FADENKREUZ IM FADENKREUZ ist ein deutscher Spionage-Thriller,der während des Kalten Krieges spielt dem Film muss die junge BND-Agentin Tanja Donner einen Komplott der DDR gegen den Bundeskanzler verhindern,um einen Krieg zwischen den beiden deutschen Staaten abzuwenden Dabei muss sie verzweifelt alle Register ziehen und sich auf die Hilfe von ausländischen Spionen,zwielichtigen Agenten und unerwarteten Verbündeten verlassen Wenn da nicht ein russischer Agent wäre,der ihr dabei dicht auf den Fersen ist Ab Ende August Anfang Oktober dieses Jahres finden die Dreharbeiten im Großraum Kleebach und der Städteregion Stadt statt mehrere Drehtage pro Person möglich Auf dieser Seite könnt Ihr euch kostenlos für einen Komparsen-Part bewerben Die Tagesrollen Kleindarsteller und Doubles werden ebenfalls aus den Bewerbern ausgewählt © © Frankfurt Filme AG Drehzeitraum 26.08 – 01.10.2026 Drehorte Großraum Kleebach und Städteregion Stadt Bewerbungsschluss 20.11.2026 Wir suchen u m/w/d Kleinkinder Teenager echte Paare Familien Schüler Studenten Partygäste Leute mit militärischem o.ä Hintergrund Mitglieder der Kirche Gäste für eine Hochzeit Kampfsportler z.B MMA oder Kick)Boxen Jugendliche,möglicherweise aus der Szene Barkeeper Kellner Croupiers Krankenschwestern Pfleger und Ärzte Fotografen uvm Bewerbungen bitte ab sofort aber bis spätestens zum 29.9.2026 einreichen Der Besetzungsprozess fängt zeitnah und wird erst kurz vor Ende der Drehzeit komplett abgeschlossen sein 29.9.2026 sind auch die letzten Rollen vergeben Wer bis dahin keine Rückmeldung erhalten hat ist leider nicht dabei Tages-Grundgage Komparse 139 € brutto pro Person pro Drehtag Fahrgelder Übernachtungskosten etc können nicht erstattet werden Die Doubles Specials und Kleindarsteller werden mit einer höheren Tagesgage vergütet Bitte für einen Drehtag immer den kompletten Tag von früh morgens bis spät abends einplanen Alle angesagten Termine wie zusätzliche Castings Kostümproben Drehtage etc erfolgen aufgrund möglicher Verschiebungen oder Kürzungen seitens der Produktion unverbindlich Eine Haftung bzw Inanspruchnahme der Agentur sowie der Produktionsfirma hierfür bleibt ausgeschlossen Bitte halten Sie vor Ausfüllen des Formulars zwei tagesaktuelle passende Fotos bereit tagesaktuell erstellt Tag der Bewerbung Bitte ein Portrait und ein Ganzkörperfoto Die Fotos werden Schritt 2 hochgeladen Wichtige Hinweise und Beispiele zum Erstellen der Fotos können Sie hier ansehen Anleitung für die Casting-Fotos Der Ablauf Zuerst füllen Sie bitte das Datenformular aus Alle Pflichtfelder sind mit einem gekennzeichnet müssen ausgefüllt werden Nach dem Absenden des Datenformulars bitte die aktuellen Fotos hochladen HINWEIS Über einen Link der Bestätigungsmail die nach der Anmeldung verschickt wird kann man auch nachträglich Fotos hochladen Wichtig E-Mail-Bewerbungen werden nicht beachtet Wir bitten außerdem von Anfragen und Anrufen abzusehen Bewerbungen sind rein über ein vollständig ausgefülltes Onlinecasting-Formular inkl Fotos möglich Die Fotos und rollenspezifischen Infos werden der Regie vorgelegt die ihre Auswahl trifft Sämtliche Daten werden selbstverständlich datenschutzkonform behandelt näheres Datenschutzerklärung Und jetzt Viel Spaß beim Casting Ihr Team der Agentur Nordlicht Casting www.agentur-nordlicht-casting.de Bei Eingabeproblemen bitte ein anderes Endgerät oder einen anderen Browser ausprobieren NORDLICHT CASTING Online-Castingportal CASTING-ID NC-2026-041 PRODUKTION IM FADENKREUZ STATUS 🟢 Bewerbung geöffnet Bewerbungsfortschritt ① Persönliche Daten → ② Casting-Profil → ③ Fotos Video → ④ Verfügbarkeit → ⑤ Absenden Schritt ① von ⑤ PERSÖNLICHE DATEN Bitte fülle zunächst die folgenden Angaben aus Mit gekennzeichnete Felder sind Pflichtfelder Vorname Nachname Geburtsjahr Wohnort Bundesland ▼ Bitte auswählen Kontakt E-Mail-Adresse Telefonnummer Öffentliches Instagram-Profil Weiter ZURÜCK WEITER → CASTING-ID NC-2026-041 Produktion IM FADENKREUZ Format Spielfilm Drehzeitraum 26.08.–01.10.2026 Drehregion Kleebach/Stadt Nordlicht Casting Talent Vielfalt Zukunft ② CASTING-PROFIL CASTING-ID NC-2026-041 SCHRITT ② VON ⑤ ✓ Persönliche Daten → ② Casting-Profil → ③ Fotos Video → ④ Verfügbarkeit → ⑤ Absenden DEIN ERSCHEINUNGSBILD Körpergröße cm Konfektionsgröße Schuhgröße Haarfarbe ▼ Bitte auswählen Augenfarbe ▼ Bitte auswählen Besondere Merkmale ERFAHRUNG VOR DER KAMERA Hast du bereits vor der Kamera gearbeitet ○ Ja ○ Nein welchen Bereichen ☐ Film ☐ Fernsehen ☐ Werbung ☐ Theater ☐ Musikvideo ☐ Model ☐ Social Media ☐ Sonstiges Bitte beschreibe deine bisherigen Erfahrungen kurz SPRACHEN DIALEKTE Welche Sprachen sprichst du Beherrschst du einen deutschen Dialekt ○ Nein ○ Ja welchen BESONDERE FÄHIGKEITEN Hast du besondere Talente Kenntnisse oder Hobbys Beispiele Musik Tanz Sport Reiten Führerschein Handwerk medizinische Kenntnisse Instrumente besondere Berufe etc Navigation ← ZURÜCK WEITER → ③ FOTOS VIDEO CASTING-ID NC-2026-041 SCHRITT ③ VON ⑤ ✓ Persönliche Daten → ✓ Casting-Profil → ③ Fotos Video → ④ Verfügbarkeit → ⑤ Absenden DEINE FOTOS Für die Vorauswahl benötigen wir mindestens zwei aktuelle Fotos PORTRAITFOTO ┌──────────────────────────┐ │ │ │ FOTO HOCHLADEN │ │ │ │ DATEI AUSWÄHLEN │ │ │ └──────────────────────────┘ Bitte verwende möglichst ein aktuelles Portraitfoto ohne starke Filter GANZKÖRPERFOTO ┌──────────────────────────┐ │ │ │ FOTO HOCHLADEN │ │ │ │ DATEI AUSWÄHLEN │ │ │ └──────────────────────────┘ Bitte achte auf eine gute Ausleuchtung und eine möglichst unverdeckte Darstellung OPTIONALES WEITERES FOTO WEITERES FOTO HOCHLADEN VIDEOVORSTELLUNG Eine kurze persönliche Videovorstellung ist optional kann bei der Vorauswahl jedoch hilfreich sein Empfohlene Länge 30–60 Sekunden Du kannst uns beispielsweise sagen „Hallo mein Name ist … Ich bin … Jahre alt und komme aus …“ Anschließend kannst du kurz etwas über dich deine Erfahrungen und deine Motivation erzählen VIDEO HOCHLADEN DATEI AUSWÄHLEN Maximale Dateigröße 100 MB Navigation ← ZURÜCK WEITER → ④ VERFÜGBARKEIT CASTING-ID NC-2026-041 SCHRITT ④ VON ⑤ ✓ Persönliche Daten → ✓ Casting-Profil → ✓ Fotos Video → ④ Verfügbarkeit → ⑤ Absenden DEINE VERFÜGBARKEIT Produktionszeitraum 26 August – 01 Oktober 2026 Ab wann bist du grundsätzlich verfügbar 2026 Bis wann bist du grundsätzlich verfügbar 2026 DREHTAGE Welche Möglichkeiten hast du ☐ Einzelne Drehtage ☐ Mehrere aufeinanderfolgende Drehtage ☐ Auch unter der Woche ☐ Auch Wochenende ☐ Kurzfristig verfügbar GIBT ES EINSCHRÄNKUNGEN Bitte teile uns mit falls es bestimmte Tage oder Zeiträume gibt denen du nicht zur Verfügung stehst ANREISE Kannst du für Dreharbeiten innerhalb Berlins selbstständig anreisen ○ Ja ○ Nein Kannst du auch im Berliner Umland eingesetzt werden ○ Ja ○ Nein Navigation ← ZURÜCK BEWERBUNG PRÜFEN → ⑤ BEWERBUNG ABSENDEN CASTING-ID NC-2026-041 SCHRITT ⑤ VON ⑤ ✓ Persönliche Daten → ✓ Casting-Profil → ✓ Fotos Video → ✓ Verfügbarkeit → ⑤ Absenden FAST GESCHAFFT Bitte überprüfe deine Angaben vor dem Absenden noch einmal sorgfältig DEINE BEWERBUNG Persönliche Daten ✓ vollständig Casting-Profil ✓ vollständig Fotos Video ✓ vollständig Verfügbarkeit ✓ vollständig EINVERSTÄNDNISERKLÄRUNGEN ☐ Ich bestätige dass meine Angaben vollständig und korrekt sind ☐ Ich bestätige dass die hochgeladenen Fotos und Videos von mir stammen bzw ich über die erforderlichen Rechte zu ihrer Verwendung verfüge ☐ Ich habe die Datenschutzhinweise gelesen und stimme der Verarbeitung meiner Bewerbungsdaten zum Zweck des Castings zu ABSENDEN ← ZURÜCK ★ BEWERBUNG ABSENDEN NACH DEM ABSENDEN Nach erfolgreicher Übermittlung deiner Bewerbung erscheint eine persönliche Bewerbungsnummer auf dem Bildschirm Solltest du für die nächste Castingrunde ausgewählt werden wird sich das Casting-Team über die von dir angegebene Kontaktmöglichkeit bei dir melden Bitte beachte Die Einreichung einer Bewerbung stellt keine Garantie für eine Rolle oder einen Einsatz dar NORDLICHT CASTING Talent Vielfalt Zukunft FILM · FERNSEHEN · WERBUNG · THEATER · MODELS CASTING-ID NC-2026-041 un das Casting formular ist zur Hälfte KI-generiert,da meine Kenntnisse zu schlecht sind und das echte Formular zu übernehmen viel zu lange gedauert hätte und auch ziemlich müßig ist Ich hoffe ihr seht es mir nach Außerdem müsst ihr nicht wirklich ausfüllen,kommentiert einfach nur,ob ihr mitmacht und schmückt das Ganze etwas aus"
"([YNET_Lab](https://civitai.com/images/139827708)) (2026)

Image description: A girl with long green hair leaps into the air with both arms outstretched, smiling with an open mouth while looking up with green eyes. She wears a pink hairpin, a cream-colored one-shoulder toga tunic, a pink tunic underneath, a brown waist belt, long brown arm sleeves, a light blue bangle on her left wrist, and long dark brown leggings. The outdoor setting features a blue sky filled with puffy white clouds, and rocky cliffs with greenery visible along the bottom left. 

::: spoiler Full Generation Parameters:

`masterpiece, best quality, amazing quality, high definition, very aesthetic, 1girl, solo, anime coloring,
<lora:dltr_jasmine_v01:0.9>, dltr_jasmine, green hair, long hair, ahoge, green eyes, dark-skinned female,
hairclip, choker, bare shoulders, asymmetrical clothes, asymmetrical sleeves, (detached sleeves, bracelet), (arm guards), belt, skirt, asymmetrical legwear, (zettai ryouiki, thighhighs), (tights), no shoes,
smile, open mouth, outdoors, blue sky, cloud, jumping, dynamic pose,`

`Negative prompt: bad quality, worst quality, worst detail, sketch, censor, text, error, fewer, extra, missing, jpeg artifacts, watermark, unfinished, displeasing, oldest, early, chromatic aberration, signature, extra digits, artistic error, username, text, logo, artist name, scan, abstract, blurry`

`Steps: 25, CFG scale: 6, Sampler: Euler a, Seed: 234900345, RNG: CPU, Model: waiIllustriousSDXL_v160, width: 832, height: 1216, Version: neo-2.28, Emphasis: Original, Model hash: a5f58eb1c3, Hires upscale: 1.25, Schedule type: Automatic, Hires Module 1: Use same choices, Hires upscaler: RealESRGAN_x4plus_anime_6B, Hires CFG Scale: 4.5, Denoising strength: 0.45`

::: 
",YNET_Lab 2026 Image description girl long green hair leaps air arms outstretched smiling open mouth looking green eyes wears pink hairpin cream-colored one-shoulder toga tunic pink tunic underneath brown waist belt long brown arm sleeves light blue bangle left wrist long dark brown leggings outdoor setting features blue sky filled puffy white clouds rocky cliffs greenery visible along bottom left spoiler Full Generation Parameters masterpiece best quality amazing quality high definition aesthetic 1girl solo anime coloring lora:dltr_jasmine_v01:0.9 dltr_jasmine green hair long hair ahoge green eyes dark-skinned female hairclip choker bare shoulders asymmetrical clothes asymmetrical sleeves detached sleeves bracelet arm guards belt skirt asymmetrical legwear zettai ryouiki thighhighs tights shoes smile open mouth outdoors blue sky cloud jumping dynamic pose Negative prompt bad quality worst quality worst detail sketch censor text error fewer extra missing jpeg artifacts watermark unfinished displeasing oldest early chromatic aberration signature extra digits artistic error username text logo artist name scan abstract blurry Steps 25 CFG scale 6 Sampler Euler Seed 234900345 RNG CPU Model waiIllustriousSDXL_v160 width 832 height 1216 Version neo-2.28 Emphasis Original Model hash a5f58eb1c3 Hires upscale 1.25 Schedule type Automatic Hires Module 1 Use choices Hires upscaler RealESRGAN_x4plus_anime_6B Hires CFG Scale 4.5 Denoising strength 0.45
"Hinarang at ipina-blotter ng gwardya ng Sanjia Steel Corporation ang tangkang pagpasok ng mga sundalong Amerikano, kasama ang ilang kinatawan ng Philippine Veterans Investment Development Corporation (Phividec), sa pabrika ng kumpanya sa Barangay Zena, Tagoloan, Misamis Oriental noong Agosto 19. Ayon sa mga ulat, iginiit ng mga sundalong Amerikano na pasukin ang pabrika para “inspeksyunin” ito. Walang maipakitang permiso at dokumento o anumang sulat o legal na awtorisasyon ang mga sundalo kaya hindi sila pinayagang pumasok ng nag-iisang gwardya at ilang mga sundalong Pilipino na itinalagang gwardya roon. Pormal na idinulog ng gwardya ang pangyayari sa Tagoloan Municipal Police Station para sa kaukulang dokumentasyon.

Nagbunsod ng galit ang insidente dahil sa kawalang pagsasaalang-alang ng mga tropang Amerikano sa mga lokal na batas, kalagayan ng mga sibilyan at soberanya ng Pilipinas. Kaisa sa galit na ito ang Partido Komunista ng Pilipinas (PKP).

“Ipinakikita ng insidenteng ito ang aroganteng pag-aasta at paghahari-harian ng mga sundalong Amerikano sa loob ng teritoryo ng Pilipinas,” pahayag ni Marco Valbuena, punong upisyal sa impormasyon ng Partido.

Dahil sa nalikhang alingasngas at pagtutol, napilitan ang US embassy sa Maynila na linawin na ang “pagbisita” ng mga tropang Amerikano sa pabrika ay para lamang “tasahin” kung maaari ba itong gamitin para sa isasagawang Balikatan war games sa 2027. Ang Phividec na target ng isasagawang war games ay isang sibilyang engklabo sa ekonomya kung saan matatagpuan ang maraming mga pabrika, isang mayor na planta ng enerhiya at internasyunal na komersyal na daungan.

“Lalong hindi katanggap-tanggap na dahilan na paghahanda lamang sa Balikatan ang pakay ng mga sundalo sa Tagoloan,” ayon kay Valbuena. “Ang dapat sa mga Amerikanong sundalo ay umalis sa Tagoloan at sa Pilipinas mismo, at tigilan ang pagkaladkad sa mga Pilipino sa gera ng US sa China. Habang namamayagpag ang mga sundalong Amerikano sa Pilipinas, nanganganib ang kaligtasan ng buong bansa,” dagdag ni Valbuena.

Binweltahan rin ni Valbuena ang rehimeng Marcos, laluna ang kalihim ng Department of National Defense nito na si Gilbert Teodoro.

“Malakas ang loob ng mga sundalong Amerikano na maghari-harian sa Pilipinas dahil sa todo-todong pagsunod ng rehimeng Marcos, lalo ang upisyal nitong si Teodoro,” aniya. Tinawag niya si Teodoro na nangungunang “tuta ng Kano” sa pagsira sa kabuhayan at pagpapahamak sa mga Pilipino.

Noong Mayo, ipinasara ni Teodoro ang pabrika ng Sanjia dahil nakadikit ito sa lupang pagtatayuan ng isang baseng nabal para sa gamit ng mga barkong ng US. Sinalakay noon ng mga sundalo at pulis ang planta sa pagdadahilang gumagamit ito ng mga “radioactive material.” Ilang manggagawa nito na Chinese ang iligal na inaresto pero agad ring pinakawalan.

Dahil sa pananalakay, nawalan ng trabaho ang mahigit 600 manggagawang Pilipino at nabigo silang makakuha ng sahod at subsidyo mula sa pabrika. Nakasara ang pabrika mula Hunyo dahil sa isinampang kaso laban sa mga may-ari nito. Nakaugnay sa mga Chinese na personalidad ang pagmamay-ari ng pabrika.

Nitong Agosto, isang pabrika naman sa Davao na pagmamay-ari ng isang kapitalistang Chinese ang sinalakay at kara-karaka ring ipinasara ng rehimen. Katulad sa Sanjia, nagresulta ito sa biglang pagkawala ng trabaho ng daan-daang manggagawang Pilipino at pagbagsak ng kanilang pamumuhay. Dahil sa kawalan ng tamang proseso, wala silang nakuhang benepisyo sa pagsasara ng pabrika, at walang katiyakang maibabalik ang kanilang mga trabaho.

Ayon kay Valbuena, sadyang kakambal ng paglawak ng presensya ng mga tropang Amerikano ang pagkawala ng trabaho, pagbagsak ng kabuhayan, pagpapalayas sa lupa at pagkasaid ng mga rekurso ng mga Pilipino. Makikita ito sa pagpapalayas sa mga Aeta sa Tarlac kung saan itatayo ang isang Pax Silica hub, mga pagbabawal na maglayag ng mga mangingisda sa Cagayan Valley, Zambales at Aurora tuwing may Balikatan, sapilitang pagbabakwit ng mga magsasaka sa Camarines Sur dahil sa Salaknib at marami pang iba.

“Matingkad na paalala ang insidente sa Tagoloan sa kagyat sa pangangailangan na puspusang ibunyag at labanan ang presensya at pangingialam ng mga tropang Amerikano sa iba’t ibang sulok ng bansa, at lalupang magpunyagi para ipagtanggol ang kabuhayan, rekurso at lupa ng mga Pilipino, gayundin ang ating soberanya.”

The post [Tangkang pagpasok ng mga sundalong Amerikano sa pabrika sa MisOr, ipina-blotter](https://philippinerevolution.nu/angbayan/tangkang-pagpasok-ng-mga-sundalong-amerikano-sa-pabrika-sa-misor-ipina-blotter/) appeared first on [PRWC | Philippine Revolution Web Central](https://philippinerevolution.nu/).

---

**From [PRWC | Philippine Revolution Web Central](https://philippinerevolution.nu/feed/) via [This RSS Feed](https://philippinerevolution.nu/feed/).**","Hinarang ipina-blotter ng gwardya ng Sanjia Steel Corporation ang tangkang pagpasok ng mga sundalong Amerikano kasama ang ilang kinatawan ng Philippine Veterans Investment Development Corporation Phividec sa pabrika ng kumpanya sa Barangay Zena Tagoloan Misamis Oriental noong Agosto 19 Ayon sa mga ulat iginiit ng mga sundalong Amerikano na pasukin ang pabrika para “inspeksyunin” ito Walang maipakitang permiso dokumento anumang sulat legal na awtorisasyon ang mga sundalo kaya hindi sila pinayagang pumasok ng nag-iisang gwardya ilang mga sundalong Pilipino na itinalagang gwardya roon Pormal na idinulog ng gwardya ang pangyayari sa Tagoloan Municipal Police Station para sa kaukulang dokumentasyon Nagbunsod ng galit ang insidente dahil sa kawalang pagsasaalang-alang ng mga tropang Amerikano sa mga lokal na batas kalagayan ng mga sibilyan soberanya ng Pilipinas Kaisa sa galit na ito ang Partido Komunista ng Pilipinas PKP “Ipinakikita ng insidenteng ito ang aroganteng pag-aasta paghahari-harian ng mga sundalong Amerikano sa loob ng teritoryo ng Pilipinas,” pahayag ni Marco Valbuena punong upisyal sa impormasyon ng Partido Dahil sa nalikhang alingasngas pagtutol napilitan ang US embassy sa Maynila na linawin na ang “pagbisita” ng mga tropang Amerikano sa pabrika ay para lamang “tasahin” kung maaari ba itong gamitin para sa isasagawang Balikatan war games sa 2027 Ang Phividec na target ng isasagawang war games ay isang sibilyang engklabo sa ekonomya kung saan matatagpuan ang maraming mga pabrika isang mayor na planta ng enerhiya internasyunal na komersyal na daungan “Lalong hindi katanggap-tanggap na dahilan na paghahanda lamang sa Balikatan ang pakay ng mga sundalo sa Tagoloan,” ayon kay Valbuena “Ang dapat sa mga Amerikanong sundalo ay umalis sa Tagoloan sa Pilipinas mismo tigilan ang pagkaladkad sa mga Pilipino sa gera ng US sa China Habang namamayagpag ang mga sundalong Amerikano sa Pilipinas nanganganib ang kaligtasan ng buong bansa,” dagdag ni Valbuena Binweltahan rin ni Valbuena ang rehimeng Marcos laluna ang kalihim ng Department National Defense nito na si Gilbert Teodoro “Malakas ang loob ng mga sundalong Amerikano na maghari-harian sa Pilipinas dahil sa todo-todong pagsunod ng rehimeng Marcos lalo ang upisyal nitong si Teodoro,” aniya Tinawag niya si Teodoro na nangungunang “tuta ng Kano” sa pagsira sa kabuhayan pagpapahamak sa mga Pilipino Noong Mayo ipinasara ni Teodoro ang pabrika ng Sanjia dahil nakadikit ito sa lupang pagtatayuan ng isang baseng nabal para sa gamit ng mga barkong ng US Sinalakay noon ng mga sundalo pulis ang planta sa pagdadahilang gumagamit ito ng mga “radioactive material.” Ilang manggagawa nito na Chinese ang iligal na inaresto pero agad ring pinakawalan Dahil sa pananalakay nawalan ng trabaho ang mahigit 600 manggagawang Pilipino nabigo silang makakuha ng sahod subsidyo mula sa pabrika Nakasara ang pabrika mula Hunyo dahil sa isinampang kaso laban sa mga may-ari nito Nakaugnay sa mga Chinese na personalidad ang pagmamay-ari ng pabrika Nitong Agosto isang pabrika naman sa Davao na pagmamay-ari ng isang kapitalistang Chinese ang sinalakay kara-karaka ring ipinasara ng rehimen Katulad sa Sanjia nagresulta ito sa biglang pagkawala ng trabaho ng daan-daang manggagawang Pilipino pagbagsak ng kanilang pamumuhay Dahil sa kawalan ng tamang proseso wala silang nakuhang benepisyo sa pagsasara ng pabrika walang katiyakang maibabalik ang kanilang mga trabaho Ayon kay Valbuena sadyang kakambal ng paglawak ng presensya ng mga tropang Amerikano ang pagkawala ng trabaho pagbagsak ng kabuhayan pagpapalayas sa lupa pagkasaid ng mga rekurso ng mga Pilipino Makikita ito sa pagpapalayas sa mga Aeta sa Tarlac kung saan itatayo ang isang Pax Silica hub mga pagbabawal na maglayag ng mga mangingisda sa Cagayan Valley Zambales Aurora tuwing may Balikatan sapilitang pagbabakwit ng mga magsasaka sa Camarines Sur dahil sa Salaknib marami pang iba “Matingkad na paalala ang insidente sa Tagoloan sa kagyat sa pangangailangan na puspusang ibunyag labanan ang presensya pangingialam ng mga tropang Amerikano sa iba’t ibang sulok ng bansa lalupang magpunyagi para ipagtanggol ang kabuhayan rekurso lupa ng mga Pilipino gayundin ang ating soberanya.” post Tangkang pagpasok ng mga sundalong Amerikano sa pabrika sa MisOr ipina-blotter appeared first PRWC Philippine Revolution Web Central PRWC Philippine Revolution Web Central via RSS Feed"
"[Archived](https://web.archive.org/web/20260825125723/https://www.prospectmagazine.co.uk/views/people/74487/a-lawyers-lonely-fight-for-democracy-inside-hong-kong)

Held in a Hong Kong prison without trial for the past five years, Chow Hang-tung has had few ways to communicate with the outside world. So when her partner, the Chinese dissident Ye Du, proposed to her by writing a letter, she was forced to respond in kind. **“We really need to speed up the process of ending this dictatorship, otherwise when will we ever see each other again?”** she wrote.

In 2021, Chow was charged with “inciting subversion” under a Beijing-imposed national security law, which also makes the promotion of Hong Kong’s secession from China a crime. On 21st August this year, she was convicted. She now faces up to ten years in prison. 

[...]

Chow’s verdict comes amid an accelerating crackdown in Hong Kong, as authorities recently expanded the reach of the national security law, giving the region’s chief executive expanded powers to reclassify any criminal case as a matter of national security. While most of the democracy movement within Hong Kong has been dismantled or driven underground, Chow has remained a rare voice of open defiance. 

When she was a child, her mother would take her to vigils in Hong Kong’s Victoria Park marking the 1989 Tiananmen Square massacre. Later in life, organising this annual vigil would land her and two fellow activists in detention. 

[...]

In 2007, Chow received a postgraduate scholarship to study geophysics at Cambridge university, specialising in seismology. When an earthquake hit the Chinese region of Sichuan in 2008, she was frustrated by what she saw as the government’s role in worsening the impact of the natural disaster. It was then that Chow turned her attention to human rights, retraining and qualifying as a barrister in the mid-2010s. 

Back in Hong Kong, she advocated for labourers in mainland China and built connections with Chinese dissidents. 

[...]

She was sometimes criticised by fellow activists in the Hong Kong democracy movement for focusing on the rights of mainland dissidents over issues closer to home. But according to her friend, the activist Patrick Poon, Chow was “prophetic” in seeing **how the experience of dissidents in China foreshadowed what was to happen in Hong Kong**. While many of the movement’s leaders had fled abroad, he says Chow was determined to remain inside the region. 

“What she saw and heard in mainland China made her realise more deeply that whether a society has freedom, rule of law and civil rights is not an abstract political concept, but directly affects the lives of every ordinary person,” her fiancé Ye Du tells me. He is barred from leaving China and has been placed under strict surveillance. The couple have not been able to communicate with each other since February last year.

One early morning in June 2021, police smashed down the door to her barrister’s chambers and arrested Chow. Despite the significant constraints of her detention, including limited access to legal resources, she chose to represent herself in court, sometimes using court submissions to turn the table on the legal system itself.

[...]

Chow, 41, sees few reasons to feel optimistic about the future of Hong Kong right now, she refuses to give up hope.

“No one can predict the future, but we should not lose our confidence in the people, who are where hope lies”, she says. “We should not underestimate the people’s resilience.”

[...]","Archived Held Hong Kong prison without trial past five years Chow Hang-tung ways communicate outside world partner Chinese dissident Ye Du proposed writing letter forced respond kind “We really need speed process ending dictatorship otherwise ever see again?” wrote 2021 Chow charged “inciting subversion” Beijing-imposed national security law also makes promotion Hong Kong’s secession China crime 21st August year convicted faces ten years prison Chow’s verdict comes amid accelerating crackdown Hong Kong authorities recently expanded reach national security law giving region’s chief executive expanded powers reclassify criminal case matter national security democracy movement within Hong Kong dismantled driven underground Chow remained rare voice open defiance child mother would take vigils Hong Kong’s Victoria Park marking 1989 Tiananmen Square massacre Later life organising annual vigil would land two fellow activists detention 2007 Chow received postgraduate scholarship study geophysics Cambridge university specialising seismology earthquake hit Chinese region Sichuan 2008 frustrated saw government’s role worsening impact natural disaster Chow turned attention human rights retraining qualifying barrister mid-2010s Back Hong Kong advocated labourers mainland China built connections Chinese dissidents sometimes criticised fellow activists Hong Kong democracy movement focusing rights mainland dissidents issues closer home according friend activist Patrick Poon Chow “prophetic” seeing experience dissidents China foreshadowed happen Hong Kong many movement’s leaders fled abroad says Chow determined remain inside region “What saw heard mainland China made realise deeply whether society freedom rule law civil rights abstract political concept directly affects lives every ordinary person,” fiancé Ye Du tells barred leaving China placed strict surveillance couple able communicate since February last year One early morning June 2021 police smashed door barrister’s chambers arrested Chow Despite significant constraints detention including limited access legal resources chose represent court sometimes using court submissions turn table legal system Chow 41 sees reasons feel optimistic future Hong Kong right refuses give hope “No one predict future lose confidence people hope lies” says “We underestimate people’s resilience.”"
"China already operates land-, air- and sea-based systems capable of delivering nuclear weapons. The Ministry of Defence linked that military expansion to a more assertive international posture, including activity in the South China Sea and the Taiwan Strait that it described as dangerous and destabilising.

The assessment presents China’s build-up as part of a wider deterioration in the security environment facing Britain and its NATO allies. Other nuclear-armed states are also modernising, expanding and diversifying their arsenals while investing in new weapons and delivery technologies.

Russia remains the most heavily armed country identified in the document, with more than 4,000 nuclear warheads available for use. It can deliver weapons over long ranges through its strategic nuclear triad and at shorter ranges from land-, sea- and air-based platforms.

...

Britain defines its policy as maintaining an independent, minimum and credible deterrent assigned to NATO’s defence. The government says it will retain only the destructive power required to deter the full range of state nuclear threats.

The UK maintains deliberate ambiguity over when, how and at what scale it might contemplate the use of nuclear weapons. It says they would be considered only in extreme circumstances of self-defence, including the defence of NATO allies.

...

[Archived](https://web.archive.org/web/20260825121309/https://defence-industry.eu/uk-ministry-of-defence-says-china-may-more-than-double-its-nuclear-arsenal-by-2035-while-expanding-land-air-and-sea-delivery-systems/)","China already operates land air sea-based systems capable delivering nuclear weapons Ministry Defence linked military expansion assertive international posture including activity South China Sea Taiwan Strait described dangerous destabilising assessment presents China’s build-up part wider deterioration security environment facing Britain NATO allies nuclear-armed states also modernising expanding diversifying arsenals investing new weapons delivery technologies Russia remains heavily armed country identified document 4,000 nuclear warheads available use deliver weapons long ranges strategic nuclear triad shorter ranges land sea air-based platforms Britain defines policy maintaining independent minimum credible deterrent assigned NATO’s defence government says retain destructive power required deter full range state nuclear threats UK maintains deliberate ambiguity scale might contemplate use nuclear weapons says would considered extreme circumstances self-defence including defence NATO allies Archived"
"Today's game is Old School Runescape. I got approached by a wizard who asked me to solve his maze. I love mazes so i figured why not. I have to admit though it threw me for a loop with how trippy the walls are. It made navigating it difficult. I managed to make it through though with around 60% rewards left so not too hard.

Honestly, that brings me to my main point. I love how Runescape isn't really grounded. They'll just throw shit at you and i love it for that.

![](https://pxscdn.com/public/m/_v2/718679864092257684/9a26d276d-23d3a8/v5kTtF9mFo9m/Rj7v20g7cviD9GcRnanvtVVVPrCNVNfpozSVJIsE.jpg)

I've spent the last few days just running quests and trying too get my levels up. I hope to take on the Dragon Slayer quest next. After that though i'm not really sure what my next goal is. Maybe i'll travel somewhere i havent been yet.

![](https://pxscdn.com/public/m/_v2/718679864092257684/9a26d276d-23d3a8/V1KKJxMc8iLF/eHx7rXa6va59BleHEKmdHQh3APo2vmLkoP1VvJ6e.jpg)

Anyways, a lot of these quests have kept me hovering around Lumbridge. I neglected a lot of my earlier skills so these are perfect for leveling up everything i had ignored.

That's probably all i'll end up doing for the rest of the evening. Tomorrow i think i'll go back to control. I finally caught up to my save last time i played and i don't want to let that go to waste.",Today's game Old School Runescape got approached wizard asked solve maze love mazes figured admit though threw loop trippy walls made navigating difficult managed make though around 60 rewards left hard Honestly brings main point love Runescape really grounded throw shit love spent last days running quests trying get levels hope take Dragon Slayer quest next though really sure next goal Maybe travel somewhere havent yet Anyways lot quests kept hovering around Lumbridge neglected lot earlier skills perfect leveling everything ignored That's probably end rest evening Tomorrow think go back control finally caught save last time played want let go waste
"I have a feeling that meeting other nudists in their element, and later seeing how they dress in public, gives me unique insight into why they like dressing that way. Some people like to make their clothing as light as possible - thinner shirts, wearing shorts - yearning for when they can be naked again, whereas others almost compensate for the time spent nude by dressing elaborately in clothed society. 

In contrast to clothed society, the sexiest thing someone can wear is their underwear + a t-shirt. I really like the way that the diagonal lines of briefs can highlight the shapes of someone's body, and create a boundary between the legs and torso, exentuating both in equal measure. Also, it just looks comfy.  

Because my family was way more relaxed with clothing, it took me a while to realise that stuff like going commando can be frowned upon, or that tank tops were supposed to be 'sexy.' 

To be honest, my family and friends have always said I'm quite into fashion. I had a elective class on it in 8th grade and I was the only boy in the class 🫣. 

::: spoiler I think what I want this post to highlight is that nudists (partial or total) don't necessarily _hate_ clothes. Rather, we have a relationship with them which is more akin to ancient peoples. This is a tangent, but did you know...  
- Human civilisation frequently had people strolling around naked until, I think, medieval times? In Rome and fertile crescent civilisations, slaves might not get to own their own clothes, and it was warm enough for them to go bare. If you picture the clothing of ancient Greece and Rome, you'll realise that they were essentially partially nude the whole time - the male toga had a gap through which it showed a lot of their torso. 
- 1st + 2nd world societies as recent as 1930, like Russia and japan and Britain, had regions where women would bare their breasts freely when engaging in manual labour together (think food or firewood gathering) I find this quite fascinating but it only hits you if recounted in full context, and I'm just simplifying it off the top of my head.  
:::",feeling meeting nudists element later seeing dress public gives unique insight like dressing way people like make clothing light possible thinner shirts wearing shorts yearning naked whereas others almost compensate time spent nude dressing elaborately clothed society contrast clothed society sexiest thing someone wear underwear t-shirt really like way diagonal lines briefs highlight shapes someone's body create boundary legs torso exentuating equal measure Also looks comfy family way relaxed clothing took realise stuff like going commando frowned upon tank tops supposed sexy honest family friends always said quite fashion elective class 8th grade boy class 🫣 spoiler think want post highlight nudists partial total necessarily hate clothes Rather relationship akin ancient peoples tangent know Human civilisation frequently people strolling around naked think medieval times Rome fertile crescent civilisations slaves might get clothes warm enough go bare picture clothing ancient Greece Rome realise essentially partially nude whole time male toga gap showed lot torso 1st 2nd world societies recent 1930 like Russia japan Britain regions women would bare breasts freely engaging manual labour together think food firewood gathering find quite fascinating hits recounted full context simplifying top head
"(post replicated below for convenience)

# Kick-Ass Women from History #5: Lozen

![painting of Lozen from Native Americans for Sovereignty & Preservation](https://lazysoci.al/api/v3/image_proxy?url=https%3A%2F%2Fi.imgur.com%2Fe9PQPaU.png)

Today's heroine, [Lozen](https://en.wikipedia.org/wiki/Lozen), is depicted by a modern painting (from *Native Americans for Sovereignty & Preservation*) because we have no known photograph of her.  (There are photographs that purport to be her, but for a variety of reasons historians can't authenticate them.  They're probably just pictures of random Apache women.)

Lozen is one of those rare figures from history.  She out-manned the men around her, while also bringing clearly feminine energy into the picture.  She rode horses, fired bows, hunted, and fought alongside the menfolk of her tribe as an equal (or, more often, superior) but was also a spiritual leader, a medicine woman, and a healer.  She stole horses and cattle, and killed for her tribe, without compunction, yet she was a staunch, compassionate defender of the weak and brought succour and healing to the ill and wounded.  Of the women I've covered so far, only Zheng Yi Sao has any claim to being more kick-ass in the literal sense of the term, and none thus far have more claim to compassion.

## Names

We do not know her birth name.  ""Lozen"" is her war title (meaning, roughly, ""skilled horse thief""—an honourable Apache occupation because it depended on bravery and tactical skill for success).  She has also been given other titles and names by her people including Little Sister (obviously by her elder brother, Victorio), the Warrior Woman, and a Shield to her People.  In the history books, however, her war title is how she is named.

## Background

Lozen was born in the early 1840s sometime into the  Chihenne (""Warm Springs"") band of the Chiricahua Apache in what today is New Mexico.  She was the younger sister of Chief Victorio, a very prominent Apache leader alongside the likes of the famed Nana.

In the 1870s, the Chihenne band was moved from out their ancestral lands to the deplorable San Carlos Reservation.  In 1877 Victorio and his band left the reservation and raided the European invaders who'd appropriated their native lands near Black Mountain.

From 1879 to 1881 they rode and raided and fought the American army in what came to be known as [Victorio's War](https://en.wikipedia.org/wiki/Victorio%27s_War), and Lozen rode and raided and fought alongside her brother and his band the whole way.  At one point Victorio said of Lozen, when introducing her to the band's patriarch, Nana:

> ""Lozen is my right hand ... strong as a man, braver than most, and cunning in strategy. Lozen is a shield to her people.""

At other points he sang the praises of his sister thus, tacitly confessing her superiority in strategy:

> ""I depend upon Lozen as I do Nana.""

The band rampaged, trading blows with the American and Mexican military both until, tragically, Victorio's death at the Battle of Tres Castillos ended his life in 1880, with the demoralized band's remnants rounded up by 1881.  Still, this did not end the career of Lozen who first threaded the military patrols to rejoin the remnants of her band, knowing they would need her healing skills among the survivors before joining Geronimo when he broke out of the San Carlos reservation in 1885, fighting alongside him until this last gasp of the Apache Wars petered out and the rampaging band surrendered.  Taken into military custody as a prisoner of war, Lozen was taken to Mount Vernon, Alabama, dying of tuberculosis (as did so many Apache prisoners) in 1889.

## Reputation

Lozen was renowned for her courage, her intellect, and her strategic and tactical skills both.  Despite her **very** unusual choice to become a warrior woman, she was highly respected and beloved of both the men and the women of her community.  She was known for her compassion, especially in protecting, guiding, and escorting non-combatants in the middle of chaotic times and battles.  She was remembered as being determined, resourceful, and fiercely loyal to her people.

## The Spiritual Side

But more than just a famed, strong, and skilled warrior, Lozen was, too, a medicine woman, a spiritual leader, and a prophet.  She believed herself to have received spiritual gifts from Ussen (the Apache creator deity) during her coming-of-age ceremony, the most famed of which was her purported mystical ability to locate enemies through prayer and ritual.

This latter gift manifested herself most often by her standing with arms outstretched,. invoking Ussen in chants, while turning in place, eyes closed, until she felt in her palms a tingling that told her which direction her enemies were in.  A recorded chant translates into something like this:

    Upon this earth
    On which we live
    Ussen has Power
    This Power is mine
    For locating the enemy.
    I search for that Enemy
    Which only Ussen the Great
    Can show to me.

She also used her spiritual authority to guide, to heal, and to inspire her people.

## Accomplishments & Legacy

Lozen fought alongside her brother Victorio, and later Geronimo, in the Apache wars.  In those times she engaged in raids, led war parties, stole horses and supplies, snuck through patrols determined to find the rampaging band, all while protecting women and children during conflicts.  She played key roles more than once in helping non-combatants escape through enemy lines, only to turn around and return to the combat.  She's credited with saving many wounded people's lives through her healing herbs and rituals.  And despite these ""extra-curricular"" activities she managed to participate in more campaigns than many male Apache leaders (indeed one might dare suggest more than most).

To this day she is still remembered and revered by her people as a legendary warrior, healer, and prophet.  She is frequently held up as a symbol of indigenous peoples' (and especially women's) strength, resilience, and spiritual power.  Her story continues to inspire native communities and women's movements both to this day.","post replicated convenience Kick-Ass Women History Lozen painting Lozen Native Americans Sovereignty Preservation Today's heroine Lozen depicted modern painting Native Americans Sovereignty Preservation known photograph photographs purport variety reasons historians can't authenticate probably pictures random Apache women Lozen one rare figures history out-manned men around also bringing clearly feminine energy picture rode horses fired bows hunted fought alongside menfolk tribe equal often superior also spiritual leader medicine woman healer stole horses cattle killed tribe without compunction yet staunch compassionate defender weak brought succour healing ill wounded women covered far Zheng Yi Sao claim kick-ass literal sense term none thus far claim compassion Names know birth name Lozen war title meaning roughly skilled horse thief""—an honourable Apache occupation depended bravery tactical skill success also given titles names people including Little Sister obviously elder brother Victorio Warrior Woman Shield People history books however war title named Background Lozen born early 1840s sometime Chihenne Warm Springs band Chiricahua Apache today New Mexico younger sister Chief Victorio prominent Apache leader alongside likes famed Nana 1870s Chihenne band moved ancestral lands deplorable San Carlos Reservation 1877 Victorio band left reservation raided European invaders who'd appropriated native lands near Black Mountain 1879 1881 rode raided fought American army came known Victorio's War Lozen rode raided fought alongside brother band whole way one point Victorio said Lozen introducing band's patriarch Nana Lozen right hand strong man braver cunning strategy Lozen shield people points sang praises sister thus tacitly confessing superiority strategy depend upon Lozen Nana band rampaged trading blows American Mexican military tragically Victorio's death Battle Tres Castillos ended life 1880 demoralized band's remnants rounded 1881 Still end career Lozen first threaded military patrols rejoin remnants band knowing would need healing skills among survivors joining Geronimo broke San Carlos reservation 1885 fighting alongside last gasp Apache Wars petered rampaging band surrendered Taken military custody prisoner war Lozen taken Mount Vernon Alabama dying tuberculosis many Apache prisoners 1889 Reputation Lozen renowned courage intellect strategic tactical skills Despite unusual choice become warrior woman highly respected beloved men women community known compassion especially protecting guiding escorting non-combatants middle chaotic times battles remembered determined resourceful fiercely loyal people Spiritual Side famed strong skilled warrior Lozen medicine woman spiritual leader prophet believed received spiritual gifts Ussen Apache creator deity coming-of-age ceremony famed purported mystical ability locate enemies prayer ritual latter gift manifested often standing arms outstretched invoking Ussen chants turning place eyes closed felt palms tingling told direction enemies recorded chant translates something like Upon earth live Ussen Power Power mine locating enemy search Enemy Ussen Great show also used spiritual authority guide heal inspire people Accomplishments Legacy Lozen fought alongside brother Victorio later Geronimo Apache wars times engaged raids led war parties stole horses supplies snuck patrols determined find rampaging band protecting women children conflicts played key roles helping non-combatants escape enemy lines turn around return combat credited saving many wounded people's lives healing herbs rituals despite extra-curricular activities managed participate campaigns many male Apache leaders indeed one might dare suggest day still remembered revered people legendary warrior healer prophet frequently held symbol indigenous peoples especially women's strength resilience spiritual power story continues inspire native communities women's movements day"
"(post replicated here for convenience)

# Kick-Ass Women from History #2: Ada Blackjack

![photograph of the subject](https://lazysoci.al/api/v3/image_proxy?url=https%3A%2F%2Fi.imgur.com%2FVDvRc8Z.jpg)

[Ada Blackjack](https://en.wikipedia.org/wiki/Ada_Blackjack) was an [Iñupiaq](https://en.wikipedia.org/wiki/I%C3%B1upiat) woman famous for her role in an ill-fated arctic expedition to [Wrangel Island](https://en.wikipedia.org/wiki/Wrangel_Island).  Her journey from impoverished seamstress to sole survivor of that brutally unforgiving journey is the stuff of which legends are made.

## Background

Born Ada Deletuk in 1898 in Solomon, Alaska, life was harsh from the beginning: she lost two of her three children in infancy, was abandoned by her husband, and struggled to provide for her surviving son, Bennett, who suffered from tuberculosis. In 1921, desperate for money to pay for Bennett’s medical care, Ada accepted a position as a cook and seamstress on an expedition to Wrangel Island, a desolate Arctic outpost. She had no survival training of any kind and was physically slight, standing less than five feet tall and weighing barely a hundred pounds.

## The Expedition

The expedition consisted of five people: Allan Crawford (Canadian, leader); Lorne Knight, Milton Galle, and Fred Maurer (American); and, of course, Ada.  Maurer was a survivor of a shipwreck that had been stranded on Wrangel Island for eight months so was deemed as a sort of local expert.  The purpose of the expedition was to claim the island for Canada through virtue of having people living on it for two years.

## Survival

The mission went fine for the first year or so, but when a resupply ship failed to arrive, things started to turn.  There was not enough game to hunt to keep everybody fed, so nutritional deficiencies started to take hold.  Knight succumbed to scurvy and was bedridden.  The other three men, out of desperation, set out to cross the ice to Siberia to search for food and aid, leaving Ada alone with Knight.  For six months, she nursed Knight, acting as “doctor, nurse, companion, servant and huntswoman in one” according to her diary.

After Knight’s death, Ada was left utterly alone. She overcame her fear of guns and polar bears, learned to hunt seals and foxes, and even constructed a makeshift boat and kerosene stove, demonstrating ingenuity that surpassed even the professional explorers she had accompanied.

## Heroism

Ada’s determination to survive was fueled by her devotion to her son. The thought of reuniting with Bennett gave her the strength to endure isolation, starvation, and the ever-present threat of polar bears. Despite having been bullied and marginalized by her male companions, Ada recovered from despair and ""threw herself ferociously to the task of surviving in order to be reunited with her son”, again according to her diary. Indeed her diary reveals the immense burdens she shouldered, taking on the work of four men while caring for the sick and dying Knight.

Perhaps the most profound aspect of Ada’s heroism was her selflessness. She risked her life not for fame or fortune, but to provide a future for her ailing child. Her journey to Wrangel Island was motivated solely by the hope of earning enough money to care for Bennett; it was perhaps her only hope, as a despised minority of no means or prospects, of doing so. Even after her ordeal, Ada used her savings to take Bennett to Seattle for medical treatment, continuing to put his needs above her own.

## Rescue and Aftermath

When Ada was finally rescued in August 1923, she returned to a flurry of media attention, hailed as the “female Robinson Crusoe”. Yet she shied away from the spotlight, insisting she was simply a mother trying to get home to her son. Her heroism was largely forgotten for decades, but recent retellings have revived her legacy as a symbol of quiet, unyielding courage.

Ada Blackjack died in 1983 at the age of 85, her gravestone reading: “HEROINE – WRANGEL ISLAND EXPEDITION”. The Alaska Legislature posthumously recognized her as a true and courageous hero.

## Closing Thoughts

Ada's heroism is not the loud, brash, flashy kind one ordinarily sees held up.  Hers was instead a more profound variety, born of selflessness, adaptability, and resilience.  Where four professional explorers succumbed to the harshness of being stranded in the high Arctic, she endured and survived, all so that her son could have access to medical treatments.

For me, personally, this is a truer form of heroism than the grandiloquent tales told around campfires of great deeds of derring-do.  This is heroism that exemplifies the best of the best in humanity.

And it rested in a marginalized woman.",post replicated convenience Kick-Ass Women History Ada Blackjack photograph subject Ada Blackjack Iñupiaq woman famous role ill-fated arctic expedition Wrangel Island journey impoverished seamstress sole survivor brutally unforgiving journey stuff legends made Background Born Ada Deletuk 1898 Solomon Alaska life harsh beginning lost two three children infancy abandoned husband struggled provide surviving son Bennett suffered tuberculosis 1921 desperate money pay Bennett’s medical care Ada accepted position cook seamstress expedition Wrangel Island desolate Arctic outpost survival training kind physically slight standing less five feet tall weighing barely hundred pounds Expedition expedition consisted five people Allan Crawford Canadian leader Lorne Knight Milton Galle Fred Maurer American course Ada Maurer survivor shipwreck stranded Wrangel Island eight months deemed sort local expert purpose expedition claim island Canada virtue people living two years Survival mission went fine first year resupply ship failed arrive things started turn enough game hunt keep everybody fed nutritional deficiencies started take hold Knight succumbed scurvy bedridden three men desperation set cross ice Siberia search food aid leaving Ada alone Knight six months nursed Knight acting “doctor nurse companion servant huntswoman one” according diary Knight’s death Ada left utterly alone overcame fear guns polar bears learned hunt seals foxes even constructed makeshift boat kerosene stove demonstrating ingenuity surpassed even professional explorers accompanied Heroism Ada’s determination survive fueled devotion son thought reuniting Bennett gave strength endure isolation starvation ever-present threat polar bears Despite bullied marginalized male companions Ada recovered despair threw ferociously task surviving order reunited son” according diary Indeed diary reveals immense burdens shouldered taking work four men caring sick dying Knight Perhaps profound aspect Ada’s heroism selflessness risked life fame fortune provide future ailing child journey Wrangel Island motivated solely hope earning enough money care Bennett perhaps hope despised minority means prospects Even ordeal Ada used savings take Bennett Seattle medical treatment continuing put needs Rescue Aftermath Ada finally rescued August 1923 returned flurry media attention hailed “female Robinson Crusoe” Yet shied away spotlight insisting simply mother trying get home son heroism largely forgotten decades recent retellings revived legacy symbol quiet unyielding courage Ada Blackjack died 1983 age 85 gravestone reading “HEROINE – WRANGEL ISLAND EXPEDITION” Alaska Legislature posthumously recognized true courageous hero Closing Thoughts Ada's heroism loud brash flashy kind one ordinarily sees held instead profound variety born selflessness adaptability resilience four professional explorers succumbed harshness stranded high Arctic endured survived son could access medical treatments personally truer form heroism grandiloquent tales told around campfires great deeds derring-do heroism exemplifies best best humanity rested marginalized woman
"(post replicated below for convenience)

# Kick-Ass Women from History: Preamble

A long time ago I joined a women's-only group on Lemmy and found a wonderful little community of varied women from all kinds of background.  I wrote a little message once about how something that was being spoken of reminded me of some women from history, naming a couple, and was encouraged by the owner/moderator of the group to say more about strong women from history.

Thus was the *Kick-Ass Women from History* series born.  I wound up writing eight very long articles (I tend to blather) and the series was quite popular.

Then I ran face-first into Patriarchy.  The owner of the instance I'd published from was getting complaints from people who'd attacked me in various message groups and didn't enjoy my counter-attacks.  (Meet like with like is the philosophy at work.)  Their brigading was causing him extra work so he decided in the end to just delete my account on his server.

Plus all my content.

Which included the eight aforementioned articles I'd poured heart and soul into.

I was quietly devastated, of course, and decided to stop doing anything of substance on Lemmy because it just took one asshole getting butthurt to have it all vanish in a snap of the fingers.  (I'd assumed that federation meant stuff couldn't be just deleted everywhere in a single action, but I was proved wrong.)

It's been almost a year now, and the hurt has healed.  And something incredible has happened on top of everything else: all of my original articles, which I stupidly didn't save locally, have been located and restored to me.

This is a long, roundabout way of saying ***I'm back, babies!***  (And by ""babies"" I mean the whiny assholes who brigaded my content into oblivion.  Fuck those guys.)

First I'm republishing the old hits (with some minor copy editing because I couldn't help but notice a few errors here or there).  Then, after #8 is restored (under the moniker ""Resurrected""), I will continue with more Kick-Ass Women from History.

Because trust me, there's a **lot** of absolutely great women nobody knows about because patriarchy.",post replicated convenience Kick-Ass Women History Preamble long time ago joined women's-only group Lemmy found wonderful little community varied women kinds background wrote little message something spoken reminded women history naming couple encouraged owner/moderator group say strong women history Thus Kick-Ass Women History series born wound writing eight long articles tend blather series quite popular ran face-first Patriarchy owner instance published getting complaints people who'd attacked various message groups enjoy counter-attacks Meet like like philosophy work brigading causing extra work decided end delete account server Plus content included eight aforementioned articles poured heart soul quietly devastated course decided stop anything substance Lemmy took one asshole getting butthurt vanish snap fingers assumed federation meant stuff deleted everywhere single action proved wrong almost year hurt healed something incredible happened top everything else original articles stupidly save locally located restored long roundabout way saying back babies babies mean whiny assholes brigaded content oblivion Fuck guys First republishing old hits minor copy editing help notice errors restored moniker Resurrected continue Kick-Ass Women History trust there's lot absolutely great women nobody knows patriarchy
"(post replicated below for convenience)

# Kick-Ass Women from History #4: Hatshepsut

![one of very few remaining statues of the pharaoh](https://lazysoci.al/api/v3/image_proxy?url=https%3A%2F%2Fi.imgur.com%2Fft2TEbl.jpg)

## Rise to Power

Hatshepsut was born \~1504BCE as the daughter of Pharaoh Thutmose I and his Queen Ahmose.  She was married to her half-brother, Thutmose II, strengthening her royal influence.  Upon her husband's death, she took on the regency for her stepson, Thutmose III, who was a child.  After several years as Thutmose III's regent, she declared herself pharaoh \~1473BCE, adopted full royal titulary, and co-ruled with her stepson instead.  To help legitimize her rule in a strongly male-dominated society she had herself depicted in artworks as a man, often shown with the traditional postiche beard and masculine attire.  Inscriptions would refer to her both in feminine and masculine terms to convey the idea she was both father and mother to the realm.

## Hatshepsut Rules

Hatshepsut ruled as co-regnant for about twenty years—\~1478-\~1458BCE—making her one of the longest-ruling female pharaohs and her reign one of the most stable of that set.  Her reign was marked by prosperity, peace, and internal stability, as well as by a sharp reduction in military campaigns and conquests.  In addition she refined Egypt's governance, shifting from arbitrary (nearly whimsical) decisions of rulers to a more organized, bureaucratic system.

### Trade & Diplomacy

Hatshepsut favoured trade neworks and diplomacy over military dominance; soft power over hard power, in effect.  She reestablished trade networks disrupted during the Hyksos occupation and then expanded them.  A sponsored expedition to the ""Land of Punt"" (probably Eritrea or Ethiopia these days) brought back gold, ebony, ivory, spices, incense trees, and many other luxury goods.  Initiating trade with Byblos, the Sinai, Nubia, and Canaan further increased Egypt's wealth and access to exotic goods.  Even with her later erasure (foreshadowing!) her trade policies and diplomacy were so important to Egypt they were kept even as her existence was erased.

### Public Works

As one of the most prolific builders in Egyptian history, Hatshepsut commissioned hundreds of construction projects across Upper and Lower Egypt both.  Two of her most important projects included:

- the mortuary temple at Deir el-Bahri, an architectural marvel with multiple terraces, colonnades, and more than 100 statues of herself in various poses and positions (with some even as sphinxes);
- added monumental structures to the Karnak Temple Complex including two 100-foot obelisks (one still standing), the ""Red Chapel"", and the restoration of the Precinct of Mut, the ancient goddess whose temples had been destroyed under the Hyksos.

For all of her monumental works she employed prominent architects and officials, most notably Ineni and her chief minister Senenmut, to over see the projects.  As a result her building programs raised Egyptian architecture to a standard rivaled only by later classical civilisations.

Over and above major projects like the two examples above, Hatshepsut also commissioned vast amounts of statuary and reliefs depicting her as both male and female, reinforcing her dual role as king and queen.  Her mortuary temple at Deir el-Bahri became a model for subsequent royal construction and ritual practice.  So important a figure was she that many of her statues and monuments are now housed in major museums worldwide.

### Legacy

Hatshepsut's reign set a precedent for female rulership (and not only in Egypt), though her example was rarely followed; Egypt would not see another comparably powerful female ruler until Cleopatra, 1,400 years later.  She changed the relationship between king, god, and dynasty, emphasizing divine mandate and ritual legitimacy over mere political power.  Her reign is often cited as one of the most successful and peaceful in Egyptian history, marked by economic growth, monumental art, and cultural flourishing.

## Erasure

After her death in \~1458BCE, a systematic campaign began under Thutmose III and his successor Amenhotep II to erase her from the historical record.  Her images and cartouches were chiseled off monuments, statues destroyed or buried, and her achievements ascribed to other pharaohs, especially her husband Thutmose II and stepson Thutmose III.  Methods of erasure included defacement, replacement, smoothing, and covering of reliefs and inscriptions, particularly at Deir el-Bahri and Karnak.

There are several possible motives for this erasure:

- to legitimize Thutmose III’s direct succession;
- to diminish the precedent of female kingship;
- to reinforce traditional gender norms;
- to erase the memory of a successful female pharaoh, which may have threatened patriarchal structures.

Despite these efforts, many of her monuments survived, and modern archaeology has restored Hatshepsut’s reputation as one of Egypt’s greatest rulers.  Hatshepsut’s legacy endures as a testament to her ambition, skill, and the enduring impact of her reign, despite later attempts to erase her from history.","post replicated convenience Kick-Ass Women History Hatshepsut one remaining statues pharaoh Rise Power Hatshepsut born 1504BCE daughter Pharaoh Thutmose Queen Ahmose married half-brother Thutmose II strengthening royal influence Upon husband's death took regency stepson Thutmose III child several years Thutmose III's regent declared pharaoh 1473BCE adopted full royal titulary co-ruled stepson instead help legitimize rule strongly male-dominated society depicted artworks man often shown traditional postiche beard masculine attire Inscriptions would refer feminine masculine terms convey idea father mother realm Hatshepsut Rules Hatshepsut ruled co-regnant twenty years—\~1478-\~1458BCE—making one longest-ruling female pharaohs reign one stable set reign marked prosperity peace internal stability well sharp reduction military campaigns conquests addition refined Egypt's governance shifting arbitrary nearly whimsical decisions rulers organized bureaucratic system Trade Diplomacy Hatshepsut favoured trade neworks diplomacy military dominance soft power hard power effect reestablished trade networks disrupted Hyksos occupation expanded sponsored expedition Land Punt probably Eritrea Ethiopia days brought back gold ebony ivory spices incense trees many luxury goods Initiating trade Byblos Sinai Nubia Canaan increased Egypt's wealth access exotic goods Even later erasure foreshadowing trade policies diplomacy important Egypt kept even existence erased Public Works one prolific builders Egyptian history Hatshepsut commissioned hundreds construction projects across Upper Lower Egypt Two important projects included mortuary temple Deir el-Bahri architectural marvel multiple terraces colonnades 100 statues various poses positions even sphinxes added monumental structures Karnak Temple Complex including two 100-foot obelisks one still standing Red Chapel restoration Precinct Mut ancient goddess whose temples destroyed Hyksos monumental works employed prominent architects officials notably Ineni chief minister Senenmut see projects result building programs raised Egyptian architecture standard rivaled later classical civilisations major projects like two examples Hatshepsut also commissioned vast amounts statuary reliefs depicting male female reinforcing dual role king queen mortuary temple Deir el-Bahri became model subsequent royal construction ritual practice important figure many statues monuments housed major museums worldwide Legacy Hatshepsut's reign set precedent female rulership Egypt though example rarely followed Egypt would see another comparably powerful female ruler Cleopatra 1,400 years later changed relationship king god dynasty emphasizing divine mandate ritual legitimacy mere political power reign often cited one successful peaceful Egyptian history marked economic growth monumental art cultural flourishing Erasure death 1458BCE systematic campaign began Thutmose III successor Amenhotep II erase historical record images cartouches chiseled monuments statues destroyed buried achievements ascribed pharaohs especially husband Thutmose II stepson Thutmose III Methods erasure included defacement replacement smoothing covering reliefs inscriptions particularly Deir el-Bahri Karnak several possible motives erasure legitimize Thutmose III’s direct succession diminish precedent female kingship reinforce traditional gender norms erase memory successful female pharaoh may threatened patriarchal structures Despite efforts many monuments survived modern archaeology restored Hatshepsut’s reputation one Egypt’s greatest rulers Hatshepsut’s legacy endures testament ambition skill enduring impact reign despite later attempts erase history"
"[Original Reddit post](https://www.reddit.com/r/ArtificialInteligence/comments/1vxteu1/how_do_you_actually_figure_out_a_new_fields_5year/)

I recently switched subfields, and my PI asked me for a quick rundown of where things have been heading over the last 5 years or so.
It sounded pretty easy in theory.
I went to Google Scholar, set the date range, and started downloading papers. A few hours later, I had a folder with around 80 PDFs and honestly no idea what the bigger trends were.
It feels like everyone is making small changes to slightly different datasets. I can usually understand individual papers, but figuring out how they connect is the hard part. Who built on whose work? Which ideas actually became important? Which approaches quietly disappeared?
I tried making a spreadsheet to track methods and key findings, but after a while it started feeling like I was just doing data entry instead of actually understanding the field.Earlier today, I tried putting some of the papers into Mira from Deep Principle to help organize the literature and see if there were any patterns I was missing. It gave me a pretty useful overview of the main research directions and helped me compare different approaches, which saved some time.
That said, I still feel like I'm missing the intuition you only get after spending years in a field.
submitted by
/u/LumilitawNaMangga

Originally posted by u/LumilitawNaMangga on r/ArtificialInteligence",Original Reddit post recently switched subfields PI asked quick rundown things heading last 5 years sounded pretty easy theory went Google Scholar set date range started downloading papers hours later folder around 80 PDFs honestly idea bigger trends feels like everyone making small changes slightly different datasets usually understand individual papers figuring connect hard part built whose work ideas actually became important approaches quietly disappeared tried making spreadsheet track methods key findings started feeling like data entry instead actually understanding field.Earlier today tried putting papers Mira Deep Principle help organize literature see patterns missing gave pretty useful overview main research directions helped compare different approaches saved time said still feel like missing intuition get spending years field submitted u/LumilitawNaMangga Originally posted u/LumilitawNaMangga r/ArtificialInteligence
"Nagprotesta ang mga manggagawa ng Harbour Centre Port Terminal, Inc. (HCPTI) sa upisina ng Department of Labor and Employment-National Capital Region (DOLE-NCR) sa Maynila noong Agosto 24. Sa pangunguna ng Unyon ng mga Manggagawa ng Harbour Centre (UMHC), binatikos nila ang ahensya sa kainutilan nitong protektahan ang karapatan ng 378 manggagawang tinanggal sa pyer noon pang Enero 2020.

Isinagawa ng kumpanya ang tanggalan sa tabing ng kunwa’y pagtatapos ng kontrata nito sa labor agency na Grasials Corporation. Nilabanan ito ng mga manggagawa at iginiit ang kanilang pagbalik sa trabaho. Noong Setyembre 2021, kinatigan sila ng Korte Suprema at inutusan ang kumpanya na ibalik sila sa trabaho at kaakibat nitong kabayaran.

Limang taon makalipas, hindi pa rin sila ibinabalik sa trabaho at wala nang ginagawa ang DOLE-NCR para tiyaking sundin ang kautusan. “Limang taon nang naghihintay ang mga manggagawa. Ikatlong apela na para sa implementation! May desisyon na, may finality na, implementation na lang ang hinihintay!” galit na pahayag ng UMHC.

Patuloy rin ang panawagan ng unyon para sa pananagutan sa marahas na pagbuwag sa kanilang kampuhan sa Road 10, Maynila noong Nobyembre 2022. Nasa likod ng pagbuwag sa kampuhan ang mga maton at tauhan ng HCPTI. Ang kumpanya ay pag-aari ng kapitalistang si Reghis Romero.

Si Romero rin ang itinuturong nasa likod ng mapangwasak na ₱26-bilyong waste-to-energy (WTE) incinerator sa Barangay 128, Smokey Mountain, Maynila. Ang proyekto ay isang 100 megawatt na WTE Incineration Plant na itinutulak ng Manila Integrated Environment Corp. (MIEC), kumpanyang kontrolado ng Phil. Ecology Systems Corp. (PHILECO) na pag-aari n Romero. Suportado ito ng kumpanyang Japanese na Kanadevia Corporation at nakabalangkas ang pagtatayo sa malawakang Port Modernization sa kahabaan ng pantalan sa Maynila.

Habang tuluy-tuloy ang panawagan ng mga manggagawa para ipatupad ang pagbabalik-trabaho, hinihingi nito sa gubyerno ang pagbibigay ng suportang pinansyal at tulong para sa mga nawalan ng trabaho. Gayunman, idiniin ng unyon na batid ng mga manggagwa na hindi ito kapalit ng regular na trabaho at hustisya.

The post [Mga manggagawang tinanggal sa Harbour Centre, muling nagprotesta sa DOLE-NCR](https://philippinerevolution.nu/angbayan/mga-manggagawang-tinanggal-sa-harbour-centre-muling-nagprotesta-sa-dole-ncr/) appeared first on [PRWC | Philippine Revolution Web Central](https://philippinerevolution.nu/).

---

**From [PRWC | Philippine Revolution Web Central](https://philippinerevolution.nu/feed/) via [This RSS Feed](https://philippinerevolution.nu/feed/).**",Nagprotesta ang mga manggagawa ng Harbour Centre Port Terminal Inc HCPTI sa upisina ng Department Labor Employment-National Capital Region DOLE-NCR sa Maynila noong Agosto 24 Sa pangunguna ng Unyon ng mga Manggagawa ng Harbour Centre UMHC binatikos nila ang ahensya sa kainutilan nitong protektahan ang karapatan ng 378 manggagawang tinanggal sa pyer noon pang Enero 2020 Isinagawa ng kumpanya ang tanggalan sa tabing ng kunwa’y pagtatapos ng kontrata nito sa labor agency na Grasials Corporation Nilabanan ito ng mga manggagawa iginiit ang kanilang pagbalik sa trabaho Noong Setyembre 2021 kinatigan sila ng Korte Suprema inutusan ang kumpanya na ibalik sila sa trabaho kaakibat nitong kabayaran Limang taon makalipas hindi pa rin sila ibinabalik sa trabaho wala nang ginagawa ang DOLE-NCR para tiyaking sundin ang kautusan “Limang taon nang naghihintay ang mga manggagawa Ikatlong apela na para sa implementation May desisyon na may finality na implementation na lang ang hinihintay!” galit na pahayag ng UMHC Patuloy rin ang panawagan ng unyon para sa pananagutan sa marahas na pagbuwag sa kanilang kampuhan sa Road 10 Maynila noong Nobyembre 2022 Nasa likod ng pagbuwag sa kampuhan ang mga maton tauhan ng HCPTI Ang kumpanya ay pag-aari ng kapitalistang si Reghis Romero Si Romero rin ang itinuturong nasa likod ng mapangwasak na ₱26-bilyong waste-to-energy WTE incinerator sa Barangay 128 Smokey Mountain Maynila Ang proyekto ay isang 100 megawatt na WTE Incineration Plant na itinutulak ng Manila Integrated Environment Corp MIEC kumpanyang kontrolado ng Phil Ecology Systems Corp PHILECO na pag-aari n Romero Suportado ito ng kumpanyang Japanese na Kanadevia Corporation nakabalangkas ang pagtatayo sa malawakang Port Modernization sa kahabaan ng pantalan sa Maynila Habang tuluy-tuloy ang panawagan ng mga manggagawa para ipatupad ang pagbabalik-trabaho hinihingi nito sa gubyerno ang pagbibigay ng suportang pinansyal tulong para sa mga nawalan ng trabaho Gayunman idiniin ng unyon na batid ng mga manggagwa na hindi ito kapalit ng regular na trabaho hustisya post Mga manggagawang tinanggal sa Harbour Centre muling nagprotesta sa DOLE-NCR appeared first PRWC Philippine Revolution Web Central PRWC Philippine Revolution Web Central via RSS Feed
"[Original Reddit post](https://www.reddit.com/r/ArtificialInteligence/comments/1vxpbcf/realtime_voice_ai_can_hear_the_emotion_but_does/)

The researchers tested GPT Realtime 2, Gemini 3.1 Flash Live, Qwen3.5 Omni Plus and Qwen3.5 Omni Flash in situations where the words say one thing and the voice says another.
For example:
“Nothing is wrong” + crying → the system should investigate, but it ended the call.
“Approve the transfer” + frightened voice → it should escalate, but it approved the transfer.
“Sign me up” + obvious sarcasm → it should recognize the agreement isn't genuine, but it enrolled the person anyway.
The interesting things are
The models can often detect the vocal cue when you explicitly ask them about it.
So this doesn't look like a simple “the model can't hear emotion” problem.
It looks more like:
voice > perception > [something gets lost] > decision
Three of the four models reliably picked up distress/fear/sarcasm in the diagnostic tests, but that information didn't reliably make it into the actual decision.
lets talk numbers. Under the base prompts, the four systems made the same kind of script-following decision in
119/120 runs
across the scenarios.
There are some other interesting failures too.
Give the model text about Italy spoken in an Australian accent, and several systems will confidently tell you they're hearing an Italian accent. Give an older-sounding voice a script written like a child is speaking, and some models estimate the speaker as a child. The wording is effectively overpowering the acoustic signal.
And prompting isn't fix.
it sometimes changed behavior, particularly in the fraud scenario, but it is not consistent. many scenario basically didn't budge, and sarcasm was still largely ignored.
I have being running some experiments around speech and speech model using dograh's opensource infra and GPT realtime 2... and these problems affect the long tail a lot which is most important thing in voice agents
And the biggest challenge is evils because many of them are based on a transcript, which misses the nuances of emotions.
Does information that the model can perceive actually affect the action it takes? and how too measure it? is
much nastier problem.
The paper calls this the
“emotional intelligence gap”
in realtime voice AI.
Worth reading if you're working on realtime speech, audio LLMs, voice agents, or evals.
Paper:
Real-Time Voice AI Hears but Does Not Listen
— arXiv:2606.26083v1
submitted by
/u/Once_ina_Lifetime

Originally posted by u/Once_ina_Lifetime on r/ArtificialInteligence",Original Reddit post researchers tested GPT Realtime 2 Gemini 3.1 Flash Live Qwen3.5 Omni Plus Qwen3.5 Omni Flash situations words say one thing voice says another example “Nothing wrong” crying → system investigate ended call “Approve transfer” frightened voice → escalate approved transfer “Sign up” obvious sarcasm → recognize agreement genuine enrolled person anyway interesting things models often detect vocal cue explicitly ask look like simple “the model can't hear emotion” problem looks like voice perception something gets lost decision Three four models reliably picked distress/fear/sarcasm diagnostic tests information reliably make actual decision lets talk numbers base prompts four systems made kind script-following decision 119/120 runs across scenarios interesting failures Give model text Italy spoken Australian accent several systems confidently tell hearing Italian accent Give older-sounding voice script written like child speaking models estimate speaker child wording effectively overpowering acoustic signal prompting fix sometimes changed behavior particularly fraud scenario consistent many scenario basically budge sarcasm still largely ignored running experiments around speech speech model using dograh's opensource infra GPT realtime 2 problems affect long tail lot important thing voice agents biggest challenge evils many based transcript misses nuances emotions information model perceive actually affect action takes measure much nastier problem paper calls “emotional intelligence gap” realtime voice AI Worth reading working realtime speech audio LLMs voice agents evals Paper Real-Time Voice AI Hears Listen — arXiv:2606.26083v1 submitted u/Once_ina_Lifetime Originally posted u/Once_ina_Lifetime r/ArtificialInteligence
"Two things non-nudists don't understand about the lifestyle are: 
1.  How can we not be aroused by seeing other people, including even family, nude all the time?  
2. How is cuddling and hugging appropriate when members of the family are naked?  

Simple answers to these from my experience is that  

1. People basically don't get aroused by their family members because of acclimatisation to being around them - and being around them naked. I would only get turned on if something particularly arousing happened, e.g if I overheard intercourse (it can happen, lol). 

That being said, a bit after I hit puberty i would get erections from seeing my mother or sister at home. But it's well documented that even in clothed homes people can base some of their sexual attraction on the people closest to them - you get over it quickly. 

2. Now revisiting the title of the post: there is a distinct difference between a romantic/sexual embrace and a familial or friendly one. A romantic hug seeks to press closer to the other person at the chest, and/or at the hips. Hands linger more, caressing occurs and certain areas like the lower back or hips might be touched.  

When embracing my own family, they would point out what is a polite limit of closeness, and they would basically remind me of it every time we hugged, until I just knew it from practice. The main thing to keep in mind is don't be squashing into the other person's breasts (if it can be helped), and don't press penis against penis.  
 
I wonder if anyone else had this? Don't feel pressured to share, because i know it's hard to talk about 😄.  

I think the other thing worth mentioning though is that my family wasn't nude 100% of the time at home, anyway, so don't picture it as a permanent nudist bootcamp. ",Two things non-nudists understand lifestyle 1 aroused seeing people including even family nude time 2 cuddling hugging appropriate members family naked Simple answers experience 1 People basically get aroused family members acclimatisation around around naked would get turned something particularly arousing happened e.g overheard intercourse happen lol said bit hit puberty would get erections seeing mother sister home well documented even clothed homes people base sexual attraction people closest get quickly 2 revisiting title post distinct difference romantic/sexual embrace familial friendly one romantic hug seeks press closer person chest and/or hips Hands linger caressing occurs certain areas like lower back hips might touched embracing family would point polite limit closeness would basically remind every time hugged knew practice main thing keep mind squashing person's breasts helped press penis penis wonder anyone else feel pressured share know hard talk 😄 think thing worth mentioning though family nude 100 time home anyway picture permanent nudist bootcamp
"> ![cgLhGbpiqgUZqRa.avif](https://media.piefed.ca/posts/cg/Lh/cgLhGbpiqgUZqRa.avif)  
> 
> FoodNeverComes is one of a growing number of fake online shopping sites where users can place a pretend food order. (CBC)  


> Rhia Catapano, an assistant professor at the University of Toronto who studies consumer behaviour and psychology, says online shopping simulators can activate “the same parts of our brain that doing the actual activity would.”  
> 
> That's particularly appealing for budget-conscious young people.  
> 
> “Like playing a video game or dreaming about a vacation that you're never actually going to take, we can imagine a thing,” she said. “In some way, it gives us some of the same psychological benefits.”  


> The sudden popularity of these sites, says Catapano, shows just how deeply consumerism has become integrated into our everyday lives, with people willing to spend time and effort browsing and “shopping” even when they know nothing will ever arrive.  
> 
> But she sees a glimmer of resistance, too.  
> 
> Some people, she says, are realizing through these sites that their shopping habits aren’t serving them — and are looking for ways to consume less and make more intentional choices.  
> 
> “They recognize that what they're doing is not good for them, so they're trying to make changes.”  

","cgLhGbpiqgUZqRa.avif FoodNeverComes one growing number fake online shopping sites users place pretend food order CBC Rhia Catapano assistant professor University Toronto studies consumer behaviour psychology says online shopping simulators activate “the parts brain actual activity would.” That's particularly appealing budget-conscious young people “Like playing video game dreaming vacation never actually going take imagine thing,” said “In way gives us psychological benefits.” sudden popularity sites says Catapano shows deeply consumerism become integrated everyday lives people willing spend time effort browsing “shopping” even know nothing ever arrive sees glimmer resistance people says realizing sites shopping habits aren’t serving — looking ways consume less make intentional choices “They recognize good trying make changes.”"
"(post replicated here for convenience)

# Kick-Ass Women from History #3: 吴藻 (Wú Zǎo)

![photograph of the subject](https://lazysoci.al/api/v3/image_proxy?url=https%3A%2F%2Fi.imgur.com%2FAr4jz3i.png)

You can easily go through your entire life in the west having never heard the name [Wu Zao](https://en.wikipedia.org/wiki/Wu_Zao) (courtesy name Wu Pinxiang).  It's almost as if she's been erased from western scholarship.  (Almost.)  In the few places you'll see her mentioned, there's a very good chance, however, like the linked Wikipedia article, that you'll get the facts of her being a lyricist, a poet, a guqin player, and a literary scholar.

One of the key facts of her identity, however, will not be shared typically.  Which is weird because she's celebrated in China partially for these very key facts.  (Well, that and she's actually a very accomplished poet; poetry being an art still beloved in Chinese culture.)

So let's explore a bit more what makes this woman worthy of being a ""Kick-Ass Woman from History"", shall we?

## Just the Facts, Ma'am

Let's get the dull facts out of the way first.  Wu Zao was born in 1799 in the Qing Dynasty to a wealthy merchant family in Renhe (modern day Hangzhou).  She was married (unhappily: this is called foreshadowing!) to another wealthy merchant.  Her literary talent was demonstrated and recognized from a very young age; her clear intellect and poetic talent well-known among her peers.

The Qing Dynasty is a period marked both by a flourishing literary culture, but also very strict gender norms.  Despite this she entered the literary scene in her twenties with a huge splash: with, specifically the [杂剧 (Zájù)](https://en.wikipedia.org/wiki/Zaju) play 喬影(Qiáoyǐng or ""The Fake Image"").  Specializing in 词 (cí) 曲 (qū) lyric forms, both noted for refined emotional expression, she had a meteoric rise in the arts scene and her songs were sung China-wide in her lifetime.

In her later years she withdrew to Buddhist contemplation, eschewing her poetry and favouring religious/philosophical study.  She died in 1862 leaving behind several Kunqu and Zaju operas, along with three volumes of Ci poetry, as well as a detailed and insightful critique of the famed novel A Dream of Red Mansions.

Her works are categorized into four main themes: lyrical self-expression, poetic exchanges and dedications, metaphorical self-reflection, and appreciation of beautiful scenes and are known for vivid imagery, clever allusions, and refined rhetorical techniques.  They are significant for both their artistic achievement and their role in the development of female literary consciousness in China.

Wu Zao is correctly celebrated as one of the most distinguished female lyricists and poets of the Qing Dynasty.  Her lyric verse and poetry was widely sung and admired during her lifetime.  She was recognized for her unique voice, emotional range, and influence on later generations of women writers in China.  In addition she wrote in a style that sometimes adopted masculine literary conventions, further challenging gender norms of her time.

If we stopped here she's already quite the impressive woman.  To achieve such widespread recognition in her own lifetime in a field dominated by men and a society that gave little value to women is a magnificent accomplishment already.  I could stop this essay right here and you'd think that perhaps she has already earned the title of a ""Kick-Ass Woman of History"".

But she was so much more.

## Teasing Hints

The first teasing hint as to the nature of where she really kicks ass is that in all her poems and songs, all her paeans to love and passion (the focus of much of her work) …

… there is absolutely no mention, direct or indirect, of her husband.  Now this should not come as a complete surprise to a modern reader given that I already said her marriage was not a happy one.  But it runs VERY STRONGLY against the conventions of the time: if women did art, they praised their husbands.

And she didn't even mention hers.

## Sapphic Poet

And the reason for this (and the likely reason for a loveless marriage) is quite simple: Wu Zao was **openly** sapphic, expressing romantic and sexual love for women in her poetry, especially for female courtesans

Her poems contain direct and passionate language about her relationships and desires for women, making her one of the few historical Chinese poets whose sapphic identity is clear in her literary work.  Her sapphic themes are not mere subtext but are **explicit**, distinguishing her from most of her contemporaries.

She was known for her wit, talent, and the admired ""personage spirit"" of her era, all while she maintained close relationships with women, including female courtesans and disciples, who were often the subjects of her poetry.  Her poetry and life embodied the image of a gifted woman (才女), but also subverted expectations through her overt sapphic themes and literary self-fashioning.

Employing flirtatious and sensual language, especially in her arias, her works both reflected her personal desires and defied the conventions of the genres she worked within.

Today, Wu Zao is especially noted for her openly sapphic poetry and is frequently cited as a historical lesbian poet (though ""lesbian"" is as much a social construct as is ""woman""; it is, however, the closest term we have to what she would have been called in her own time).  Her poetry covers themes of love—especially between women—using imagery and wording of longing, sorrow, friendship, and unfulfilled passion.

Her open sapphic identity and literary self-fashioning make her a rare and important figure in Chinese literary history, and that is why she deserves the title of a ""Kick-Ass Woman of History"".

Isn't it a shame she's barely heard of in the west, and when she is her sexuality is glossed over if mentioned at all?",post replicated convenience Kick-Ass Women History 吴藻 Wú Zǎo photograph subject easily go entire life west never heard name Wu Zao courtesy name Wu Pinxiang almost erased western scholarship Almost places see mentioned there's good chance however like linked Wikipedia article get facts lyricist poet guqin player literary scholar One key facts identity however shared typically weird celebrated China partially key facts Well actually accomplished poet poetry art still beloved Chinese culture let's explore bit makes woman worthy Kick-Ass Woman History shall Facts Ma'am Let's get dull facts way first Wu Zao born 1799 Qing Dynasty wealthy merchant family Renhe modern day Hangzhou married unhappily called foreshadowing another wealthy merchant literary talent demonstrated recognized young age clear intellect poetic talent well-known among peers Qing Dynasty period marked flourishing literary culture also strict gender norms Despite entered literary scene twenties huge splash specifically 杂剧 Zájù play 喬影(Qiáoyǐng Fake Image Specializing 词 cí 曲 qū lyric forms noted refined emotional expression meteoric rise arts scene songs sung China-wide lifetime later years withdrew Buddhist contemplation eschewing poetry favouring religious/philosophical study died 1862 leaving behind several Kunqu Zaju operas along three volumes Ci poetry well detailed insightful critique famed novel Dream Red Mansions works categorized four main themes lyrical self-expression poetic exchanges dedications metaphorical self-reflection appreciation beautiful scenes known vivid imagery clever allusions refined rhetorical techniques significant artistic achievement role development female literary consciousness China Wu Zao correctly celebrated one distinguished female lyricists poets Qing Dynasty lyric verse poetry widely sung admired lifetime recognized unique voice emotional range influence later generations women writers China addition wrote style sometimes adopted masculine literary conventions challenging gender norms time stopped already quite impressive woman achieve widespread recognition lifetime field dominated men society gave little value women magnificent accomplishment already could stop essay right think perhaps already earned title Kick-Ass Woman History much Teasing Hints first teasing hint nature really kicks ass poems songs paeans love passion focus much work … … absolutely mention direct indirect husband come complete surprise modern reader given already said marriage happy one runs STRONGLY conventions time women art praised husbands even mention Sapphic Poet reason likely reason loveless marriage quite simple Wu Zao openly sapphic expressing romantic sexual love women poetry especially female courtesans poems contain direct passionate language relationships desires women making one historical Chinese poets whose sapphic identity clear literary work sapphic themes mere subtext explicit distinguishing contemporaries known wit talent admired personage spirit era maintained close relationships women including female courtesans disciples often subjects poetry poetry life embodied image gifted woman 才女 also subverted expectations overt sapphic themes literary self-fashioning Employing flirtatious sensual language especially arias works reflected personal desires defied conventions genres worked within Today Wu Zao especially noted openly sapphic poetry frequently cited historical lesbian poet though lesbian much social construct woman however closest term would called time poetry covers themes love—especially women—using imagery wording longing sorrow friendship unfulfilled passion open sapphic identity literary self-fashioning make rare important figure Chinese literary history deserves title Kick-Ass Woman History shame barely heard west sexuality glossed mentioned
">Los Angeles (United States) (AFP) – Tens of thousands of people looked set to spend another night away from home Monday as a wind-driven fire bore down on the western US city of Reno. 

>Schools were shuttered as smoke swathed the city in Nevada, near the California border, home to around 280,000 people.
>
>Around 24,000 were still under evacuation orders on Monday, officials said, down from over 40,000 at its peak. Tens of thousands more have been put on alert and told to have bags ready to go at a moment's notice.
>
>The Hawk Fire began on Saturday and had grown to over 15,000 acres (6,000 hectares) by Monday, but firefighters said they had corralled the blaze along 27 percent of its perimeter, some of which lies just five miles (eight kilometers) northwest of Reno.
>
>No deaths have been reported, but seven people have been injured -- including three first responders. At least 32 properties have been completely destroyed and several others damaged.
>
>Officials said they expected that number to rise as firefighters were able to get to the interior of the fire.
>
>Truckee Meadows Fire Chief Richard Edwards told a press conference on Monday that the blaze was ""human caused"".
>
>""We do not know if it was intentional or unintentional. So the investigators are still working through that right now. More than likely, this fire will be classified as undetermined.""
>
>More than 900 firefighters were tackling the blaze, using fire engines, helicopters and bulldozers, in an effort to clear the tinder-dry brush. Teams from Australia and New Zealand were among those taking part in the effort, alongside colleagues from all over the United States.
>
>Edwards earlier urged people to be ready to evacuate immediately when told to do so.
>
>""If you have been told to evacuate, please don't wait!"" Reno Mayor Hillary Schieve said.","Los Angeles United States AFP – Tens thousands people looked set spend another night away home Monday wind-driven fire bore western US city Reno Schools shuttered smoke swathed city Nevada near California border home around 280,000 people Around 24,000 still evacuation orders Monday officials said 40,000 peak Tens thousands put alert told bags ready go moment's notice Hawk Fire began Saturday grown 15,000 acres 6,000 hectares Monday firefighters said corralled blaze along 27 percent perimeter lies five miles eight kilometers northwest Reno deaths reported seven people injured including three first responders least 32 properties completely destroyed several others damaged Officials said expected number rise firefighters able get interior fire Truckee Meadows Fire Chief Richard Edwards told press conference Monday blaze human caused know intentional unintentional investigators still working right likely fire classified undetermined 900 firefighters tackling blaze using fire engines helicopters bulldozers effort clear tinder-dry brush Teams Australia New Zealand among taking part effort alongside colleagues United States Edwards earlier urged people ready evacuate immediately told told evacuate please wait Reno Mayor Hillary Schieve said"
"- Economics professor says flexibility of gig work is a form of benefit
- Think tank estimates number of gig workers to rise 14% on-year to 320 million this year
- Gig workers account for about 44% of China's urban workforce, think tank says
- China's ​cooling economy has made full-time employment harder to find

...

The term ""flexible employment"" has gone viral ‌in China after a prominent economics professor described gig work as a form of ""welfare"", drawing widespread public anger and highlighting deep anxieties over job insecurity.

Zhang Dandan, a professor of economics and deputy dean at Peking University's National School of Development, made the remarks during a discussion on ​social protection for gig workers, on the popular financial show ""Let's Talk"" last week.

...

She argued that from the perspective ​of labour economics, ""flexibility itself is a form of welfare.""

While regular employees trade schedule flexibility for ⁠pensions and other benefits, flexible workers enjoy greater control over their time at the cost of weaker social protections, Zhang ​said.

The comments triggered a fierce backlash over the weekend, with social media users accusing Zhang of being oblivious to the harsh ​realities of the gig economy.

...

The controversy has struck a nerve for many in China, where a **cooling economy has made secure, full-time employment harder to find**.

The China New Employment Forms Research Center, a think tank,
estimates the ​number of flexible workers — those without permanent full-time contracts — will rise to 320 million this year from 280 million in ​2025.
That represents about 44% of China's urban workforce and is roughly equivalent to the entire population of the United States.

...

**'RUBBING SALT INTO WOUNDS'**

The ‌rise of ⁠gig jobs in China, where **employers are not mandated to make social insurance contributions**, heightens long-term risks for China's already strained welfare and pension systems, some industry experts have warned.
Prominent nationalist commentator Hu Xijin, a former editor at the state-backed Global Times newspaper, called Zhang's remarks ""shocking"" and ""unacceptable.""

""She has paid the price for her reputation for speaking this way, and the responsibility lies ​with her,"" Hu wrote on ​his Weibo account, adding that ⁠she should ""respond to public opinion, explain where necessary, and apologize where appropriate.""

Despite the backlash, some social media users pointed out Zhang's academic career had focused largely on documenting the struggles ​of gig workers and advocating for their social security.

Zhang noted last year that on-demand workers ​made up about ⁠31% of the workforce in China's manufacturing sector.

...

During peak seasons, that proportion can rise to as high as 80% for large manufacturers with more than 10,000 workers, she said.
Nevertheless, Zhang's framing of ""flexibility"" as a benefit was seen as insensitive.

""Such comments from experts are ⁠no less ​than rubbing salt into the wounds of those without job security,"" one ​Weibo user wrote.

Another user pointed out the relentless pressure faced by delivery drivers and couriers: ""Every day, they are **racing against the platform's algorithm at all ​costs, without rest**... [flexible work] is precisely the most unavoidable of choices, not a preference.""

...

[Web Archive link](https://web.archive.org/web/20260825065351/https://www.thestar.com.my/aseanplus/aseanplus-news/2026/08/24/china039s-netizens-rage-against-professor-who-said-gig-work-was-a-type-of-039welfare039)","Economics professor says flexibility gig work form benefit Think tank estimates number gig workers rise 14 on-year 320 million year Gig workers account 44 China's urban workforce think tank says China's ​cooling economy made full-time employment harder find term flexible employment gone viral ‌in China prominent economics professor described gig work form welfare drawing widespread public anger highlighting deep anxieties job insecurity Zhang Dandan professor economics deputy dean Peking University's National School Development made remarks discussion ​social protection gig workers popular financial show Let's Talk last week argued perspective ​of labour economics flexibility form welfare regular employees trade schedule flexibility ⁠pensions benefits flexible workers enjoy greater control time cost weaker social protections Zhang ​said comments triggered fierce backlash weekend social media users accusing Zhang oblivious harsh ​realities gig economy controversy struck nerve many China cooling economy made secure full-time employment harder find China New Employment Forms Research Center think tank estimates ​number flexible workers — without permanent full-time contracts — rise 320 million year 280 million ​2025 represents 44 China's urban workforce roughly equivalent entire population United States RUBBING SALT WOUNDS ‌rise ⁠gig jobs China employers mandated make social insurance contributions heightens long-term risks China's already strained welfare pension systems industry experts warned Prominent nationalist commentator Hu Xijin former editor state-backed Global Times newspaper called Zhang's remarks shocking unacceptable paid price reputation speaking way responsibility lies ​with Hu wrote ​his Weibo account adding ⁠she respond public opinion explain necessary apologize appropriate Despite backlash social media users pointed Zhang's academic career focused largely documenting struggles ​of gig workers advocating social security Zhang noted last year on-demand workers ​made ⁠31 workforce China's manufacturing sector peak seasons proportion rise high 80 large manufacturers 10,000 workers said Nevertheless Zhang's framing flexibility benefit seen insensitive comments experts ⁠no less ​than rubbing salt wounds without job security one ​Weibo user wrote Another user pointed relentless pressure faced delivery drivers couriers Every day racing platform's algorithm ​costs without rest flexible work precisely unavoidable choices preference Web Archive link"
"![](https://i0.wp.com/ictnews.org/wp-content/uploads/2026/03/CANADA-SCREEN-AWARDS-2026-North-of-North-courtesy-of-APTN.jpg?fit=1024%2C683&ssl=1)

**Miles Morrisseau**[*ICT*](http://ictnews.org/)

The global hit television show, “North of North”, tells Inuit stories that are deeply personal to the show’s creators and talent.

“North of North feels so deeply personal and the first season still feels like this baby that we all nurtured and so knowing it was going to go international and then people around the world get to see it. But finding out that people in Japan or people in Spain or Brazil are watching,” Anna Lambe who plays the lead character Siaja tells *ICT*. “The celebration of it and the love for it in our community, in Canada, and then internationally it’s just been such an outpouring of love. I feel so grateful.”

Maika Harper, who plays Siaja’s mother Neevee, has heard from fans of the show from around the world.

“It’s quite surreal to get messages from people in Japan that are excited about Indigenous northern comedy and our characters on the show,” Harper tells *ICT*. “It seems so far away but resonates.”

The story of “North of North” revolves around Siaja’s journey to end an unhappy relationship and begin a journey of self-discovery; while living in a small community that wants you to remain static.

As she begins to follow her own path, her relationships evolve especially with her mother.

“The story of North of North is universal. The experiences, the relationships, the humanity of it is there and that’s the most important thing,” Lambe says. “It’s set within a very specific cultural context and in a very specific place but what Siaja is going through and the relationship that Siaja and Neevee have and this idea of trying to figure out who you are and what you want, we all go through that at different points in our lives and I think that’s why it’s been so relatable despite where people come from.”

“North of North” is not only coming from an isolated place, but the Inuit have long controlled the media. Television Northern Canada was established in 1992 as a primary Inuit controlled broadcaster that became the Aboriginal Peoples Network in 1999.

Created by Stacey Aglok MacDonald and Alethea Arnaquq-Baril, each have extensive credits in film and television, with both crediting their homegrown supports.

“Inuit have had a strong production community for decades now and sometimes people are surprised to learn that but it’s not just us, there’s there are a lot of Inuit that work in the industry and we kind of, what’s the expression, punch above our weight,” Arnaquq-Baril says. “We’ve got a really active community of filmmakers and storytellers and people on the radio storytelling on the radio as well…we just need the opportunity to hit the global stage and that’s something that we’re really grateful we’ve been able to do with North of North because we’re ready.”

The two showrunners had confidence that people would get what they were doing.

“We hoped that our show coming up into the world would receive that kind of love because we certainly know it’s possible but at the end of the day you don’t know what’s going to rise above and hook people,”  MacDonald tells *ICT*. “We’re just really grateful that N was able to do that and that we had partners and you know streamers and networks that pushed it far and wide into the world.”

In addition to the storyline and location, the show also showcases Inuit artists, musicians and fashions.

“To be able to platform so many incredible seamstresses, people who put so much work and effort into every single thing that they make,” Lambe says. “To really pay respects to the creativity and the work that goes into small independent designers who are taking aspects of culture and tradition and kind of reimagining them. What a privilege.”

The new season promises to be a fun ride.

“Siaja’s world just explodes in every avenue, her family, her work, her love life, it’s an exciting rollercoaster,” says Harper.

Lambe promises that the story will continue to build on the relationships and plotlines established in the first season.

“You think the mess can’t get any messier and then it just does,” says Lambe. “Also Neevee shares something that she hasn’t shared with anyone and that plotline about Siaja’s sister is so important throughout the entirety of season two. That relationship between Siaja and Neevee, trying to dance around it with Neevee never wanting to be too vulnerable and Siaja being so incredibly nosey. It’s a fun and interesting dynamic.”

The show cleaned up at 2026 Canadian Screen Awards winning nine awards, the most of any comedy; including Best Comedy Series, Best Lead Performer for Anna Lambe, Best Supporting Performer for Maika Harper, Best Direction and Best Writing, Best Ensemble Performance, and Best Guest Performance for Tanya Tagaq.

An APTN, CBC and Netflix original series,” North of North” is produced by Red Marrow Media and Northwood Entertainment. The series was created and executive produced by MacDonald and Arnaquq-Baril and executive produced by Miranda de Pencier of Northwood Entertainment.

The creators believed they could create a story that would resonate around the world; they just needed the chance to prove it.

“It’s taken a long time to convince networks and buyers and distributors that our communities are interesting and entertaining,”  Arnaquq-Baril Alethea says. “But we’ve always known that we connect with content from all over the world, we watch Canadian shows, we watch American shows, we watch Icelandic crime dramas. If we can connect with people from elsewhere, then other people can connect with us.”

The post [North of North Season 2 — ‘Siaja’s world just explodes’](https://ictnews.org/arts-entertainment/north-of-north-season-2-siajas-world-just-explodes/) appeared first on [ICT](https://ictnews.org/).

---

**From [ICT](https://ictnews.org/feed) via [This RSS Feed](https://ictnews.org/feed).**","Miles Morrisseau**[*ICT global hit television show “North North” tells Inuit stories deeply personal show’s creators talent “North North feels deeply personal first season still feels like baby nurtured knowing going go international people around world get see finding people Japan people Spain Brazil watching,” Anna Lambe plays lead character Siaja tells ICT “The celebration love community Canada internationally it’s outpouring love feel grateful.” Maika Harper plays Siaja’s mother Neevee heard fans show around world “It’s quite surreal get messages people Japan excited Indigenous northern comedy characters show,” Harper tells ICT “It seems far away resonates.” story “North North” revolves around Siaja’s journey end unhappy relationship begin journey self-discovery living small community wants remain static begins follow path relationships evolve especially mother “The story North North universal experiences relationships humanity that’s important thing,” Lambe says “It’s set within specific cultural context specific place Siaja going relationship Siaja Neevee idea trying figure want go different points lives think that’s it’s relatable despite people come from.” “North North” coming isolated place Inuit long controlled media Television Northern Canada established 1992 primary Inuit controlled broadcaster became Aboriginal Peoples Network 1999 Created Stacey Aglok MacDonald Alethea Arnaquq-Baril extensive credits film television crediting homegrown supports “Inuit strong production community decades sometimes people surprised learn it’s us there’s lot Inuit work industry kind what’s expression punch weight,” Arnaquq-Baril says “We’ve got really active community filmmakers storytellers people radio storytelling radio well…we need opportunity hit global stage that’s something we’re really grateful we’ve able North North we’re ready.” two showrunners confidence people would get “We hoped show coming world would receive kind love certainly know it’s possible end day don’t know what’s going rise hook people,” MacDonald tells ICT “We’re really grateful N able partners know streamers networks pushed far wide world.” addition storyline location show also showcases Inuit artists musicians fashions “To able platform many incredible seamstresses people put much work effort every single thing make,” Lambe says “To really pay respects creativity work goes small independent designers taking aspects culture tradition kind reimagining privilege.” new season promises fun ride “Siaja’s world explodes every avenue family work love life it’s exciting rollercoaster,” says Harper Lambe promises story continue build relationships plotlines established first season “You think mess can’t get messier does,” says Lambe “Also Neevee shares something hasn’t shared anyone plotline Siaja’s sister important throughout entirety season two relationship Siaja Neevee trying dance around Neevee never wanting vulnerable Siaja incredibly nosey It’s fun interesting dynamic.” show cleaned 2026 Canadian Screen Awards winning nine awards comedy including Best Comedy Series Best Lead Performer Anna Lambe Best Supporting Performer Maika Harper Best Direction Best Writing Best Ensemble Performance Best Guest Performance Tanya Tagaq APTN CBC Netflix original series,” North North” produced Red Marrow Media Northwood Entertainment series created executive produced MacDonald Arnaquq-Baril executive produced Miranda de Pencier Northwood Entertainment creators believed could create story would resonate around world needed chance prove “It’s taken long time convince networks buyers distributors communities interesting entertaining,” Arnaquq-Baril Alethea says “But we’ve always known connect content world watch Canadian shows watch American shows watch Icelandic crime dramas connect people elsewhere people connect us.” post North North Season 2 — ‘Siaja’s world explodes’ appeared first ICT ICT via RSS Feed"
"**Takeaways**  

**MAU Growth (Highest #):**  
- Piefed: piefed.blahaj.zone (35)  
- Lemmy: lemmy.zip (44)  
- Mbin: fedia.io (13)  

**MAU Growth (>3%, >30 MAU):**  
- Piefed: piefed.blahaj.zone (18.9%), feddit.online (3.8%), quokk.au* (3.8%), tarte.nuage-libre.fr (10.5%)  
- Lemmy: lemmygrad.ml (3.1%), thelemmy.club (7.6%)  
- Mbin: kbin.earth (3.1%), thebrainbin.org (17.6%), rimworld.gallery (6.9%)  

**Users Returning from Absence (MAU, HYAU):**  
- Piefed: piefed.blahaj.zone (29:MAU), quokk.au* (2:MAU), tarte.nuage-libre.fr (1:MAU)  
- Lemmy: lemmygrad.ml (5:MAU)  
- Mbin: kbin.earth (1:MAU), moist.catsweat.com (1:HYAU), trepa.me (1:MAU,1:HYAU)  

**Stickiest Instance (MAU/HYAU; >30 MAU, >180 Days Active):**  
- Piefed: piefed.blahaj.zone (63%)  
- Lemmy: hexbear.net (66%)  
- Mbin: kbin.earth (48%)  

**Most Prolific Users**  

Most Posts per Day per User (>30 MAU):  
- Piefed: quokk.au* (0.29)  
- Lemmy: thelemmy.club (0.13)  
- Mbin: tardigram.com (0.40)  

Most Comments per Day per User (>30 MAU):  
- Piefed: quokk.au* (1.00)  
- Lemmy: hexbear.net (0.79)  
- Mbin: kbin.earth (0.33)  


**Note:**  
- Changed the ""-1 Month"" data analysis to be 28D instead of 30D, because there is missing data 30D ago. Probably change it back next week.  
- Added all the features I wanted to (got a ~40% reduction in run time [~28min -> ~16min]), so a little code clean up and I'll throw the analysis up on Codeburg.  
- ""*"" in the Piefed server names denotes they are using the soft-fork [Pylova](https://codeberg.org/quokkau/PyLova). I'm going to count them as Piefed servers unless a hard schism occurs.  

**Monthly Active Users:**  
| Server (Piefed) | Current | Yesterday[1D] | Last Week[7D] | Last Month [28D] | 3 Months Ago [90D] |  | Server (Lemmy) | Current | Yesterday[1D] | Last Week[7D] | Last Month [28D] | 3 Months Ago [90D] |  | Server (Mbin) | Current | Yesterday[1D] | Last Week[7D] | Last Month [28D] | 3 Months Ago [90D] | 
| :--------- | ---------: | --------: | --------: | --------: | --------: | --------: | :--------- | ---------: | --------: | --------: | --------: | --------: | --------: | :--------- | ---------: | --------: | --------: | --------: | --------: | 
| fedinsfw.app | 3771 | 3768 | 3827 | 3910 | 1845 | | lemmy.world | 13183 | 13191 | 13238 | 13282 | 13013 | | fedia.io | 479 | 482 | 466 | 461 | 464 |  
| piefed.social | 1567 | 1565 | 1553 | 1668 | 1184 | | sh.itjust.works | 2286 | 2296 | 2289 | 2261 | 2291 | | tardigram.com | 145 | 143 | 141 | 141 |  |  
| piefed.ca | 257 | 255 | 257 | 279 | 215 | | lemmy.zip | 2216 |  | 2172 | 2134 | 2063 | | kbin.earth | 135 | 134 | 131 | 129 | 131 |  
| piefed.zip | 226 | 226 | 231 | 215 | 173 | | lemmy.ml | 1866 | 1870 | 1895 | 1889 | 1931 | | thebrainbin.org | 40 | 35 | 34 | 37 | 37 |  
| piefed.blahaj.zone | 220 | 220 | 185 | 169 | 200 | | hexbear.net | 1376 | 1376 | 1382 | 1394 | 1382 | | rimworld.gallery | 31 | 30 | 29 | 22 | 26 |  
| piefed.world | 206 | 213 | 217 | 190 | 177 | | lemmy.dbzer0.com | 1314 | 1330 | 1297 | 1268 | 1348 | | gehirneimer.de | 22 | 21 | 20 | 12 | 18 |  
| feddit.online | 163 | 163 | 157 | 151 |  | | lemmy.ca | 1275 | 1261 | 1260 | 1260 | 1278 | | moist.catsweat.com | 16 | 15 | 21 | 20 |  |  
| quokk.au* | 110 | 110 | 106 | 81 | 105 | | lemmy.blahaj.zone | 962 | 963 | 963 | 907 | 903 | | agora.energieincomune.com | 7 | 8 | 9 | 31 | 6 |  
| anarchist.nexus* | 85 | 85 | 86 | 71 | 89 | | programming.dev | 849 | 853 | 831 | 841 | 857 | | k.fe.derate.me | 7 | 7 | 7 | 5 |  |  
| tarte.nuage-libre.fr | 42 | 40 | 38 | 46 |  | | discuss.tchncs.de | 665 | 664 | 668 | 676 | 743 | | mbin.linuxnation.social | 3 | 2 | 2 | 5 |  |  
| ero.ani.social | 28 |  | 28 | 40 |  | | lemmygrad.ml | 602 | 605 | 584 | 558 | 634 | | trepa.me | 3 | 3 | 1 |  |  |  
| retrofed.com | 26 | 26 | 25 | 21 | 26 | | sopuli.xyz | 566 | 565 | 577 | 570 | 579 | | ferment.site | 2 | 2 | 2 | 2 | 4 |  
| feddit.fr | 25 | 25 | 21 | 20 | 16 | | lemmy.today | 443 | 441 | 433 | 410 | 391 | | bin.pivox.net | 1 |  | 1 | 1 | 1 |  
| multiverse.soulism.net | 23 | 24 | 26 | 22 | 23 | | slrpnk.net | 391 | 386 | 391 | 385 | 385 | | socialnetworks.rodeo | 1 | 1 | 1 | 1 | 1 |  
| kopitalk.net | 19 | 19 | 16 | 11 | 15 | | feddit.uk | 338 | 338 | 338 | 333 | 358 | | mbin.cocopoops.com | 1 | 1 | 1 | 1 |  |  
| wetshav.ing | 12 | 12 | 12 | 14 | 12 | | infosec.pub | 303 | 301 | 311 | 303 | 303 | | | | | | | |  
| queer.irish | 10 | 9 | 8 | 12 | 3 | | reddthat.com | 279 | 280 | 283 | 291 | 269 | | | | | | | |  
| piefed.iridescent.nz | 10 | 9 | 14 | 5 | 5 | | jlai.lu | 264 | 265 | 269 | 260 | 228 | | | | | | | |  
| pf.korako.me | 6 | 6 | 6 | 7 | 7 | | beehaw.org | 256 | 257 | 257 | 253 |  | | | | | | | |  
| piefed.zeromedia.vip | 4 |  | 4 | 3 | 5 | | thelemmy.club | 212 |  | 197 | 220 | 206 | | | | | | | |  
| | | | | | | | | | | | | | | | | | | | |  
| Sum | 6810 | 6775 | 6817 | 6935 | 4100 | | | 29646 | 27242 | 29635 | 29495 | 29162 | | | 893 | 884 | 866 | 868 | 688 |  
| Average | 340 | 376 | 341 | 347 | 241 | | | 1482 | 1513 | 1482 | 1475 | 1535 | | | 60 | 63 | 58 | 62 | 76 |  
| Standard Deviation | 877 | 919 | 888 | 915 | 499 | | | 2831 | 2974 | 2843 | 2853 | 2855 | | | 125 | 129 | 122 | 124 | 151 |  


**MAU - Difference:**  
| Server (Piefed) | -1 Day[-1D] | -1 Week[-7D] | -1 Month [28D] | -3 Month [90D] |  | Server (Lemmy) | -1 Day[-1D] | -1 Week[-7D] | -1 Month [28D] | -3 Month [90D] |  | Server (Mbin) | -1 Day[-1D] | -1 Week[-7D] | -1 Month [28D] | -3 Month [90D] | 
| :--------- | --------: | --------: | --------: | --------: | --------: | :--------- | --------: | --------: | --------: | --------: | --------: | :--------- | --------: | --------: | --------: | --------: | 
| fedinsfw.app | 3 | -56 | -139 | 1926 | | lemmy.world | -8 | -55 | -99 | 170 | | fedia.io | -3 | 13 | 18 | 15 |  
| piefed.social | 2 | 14 | -101 | 383 | | sh.itjust.works | -10 | -3 | 25 | -5 | | tardigram.com | 2 | 4 | 4 |  |  
| piefed.ca | 2 | 0 | -22 | 42 | | lemmy.zip |  | 44 | 82 | 153 | | kbin.earth | 1 | 4 | 6 | 4 |  
| piefed.zip | 0 | -5 | 11 | 53 | | lemmy.ml | -4 | -29 | -23 | -65 | | thebrainbin.org | 5 | 6 | 3 | 3 |  
| piefed.blahaj.zone | 0 | 35 | 51 | 20 | | hexbear.net | 0 | -6 | -18 | -6 | | rimworld.gallery | 1 | 2 | 9 | 5 |  
| piefed.world | -7 | -11 | 16 | 29 | | lemmy.dbzer0.com | -16 | 17 | 46 | -34 | | gehirneimer.de | 1 | 2 | 10 | 4 |  
| feddit.online | 0 | 6 | 12 |  | | lemmy.ca | 14 | 15 | 15 | -3 | | moist.catsweat.com | 1 | -5 | -4 |  |  
| quokk.au* | 0 | 4 | 29 | 5 | | lemmy.blahaj.zone | -1 | -1 | 55 | 59 | | agora.energieincomune.com | -1 | -2 | -24 | 1 |  
| anarchist.nexus* | 0 | -1 | 14 | -4 | | programming.dev | -4 | 18 | 8 | -8 | | k.fe.derate.me | 0 | 0 | 2 |  |  
| tarte.nuage-libre.fr | 2 | 4 | -4 |  | | discuss.tchncs.de | 1 | -3 | -11 | -78 | | mbin.linuxnation.social | 1 | 1 | -2 |  |  
| ero.ani.social |  | 0 | -12 |  | | lemmygrad.ml | -3 | 18 | 44 | -32 | | trepa.me | 0 | 2 |  |  |  
| retrofed.com | 0 | 1 | 5 | 0 | | sopuli.xyz | 1 | -11 | -4 | -13 | | ferment.site | 0 | 0 | 0 | -2 |  
| feddit.fr | 0 | 4 | 5 | 9 | | lemmy.today | 2 | 10 | 33 | 52 | | bin.pivox.net |  | 0 | 0 | 0 |  
| multiverse.soulism.net | -1 | -3 | 1 | 0 | | slrpnk.net | 5 | 0 | 6 | 6 | | socialnetworks.rodeo | 0 | 0 | 0 | 0 |  
| kopitalk.net | 0 | 3 | 8 | 4 | | feddit.uk | 0 | 0 | 5 | -20 | | mbin.cocopoops.com | 0 | 0 | 0 |  |  
| wetshav.ing | 0 | 0 | -2 | 0 | | infosec.pub | 2 | -8 | 0 | 0 | | | | | | |  
| queer.irish | 1 | 2 | -2 | 7 | | reddthat.com | -1 | -4 | -12 | 10 | | | | | | |  
| piefed.iridescent.nz | 1 | -4 | 5 | 5 | | jlai.lu | -1 | -5 | 4 | 36 | | | | | | |  
| pf.korako.me | 0 | 0 | -1 | -1 | | beehaw.org | -1 | -1 | 3 |  | | | | | | |  
| piefed.zeromedia.vip |  | 0 | 1 | -1 | | thelemmy.club |  | 15 | -8 | 6 | | | | | | |  
| | | | | | | | | | | | | | | | | |  
| Sum | 3 | -7 | -125 | 2477 | | | -24 | 11 | 151 | 228 | | | 8 | 27 | 22 | 30 |  
| Average | 0 | -0 | -6 | 146 | | | -1 | 1 | 8 | 12 | | | 1 | 2 | 2 | 3 |  
| Standard Deviation | 2 | 16 | 42 | 468 | | | 6 | 20 | 37 | 63 | | | 2 | 4 | 9 | 5 |  


**MAU - Change (%):**  
| Server (Piefed) | -1 Day[-1D] | -1 Week[-7D] | -1 Month [28D] | -3 Month [90D] |  | Server (Lemmy) | -1 Day[-1D] | -1 Week[-7D] | -1 Month [28D] | -3 Month [90D] |  | Server (Mbin) | -1 Day[-1D] | -1 Week[-7D] | -1 Month [28D] | -3 Month [90D] | 
| :--------- | --------: | --------: | --------: | --------: | --------: | :--------- | --------: | --------: | --------: | --------: | --------: | :--------- | --------: | --------: | --------: | --------: | 
| fedinsfw.app | 0.1% | -1.5% | -3.6% | 104.4% | | lemmy.world | -0.1% | -0.4% | -0.7% | 1.3% | | fedia.io | -0.6% | 2.8% | 3.9% | 3.2% |  
| piefed.social | 0.1% | 0.9% | -6.1% | 32.3% | | sh.itjust.works | -0.4% | -0.1% | 1.1% | -0.2% | | tardigram.com | 1.4% | 2.8% | 2.8% |  |  
| piefed.ca | 0.8% | 0.0% | -7.9% | 19.5% | | lemmy.zip |  | 2.0% | 3.8% | 7.4% | | kbin.earth | 0.7% | 3.1% | 4.7% | 3.1% |  
| piefed.zip | 0.0% | -2.2% | 5.1% | 30.6% | | lemmy.ml | -0.2% | -1.5% | -1.2% | -3.4% | | thebrainbin.org | 14.3% | 17.6% | 8.1% | 8.1% |  
| piefed.blahaj.zone | 0.0% | 18.9% | 30.2% | 10.0% | | hexbear.net | 0.0% | -0.4% | -1.3% | -0.4% | | rimworld.gallery | 3.3% | 6.9% | 40.9% | 19.2% |  
| piefed.world | -3.3% | -5.1% | 8.4% | 16.4% | | lemmy.dbzer0.com | -1.2% | 1.3% | 3.6% | -2.5% | | gehirneimer.de | 4.8% | 10.0% | 83.3% | 22.2% |  
| feddit.online | 0.0% | 3.8% | 7.9% |  | | lemmy.ca | 1.1% | 1.2% | 1.2% | -0.2% | | moist.catsweat.com | 6.7% | -23.8% | -20.0% |  |  
| quokk.au* | 0.0% | 3.8% | 35.8% | 4.8% | | lemmy.blahaj.zone | -0.1% | -0.1% | 6.1% | 6.5% | | agora.energieincomune.com | -12.5% | -22.2% | -77.4% | 16.7% |  
| anarchist.nexus* | 0.0% | -1.2% | 19.7% | -4.5% | | programming.dev | -0.5% | 2.2% | 1.0% | -0.9% | | k.fe.derate.me | 0.0% | 0.0% | 40.0% |  |  
| tarte.nuage-libre.fr | 5.0% | 10.5% | -8.7% |  | | discuss.tchncs.de | 0.2% | -0.4% | -1.6% | -10.5% | | mbin.linuxnation.social | 50.0% | 50.0% | -40.0% |  |  
| ero.ani.social |  | 0.0% | -30.0% |  | | lemmygrad.ml | -0.5% | 3.1% | 7.9% | -5.0% | | trepa.me | 0.0% | 200.0% |  |  |  
| retrofed.com | 0.0% | 4.0% | 23.8% | 0.0% | | sopuli.xyz | 0.2% | -1.9% | -0.7% | -2.2% | | ferment.site | 0.0% | 0.0% | 0.0% | -50.0% |  
| feddit.fr | 0.0% | 19.0% | 25.0% | 56.2% | | lemmy.today | 0.5% | 2.3% | 8.0% | 13.3% | | bin.pivox.net |  | 0.0% | 0.0% | 0.0% |  
| multiverse.soulism.net | -4.2% | -11.5% | 4.5% | 0.0% | | slrpnk.net | 1.3% | 0.0% | 1.6% | 1.6% | | socialnetworks.rodeo | 0.0% | 0.0% | 0.0% | 0.0% |  
| kopitalk.net | 0.0% | 18.8% | 72.7% | 26.7% | | feddit.uk | 0.0% | 0.0% | 1.5% | -5.6% | | mbin.cocopoops.com | 0.0% | 0.0% | 0.0% |  |  
| wetshav.ing | 0.0% | 0.0% | -14.3% | 0.0% | | infosec.pub | 0.7% | -2.6% | 0.0% | 0.0% | | | | | | |  
| queer.irish | 11.1% | 25.0% | -16.7% | 233.3% | | reddthat.com | -0.4% | -1.4% | -4.1% | 3.7% | | | | | | |  
| piefed.iridescent.nz | 11.1% | -28.6% | 100.0% | 100.0% | | jlai.lu | -0.4% | -1.9% | 1.5% | 15.8% | | | | | | |  
| pf.korako.me | 0.0% | 0.0% | -14.3% | -14.3% | | beehaw.org | -0.4% | -0.4% | 1.2% |  | | | | | | |  
| piefed.zeromedia.vip |  | 0.0% | 33.3% | -20.0% | | thelemmy.club |  | 7.6% | -3.6% | 2.9% | | | | | | |  
| | | | | | | | | | | | | | | | | |  
| Average | 1.1% | 2.7% | 13.2% | 35.0% | | | -0.0% | 0.4% | 1.3% | 1.1% | | | 4.9% | 16.5% | 3.3% | 2.5% |  
| Standard Deviation | 4.0% | 11.9% | 31.3% | 62.1% | | | 0.6% | 2.3% | 3.3% | 6.3% | | | 14.2% | 53.4% | 37.4% | 21.4% |  


**Retention (Piefed):**  
| Retention (Current) | Returning from Absence (MAU, -7D) | Returning from Absence (HYAU, -7D) |  | MAU/HYAU (%) |  | MAU/HYAU (%, Relative, >10 MAU) | MAU/Total Users (%, Relative, >10 MAU) | HYAU/Total Users (%, Relative, >10 MAU) |  | Server Active (Days) |  
| :--------- | --------: | --------: | --------: | --------: | --------: | --------: | --------: | --------: | --------: | --------: |  
| fedinsfw.app | -197 | -120 | | 49% | | -6% | 13% | 20% | | 185 |  
| piefed.social | -29 | -80 | | 50% | | -8% | -17% | -8% | | 964 |  
| piefed.ca | -3 | -8 | | 45% | | -14% | -48% | -39% | | 445 |  
| piefed.zip | -5 | -7 | | 62% | | 18% | 14% | -3% | | 445 |  
| piefed.blahaj.zone | 29 | -1 | | 63% | | 20% | 11% | -7% | | 445 |  
| piefed.world | -15 | -10 | | 48% | | -10% | -25% | -16% | | 443 |  
| feddit.online | 0 | -14 | | 42% | | -21% | -20% | 4% | | 1163 |  
| quokk.au* | 2 | -3 | | 58% | | 7% | 45% | 38% | | 1146 |  
| anarchist.nexus* | -1 | -2 | | 52% | | -2% | 4% | 7% | | 371 |  
| tarte.nuage-libre.fr | 1 | 0 | | 58% | | 8% | 3% | -3% | | 730 |  
| ero.ani.social | -3 | 0 | | 56% | | 9% | 3% | -5% | | 50 |  
| retrofed.com | 0 | -2 | | 48% | | -8% | 9% | 18% | | 190 |  
| feddit.fr | 0 | 0 | | 62% | | 18% | -1% | -16% | | 489 |  
| multiverse.soulism.net | -3 | -2 | | 34% | | -36% | -41% | -9% | | 223 |  
| kopitalk.net | 0 | -3 | | 59% | | 12% | 1% | -10% | | 424 |  
| wetshav.ing | 0 | 0 | | 60% | | 13% | 49% | 31% | | 375 |  
| queer.irish | -1 | 0 | | 37% | |  |  |  | | 364 |  
| piefed.iridescent.nz | -1 | 0 | | 71% | |  |  |  | | 147 |  
| pf.korako.me | 0 | -1 | | 75% | |  |  |  | | 791 |  
| piefed.zeromedia.vip | 0 | 0 | | 67% | |  |  |  | | 333 |  
| | | | | | | | | | | |  
| Sum | -226 | -253 | |  | |  |  |  | |  |  
| Average | -11 | -13 | | 55% | | 0% | 0% | 0% | | 486 |  
| Standard Deviation | 45 | 31 | | 11% | | 16% | 26% | 19% | | 316 |  

**Returning from Absence (Change in MAU over day – Change in Total Users over day):**  
- A positive number shows how many users who haven’t be active in over a month (MAU) or half-year (HYAU) have returned to activity. A negative number means (x) users have stayed away for greater than 1 month (MAU) or 6 months (HYAU).  

**Retention:**  
- MAU/HYAU: Roughly shows how ‘sticky’ the server is. The higher the number, the ‘sticker’ the server.  
- MAU/Total: Roughly indicates short term growth.  
- HYAU/Total: Roughly indicates medium term growth.  
- Relative: Roughly indicates how stickiness or growth compares across instances, relative to how long they have been active (natural logorithmic fit). Positive percent indicates they have an (x)% higher stickiness/growth compared to other instances active for the same amount of time.  


**Retention (Lemmy):**  
| Retention (Current) | Returning from Absence (MAU, -7D) | Returning from Absence (HYAU, -7D) |  | MAU/HYAU (%) |  | MAU/HYAU (%, Relative, >10 MAU) | MAU/Total Users (%, Relative, >10 MAU) | HYAU/Total Users (%, Relative, >10 MAU) |  | Server Active (Days) |  
| :--------- | --------: | --------: | --------: | --------: | --------: | --------: | --------: | --------: | --------: | --------: |  
| lemmy.world | -349 | -424 | | 58% | | 9% | -2% | -13% | | 1180 |  
| sh.itjust.works | -50 | -68 | | 65% | | 23% | -3% | -24% | | 1177 |  
| lemmy.zip | -112 | -132 | | 55% | | 5% | 163% | 143% | | 1172 |  
| lemmy.ml | -67 | -72 | | 54% | | -6% | -52% | -45% | | 2669 |  
| hexbear.net | -23 | -51 | | 66% | | 27% | -34% | -49% | | 1115 |  
| lemmy.dbzer0.com | -14 | -36 | | 62% | | 18% | -6% | -22% | | 1169 |  
| lemmy.ca | -48 | -58 | | 60% | | 7% | 43% | 36% | | 1906 |  
| lemmy.blahaj.zone | -17 | -11 | | 63% | | 19% | 34% | 10% | | 1331 |  
| programming.dev | -14 | -26 | | 57% | | 9% | 1% | -10% | | 1175 |  
| discuss.tchncs.de | -10 | -16 | | 62% | | 18% | 22% | 1% | | 1181 |  
| lemmygrad.ml | 5 | -20 | | 51% | | -10% | -21% | -10% | | 2132 |  
| sopuli.xyz | -20 | -13 | | 65% | | 16% | 42% | 25% | | 2019 |  
| lemmy.today | -9 | -16 | | 60% | | 13% | 107% | 77% | | 1175 |  
| slrpnk.net | -8 | -10 | | 62% | | 14% | 136% | 106% | | 1613 |  
| feddit.uk | -5 | -7 | | 60% | | 14% | 3% | -12% | | 1173 |  
| infosec.pub | -14 | -13 | | 62% | | 18% | -12% | -26% | | 1205 |  
| reddthat.com | -13 | -13 | | 61% | | 15% | -32% | -44% | | 1176 |  
| jlai.lu | -16 | -14 | | 61% | | 16% | 78% | 49% | | 1158 |  
| beehaw.org | -4 | -9 | | 50% | | -9% | -73% | -70% | | 1747 |  
| thelemmy.club | -398 | -404 | | 34% | | -35% | -49% | -22% | | 1168 |  
| | | | | | | | | | | |  
| Sum | -1186 | -1413 | |  | |  |  |  | |  |  
| Average | -59 | -71 | | 58% | | 9% | 17% | 5% | | 1432 |  
| Standard Deviation | 111 | 121 | | 7% | | 14% | 63% | 54% | | 437 |  

**Returning from Absence (Change in MAU over day – Change in Total Users over day):**  
- A positive number shows how many users who haven’t be active in over a month (MAU) or half-year (HYAU) have returned to activity. A negative number means (x) users have stayed away for greater than 1 month (MAU) or 6 months (HYAU).  

**Retention:**  
- MAU/HYAU: Roughly shows how ‘sticky’ the server is. The higher the number, the ‘sticker’ the server.  
- MAU/Total: Roughly indicates short term growth.  
- HYAU/Total: Roughly indicates medium term growth.  
- Relative: Roughly indicates how stickiness or growth compares across instances, relative to how long they have been active (natural logorithmic fit). Positive percent indicates they have an (x)% higher stickiness/growth compared to other instances active for the same amount of time.  


**Retention (Mbin):**  
| Retention (Current) | Returning from Absence (MAU, -7D) | Returning from Absence (HYAU, -7D) |  | MAU/HYAU (%) |  | MAU/HYAU (%, Relative, >10 MAU) | MAU/Total Users (%, Relative, >10 MAU) | HYAU/Total Users (%, Relative, >10 MAU) |  | Server Active (Days) |  
| :--------- | --------: | --------: | --------: | --------: | --------: | --------: | --------: | --------: | --------: | --------: |  
| fedia.io | -4 | -14 | | 47% | | 19% | -28% | -38% | | 1172 |  
| tardigram.com | -4 | -5 | | 50% | | -1% | -1% | -1% | | 66 |  
| kbin.earth | 1 | -5 | | 48% | | 20% | 45% | 24% | | 979 |  
| thebrainbin.org | 0 | -1 | | 43% | | 9% | 30% | 22% | | 1166 |  
| rimworld.gallery | -4 | -4 | | 25% | | -37% | -51% | -20% | | 1141 |  
| gehirneimer.de | 0 | -1 | | 50% | | 27% | 51% | 22% | | 1162 |  
| moist.catsweat.com | -5 | 1 | | 25% | | -38% | -45% | -10% | | 1140 |  
| agora.energieincomune.com | -3 | 0 | | 12% | |  |  |  | | 145 |  
| k.fe.derate.me | 0 | 0 | | 27% | |  |  |  | | 1163 |  
| mbin.linuxnation.social | 0 | 0 | | 43% | |  |  |  | | 47 |  
| trepa.me | 1 | 1 | | 100% | |  |  |  | | 567 |  
| ferment.site | 0 | 0 | | 25% | |  |  |  | | 495 |  
| bin.pivox.net | 0 | 0 | | 100% | |  |  |  | | 496 |  
| socialnetworks.rodeo | 0 | 0 | | 100% | |  |  |  | | 1158 |  
| mbin.cocopoops.com | 0 | 0 | | 100% | |  |  |  | | 1035 |  
| | | | | | | | | | | |  
| Sum | -18 | -28 | |  | |  |  |  | |  |  
| Average | -1 | -2 | | 53% | | -0% | 0% | -0% | | 795 |  
| Standard Deviation | 2 | 4 | | 31% | | 27% | 43% | 24% | | 444 |  

**Returning from Absence (Change in MAU over day – Change in Total Users over day):**  
- A positive number shows how many users who haven’t be active in over a month (MAU) or half-year (HYAU) have returned to activity. A negative number means (x) users have stayed away for greater than 1 month (MAU) or 6 months (HYAU).  

**Retention:**  
- MAU/HYAU: Roughly shows how ‘sticky’ the server is. The higher the number, the ‘sticker’ the server.  
- MAU/Total: Roughly indicates short term growth.  
- HYAU/Total: Roughly indicates medium term growth.  
- Relative: Roughly indicates how stickiness or growth compares across instances, relative to how long they have been active (natural logorithmic fit). Positive percent indicates they have an (x)% higher stickiness/growth compared to other instances active for the same amount of time.  


**Piefed Activity**  
| Activity | Posts/Day (Last Week [7D]: Historic) | Posts/Day/MAU (Last Week [7D]: Historic) | | Comments/Day (Last Week [7D]: Historic) | Comments/Day/MAU (Last Week [7D]: Historic) | | (P+C)/Day (Last Week [7D]: Historic) | (P+C)/Day/MAU (Last Week [7D]: Historic) |  
| :--------- | :--------: | :--------: | :--------: | :--------: | :--------: | :--------: | :--------: | :--------: |  
| fedinsfw.app | 168 : 183 | 0.04 : 0.05 | | 33 : 127 | 0.01 : 0.03 | | 201 : 310 | 0.05 : 0.08 |  
| piefed.social | 34 : 58 | 0.02 : 0.04 | | 85 : 217 | 0.05 : 0.14 | | 119 : 275 | 0.08 : 0.18 |  
| piefed.ca | 19 : 23 | 0.08 : 0.09 | | 115 : 75 | 0.45 : 0.29 | | 134 : 98 | 0.52 : 0.38 |  
| piefed.zip | 27 : 17 | 0.12 : 0.08 | | 122 : 95 | 0.53 : 0.41 | | 149 : 113 | 0.65 : 0.49 |  
| piefed.blahaj.zone | 13 : 29 | 0.07 : 0.16 | | 98 : 92 | 0.53 : 0.50 | | 111 : 122 | 0.60 : 0.66 |  
| piefed.world | 30 : 30 | 0.14 : 0.14 | | 108 : 99 | 0.50 : 0.45 | | 138 : 128 | 0.64 : 0.59 |  
| feddit.online | 12 : 3 | 0.08 : 0.02 | | 46 : 16 | 0.29 : 0.10 | | 58 : 19 | 0.37 : 0.12 |  
| quokk.au* | 31 : 10 | 0.29 : 0.10 | | 106 : 22 | 1.00 : 0.21 | | 137 : 33 | 1.29 : 0.31 |  
| anarchist.nexus* | 2 : 2 | 0.02 : 0.03 | | 59 : 47 | 0.69 : 0.55 | | 61 : 50 | 0.70 : 0.58 |  
| tarte.nuage-libre.fr | 3 : 5 | 0.09 : 0.14 | | 7 : 8 | 0.19 : 0.21 | | 11 : 14 | 0.28 : 0.36 |  
| ero.ani.social | 2 : 2 | 0.06 : 0.06 | | 0 : 0 | 0.01 : 0.01 | | 2 : 2 | 0.07 : 0.07 |  
| retrofed.com | 1 : 1 | 0.05 : 0.03 | | 13 : 8 | 0.53 : 0.31 | | 14 : 9 | 0.57 : 0.35 |  
| feddit.fr | 4 : 3 | 0.18 : 0.13 | | 3 : 2 | 0.16 : 0.09 | | 7 : 5 | 0.34 : 0.22 |  
| multiverse.soulism.net | -1 : 1 | -0.04 : 0.05 | | 21 : 18 | 0.81 : 0.69 | | 20 : 19 | 0.77 : 0.74 |  
| kopitalk.net | 0 : 0 | 0.01 : 0.03 | | 0 : 1 | 0.02 : 0.04 | | 0 : 1 | 0.03 : 0.07 |  
| wetshav.ing | 1 : 1 | 0.10 : 0.06 | | -2 : 3 | -0.18 : 0.29 | | -1 : 4 | -0.08 : 0.35 |  
| queer.irish | 0 : 0 | 0.00 : 0.03 | | 0 : 0 | 0.00 : 0.01 | | 0 : 0 | 0.00 : 0.03 |  
| piefed.iridescent.nz | 0 : 0 | 0.01 : 0.00 | | 1 : 0 | 0.06 : 0.01 | | 1 : 0 | 0.07 : 0.01 |  
| pf.korako.me | -1 : 3 | -0.14 : 0.51 | | 0 : 0 | 0.00 : 0.07 | | -1 : 3 | -0.14 : 0.58 |  
| piefed.zeromedia.vip | 0 : 0 | 0.07 : 0.06 | | 4 : 4 | 1.00 : 1.08 | | 4 : 5 | 1.07 : 1.14 |  
| | | | | | | | | | | |  
| Sum |  345 : 371 | 1.25 : 1.81 | | 819 : 834 | 6.65 : 5.49 | | 1165 : 1210 | 7.88 : 7.31 |  
| Average |  17 : 19 | 0.06 : 0.09 | | 41 : 42 | 0.33 : 0.27 | | 58 : 60 | 0.39 : 0.37 |  
| Standard Deviation |  38 : 41 | 0.09 : 0.11 | | 47 : 58 | 0.36 : 0.28 | | 67 : 91 | 0.39 : 0.29 |  

**Note:** 'Historical' rates are going to be biased toward being lower than current (fewer users before now/historically). 'Last Week [7D]' > 'Historic' indicates the instance is likely not declining (greater activity this week than previously.  


**Lemmy Activity**  
| Activity | Posts/Day (Last Week [7D]: Historic) | Posts/Day/MAU (Last Week [7D]: Historic) | | Comments/Day (Last Week [7D]: Historic) | Comments/Day/MAU (Last Week [7D]: Historic) | | (P+C)/Day (Last Week [7D]: Historic) | (P+C)/Day/MAU (Last Week [7D]: Historic) |  
| :--------- | :--------: | :--------: | :--------: | :--------: | :--------: | :--------: | :--------: | :--------: |  
| lemmy.world | 604 : 642 | 0.05 : 0.05 | | 3854 : 5854 | 0.29 : 0.44 | | 4459 : 6497 | 0.34 : 0.49 |  
| sh.itjust.works | 207 : 121 | 0.09 : 0.05 | | 1002 : 1267 | 0.44 : 0.55 | | 1209 : 1388 | 0.53 : 0.61 |  
| lemmy.zip | 93 : 86 | 0.04 : 0.04 | | 747 : 393 | 0.34 : 0.18 | | 840 : 479 | 0.39 : 0.22 |  
| lemmy.ml | 90 : 80 | 0.05 : 0.04 | | 451 : 403 | 0.24 : 0.21 | | 541 : 483 | 0.29 : 0.25 |  
| hexbear.net | 41 : 379 | 0.03 : 0.27 | | 1098 : 5019 | 0.79 : 3.63 | | 1140 : 5398 | 0.82 : 3.91 |  
| lemmy.dbzer0.com | -13 : 57 | -0.01 : 0.04 | | 503 : 523 | 0.39 : 0.40 | | 491 : 580 | 0.38 : 0.45 |  
| lemmy.ca | 52 : 55 | 0.04 : 0.04 | | 623 : 454 | 0.49 : 0.36 | | 675 : 509 | 0.54 : 0.40 |  
| lemmy.blahaj.zone | 40 : 37 | 0.04 : 0.04 | | 411 : 352 | 0.43 : 0.37 | | 451 : 390 | 0.47 : 0.40 |  
| programming.dev | 21 : 23 | 0.02 : 0.03 | | 169 : 250 | 0.20 : 0.30 | | 190 : 273 | 0.23 : 0.33 |  
| discuss.tchncs.de | 27 : 25 | 0.04 : 0.04 | | 174 : 241 | 0.26 : 0.36 | | 200 : 267 | 0.30 : 0.40 |  
| lemmygrad.ml | 25 : 48 | 0.04 : 0.08 | | 195 : 265 | 0.33 : 0.45 | | 220 : 313 | 0.38 : 0.54 |  
| sopuli.xyz | 26 : 36 | 0.05 : 0.06 | | 221 : 161 | 0.38 : 0.28 | | 247 : 197 | 0.43 : 0.34 |  
| lemmy.today | -51 : 17 | -0.12 : 0.04 | | 270 : 185 | 0.62 : 0.43 | | 219 : 202 | 0.51 : 0.47 |  
| slrpnk.net | 26 : 40 | 0.07 : 0.10 | | 197 : 140 | 0.50 : 0.36 | | 223 : 180 | 0.57 : 0.46 |  
| feddit.uk | 17 : 33 | 0.05 : 0.10 | | 144 : 175 | 0.43 : 0.52 | | 161 : 208 | 0.48 : 0.61 |  
| infosec.pub | 31 : 25 | 0.10 : 0.08 | | 95 : 92 | 0.30 : 0.30 | | 125 : 118 | 0.40 : 0.38 |  
| reddthat.com | 11 : 93 | 0.04 : 0.33 | | 94 : 145 | 0.33 : 0.51 | | 105 : 238 | 0.37 : 0.84 |  
| jlai.lu | 9 : 23 | 0.03 : 0.08 | | 42 : 101 | 0.16 : 0.38 | | 51 : 124 | 0.19 : 0.46 |  
| beehaw.org | 6 : 18 | 0.02 : 0.07 | | 48 : 148 | 0.19 : 0.57 | | 54 : 165 | 0.21 : 0.64 |  
| thelemmy.club | 26 : 21 | 0.13 : 0.11 | | 83 : 38 | 0.42 : 0.19 | | 109 : 59 | 0.56 : 0.30 |  
| | | | | | | | | | | |  
| Sum |  1288 : 1859 | 0.80 : 1.69 | | 10421 : 16206 | 7.53 : 10.79 | | 11710 : 18068 | 8.39 : 12.50 |  
| Average |  64 : 93 | 0.04 : 0.08 | | 521 : 810 | 0.38 : 0.54 | | 586 : 903 | 0.42 : 0.63 |  
| Standard Deviation |  137 : 152 | 0.05 : 0.08 | | 843 : 1609 | 0.15 : 0.74 | | 974 : 1757 | 0.15 : 0.79 |  

**Note:** 'Historical' rates are going to be biased toward being lower than current (fewer users before now/historically). 'Last Week [7D]' > 'Historic' indicates the instance is likely not declining (greater activity this week than previously.  


**Mbin Activity**  
| Activity | Posts/Day (Last Week [7D]: Historic) | Posts/Day/MAU (Last Week [7D]: Historic) | | Comments/Day (Last Week [7D]: Historic) | Comments/Day/MAU (Last Week [7D]: Historic) | | (P+C)/Day (Last Week [7D]: Historic) | (P+C)/Day/MAU (Last Week [7D]: Historic) |  
| :--------- | :--------: | :--------: | :--------: | :--------: | :--------: | :--------: | :--------: | :--------: |  
| fedia.io | 8 : 12 | 0.02 : 0.03 | | 137 : 136 | 0.29 : 0.29 | | 145 : 148 | 0.31 : 0.32 |  
| tardigram.com | 56 : 422 | 0.40 : 2.99 | | 26 : 278 | 0.19 : 1.97 | | 82 : 700 | 0.58 : 4.97 |  
| kbin.earth | 10 : 6 | 0.07 : 0.05 | | 44 : 43 | 0.33 : 0.33 | | 53 : 50 | 0.41 : 0.38 |  
| thebrainbin.org | 2 : 1 | 0.05 : 0.04 | | 10 : 4 | 0.28 : 0.13 | | 11 : 6 | 0.34 : 0.17 |  
| rimworld.gallery | 0 : 0 | 0.01 : 0.01 | | -0 : 1 | -0.01 : 0.02 | | 0 : 1 | 0.00 : 0.04 |  
| gehirneimer.de | 0 : 0 | 0.00 : 0.01 | | 3 : 1 | 0.14 : 0.06 | | 3 : 1 | 0.14 : 0.07 |  
| moist.catsweat.com | 0 : 1 | 0.00 : 0.04 | | 3 : 9 | 0.16 : 0.41 | | 3 : 10 | 0.16 : 0.46 |  
| agora.energieincomune.com |  :  |  :  | |  :  |  :  | |  :  |  :  |  
| k.fe.derate.me | 0 : 0 | 0.00 : 0.01 | | 0 : 0 | 0.00 : 0.05 | | 0 : 0 | 0.00 : 0.06 |  
| mbin.linuxnation.social |  : 0 |  : 0.11 | | 0 : 0 | 0.07 : 0.00 | |  : 0 |  : 0.11 |  
| trepa.me | 0 : 0 | 0.00 : 0.04 | | 0 : 0 | 0.00 : 0.08 | | 0 : 0 | 0.00 : 0.12 |  
| ferment.site | 0 : 0 | 0.00 : 0.01 | | 0 : 0 | 0.00 : 0.01 | | 0 : 0 | 0.00 : 0.02 |  
| bin.pivox.net | 0 : 0 | 0.00 : 0.09 | | 0 : 0 | 0.00 : 0.04 | | 0 : 0 | 0.00 : 0.14 |  
| socialnetworks.rodeo | 0 :  | 0.00 :  | |  :  |  :  | | 0 :  | 0.00 :  |  
| mbin.cocopoops.com | 0 : 0 | 0.00 : 0.00 | | 0 : 0 | 0.00 : 0.00 | | 0 : 0 | 0.00 : 0.01 |  
| | | | | | | | | | | |  
| Sum |  76 : 442 | 0.55 : 3.43 | | 223 : 472 | 1.45 : 3.39 | | 297 : 916 | 1.94 : 6.87 |  
| Average |  6 : 34 | 0.04 : 0.26 | | 17 : 36 | 0.11 : 0.26 | | 23 : 70 | 0.15 : 0.53 |  
| Standard Deviation |  15 : 117 | 0.11 : 0.82 | | 38 : 82 | 0.13 : 0.53 | | 45 : 194 | 0.20 : 1.34 |  

**Note:** 'Historical' rates are going to be biased toward being lower than current (fewer users before now/historically). 'Last Week [7D]' > 'Historic' indicates the instance is likely not declining (greater activity this week than previously.  

  
**Software Comparison:**  
| Meta Analysis (Current) | Servers | Servers (Alive %, #) | | Average Alive Server Age (Days) | Avg Users per Alive Server^1^ | | Single User Servers (% of Alive, (#)) | Uniformity Method 1 (Lower Better) | Uniformity Method 2 (Higher Better) |  
| :--------- | --------: | --------: | --------: | --------: | --------: | --------: | --------: | --------: | --------: |  
| Piefed | 110 | 48% (53) | | 358 | 175 | | 26% (14) | 9% | 23% |  
| Lemmy | 596 | 51% (305) | | 819 | 263 | | 59% (179) | 4% | 21% |  
| Mbin | 23 | 65% (15) | | 795 | 74 | | 20% (3) | 15% | 32% |  
  
**Note:**  
- ""*"" in the Piefed server names denotes they are using the soft-fork [Pylova](https://codeberg.org/quokkau/PyLova). I'm going to count them as Piefed servers unless a hard schism occurs.  
- [1] % does not include single user servers.  
- Alive servers are responsive servers with > 0 MAU.  

**Uniformity Method 1: Relative MAU Standard Deviation (%)^1^** - More accurate representation of uniformity.  

**Uniformity Method 2: Median to Mean (>10 MAU, %)** - More distribution-shape dependent and more variable with fewer data points.  

_List of Instances Source: [Fediverse-Observer](https://fediverse.observer/allsoftwares)_  

**Notes:**  

1. Up to the top 20 most populated (MAU) instances are analyzed. May throw full analysis (all ~700 servers) on codeburg in the future.  
2. Please let me know if you have any calculations you would like me to run.  
3. I can now selectively remove servers from the analysis. If you see any servers that shouldn't be there, let me know (with a reason).  
4. I can now easily selectively identify servers running forks. If you see any servers that aren't identified as such, let me know.","Takeaways MAU Growth Highest Piefed piefed.blahaj.zone 35 Lemmy lemmy.zip 44 Mbin fedia.io 13 MAU Growth 3 30 MAU Piefed piefed.blahaj.zone 18.9 feddit.online 3.8 quokk.au 3.8 tarte.nuage-libre.fr 10.5 Lemmy lemmygrad.ml 3.1 thelemmy.club 7.6 Mbin kbin.earth 3.1 thebrainbin.org 17.6 rimworld.gallery 6.9 Users Returning Absence MAU HYAU Piefed piefed.blahaj.zone 29:MAU quokk.au 2:MAU tarte.nuage-libre.fr 1:MAU Lemmy lemmygrad.ml 5:MAU Mbin kbin.earth 1:MAU moist.catsweat.com 1:HYAU trepa.me 1:MAU,1:HYAU Stickiest Instance MAU/HYAU 30 MAU 180 Days Active Piefed piefed.blahaj.zone 63 Lemmy hexbear.net 66 Mbin kbin.earth 48 Prolific Users Posts per Day per User 30 MAU Piefed quokk.au 0.29 Lemmy thelemmy.club 0.13 Mbin tardigram.com 0.40 Comments per Day per User 30 MAU Piefed quokk.au 1.00 Lemmy hexbear.net 0.79 Mbin kbin.earth 0.33 Note Changed 1 Month data analysis 28D instead 30D missing data 30D ago Probably change back next week Added features wanted got 40 reduction run time 28min 16min little code clean throw analysis Codeburg Piefed server names denotes using soft-fork Pylova going count Piefed servers unless hard schism occurs Monthly Active Users Server Piefed Current Yesterday[1D Last Week[7D Last Month 28D 3 Months Ago 90D Server Lemmy Current Yesterday[1D Last Week[7D Last Month 28D 3 Months Ago 90D Server Mbin Current Yesterday[1D Last Week[7D Last Month 28D 3 Months Ago 90D fedinsfw.app 3771 3768 3827 3910 1845 lemmy.world 13183 13191 13238 13282 13013 fedia.io 479 482 466 461 464 piefed.social 1567 1565 1553 1668 1184 sh.itjust.works 2286 2296 2289 2261 2291 tardigram.com 145 143 141 141 piefed.ca 257 255 257 279 215 lemmy.zip 2216 2172 2134 2063 kbin.earth 135 134 131 129 131 piefed.zip 226 226 231 215 173 lemmy.ml 1866 1870 1895 1889 1931 thebrainbin.org 40 35 34 37 37 piefed.blahaj.zone 220 220 185 169 200 hexbear.net 1376 1376 1382 1394 1382 rimworld.gallery 31 30 29 22 26 piefed.world 206 213 217 190 177 lemmy.dbzer0.com 1314 1330 1297 1268 1348 gehirneimer.de 22 21 20 12 18 feddit.online 163 163 157 151 lemmy.ca 1275 1261 1260 1260 1278 moist.catsweat.com 16 15 21 20 quokk.au 110 110 106 81 105 lemmy.blahaj.zone 962 963 963 907 903 agora.energieincomune.com 7 8 9 31 6 anarchist.nexus 85 85 86 71 89 programming.dev 849 853 831 841 857 k.fe.derate.me 7 7 7 5 tarte.nuage-libre.fr 42 40 38 46 discuss.tchncs.de 665 664 668 676 743 mbin.linuxnation.social 3 2 2 5 ero.ani.social 28 28 40 lemmygrad.ml 602 605 584 558 634 trepa.me 3 3 1 retrofed.com 26 26 25 21 26 sopuli.xyz 566 565 577 570 579 ferment.site 2 2 2 2 4 feddit.fr 25 25 21 20 16 lemmy.today 443 441 433 410 391 bin.pivox.net 1 1 1 1 multiverse.soulism.net 23 24 26 22 23 slrpnk.net 391 386 391 385 385 socialnetworks.rodeo 1 1 1 1 1 kopitalk.net 19 19 16 11 15 feddit.uk 338 338 338 333 358 mbin.cocopoops.com 1 1 1 1 wetshav.ing 12 12 12 14 12 infosec.pub 303 301 311 303 303 queer.irish 10 9 8 12 3 reddthat.com 279 280 283 291 269 piefed.iridescent.nz 10 9 14 5 5 jlai.lu 264 265 269 260 228 pf.korako.me 6 6 6 7 7 beehaw.org 256 257 257 253 piefed.zeromedia.vip 4 4 3 5 thelemmy.club 212 197 220 206 Sum 6810 6775 6817 6935 4100 29646 27242 29635 29495 29162 893 884 866 868 688 Average 340 376 341 347 241 1482 1513 1482 1475 1535 60 63 58 62 76 Standard Deviation 877 919 888 915 499 2831 2974 2843 2853 2855 125 129 122 124 151 MAU Difference Server Piefed 1 Day[-1D 1 Week[-7D 1 Month 28D 3 Month 90D Server Lemmy 1 Day[-1D 1 Week[-7D 1 Month 28D 3 Month 90D Server Mbin 1 Day[-1D 1 Week[-7D 1 Month 28D 3 Month 90D fedinsfw.app 3 56 139 1926 lemmy.world 8 55 99 170 fedia.io 3 13 18 15 piefed.social 2 14 101 383 sh.itjust.works 10 3 25 5 tardigram.com 2 4 4 piefed.ca 2 0 22 42 lemmy.zip 44 82 153 kbin.earth 1 4 6 4 piefed.zip 0 5 11 53 lemmy.ml 4 29 23 65 thebrainbin.org 5 6 3 3 piefed.blahaj.zone 0 35 51 20 hexbear.net 0 6 18 6 rimworld.gallery 1 2 9 5 piefed.world 7 11 16 29 lemmy.dbzer0.com 16 17 46 34 gehirneimer.de 1 2 10 4 feddit.online 0 6 12 lemmy.ca 14 15 15 3 moist.catsweat.com 1 5 4 quokk.au 0 4 29 5 lemmy.blahaj.zone 1 1 55 59 agora.energieincomune.com 1 2 24 1 anarchist.nexus 0 1 14 4 programming.dev 4 18 8 8 k.fe.derate.me 0 0 2 tarte.nuage-libre.fr 2 4 4 discuss.tchncs.de 1 3 11 78 mbin.linuxnation.social 1 1 2 ero.ani.social 0 12 lemmygrad.ml 3 18 44 32 trepa.me 0 2 retrofed.com 0 1 5 0 sopuli.xyz 1 11 4 13 ferment.site 0 0 0 2 feddit.fr 0 4 5 9 lemmy.today 2 10 33 52 bin.pivox.net 0 0 0 multiverse.soulism.net 1 3 1 0 slrpnk.net 5 0 6 6 socialnetworks.rodeo 0 0 0 0 kopitalk.net 0 3 8 4 feddit.uk 0 0 5 20 mbin.cocopoops.com 0 0 0 wetshav.ing 0 0 2 0 infosec.pub 2 8 0 0 queer.irish 1 2 2 7 reddthat.com 1 4 12 10 piefed.iridescent.nz 1 4 5 5 jlai.lu 1 5 4 36 pf.korako.me 0 0 1 1 beehaw.org 1 1 3 piefed.zeromedia.vip 0 1 1 thelemmy.club 15 8 6 Sum 3 7 125 2477 24 11 151 228 8 27 22 30 Average 0 0 6 146 1 1 8 12 1 2 2 3 Standard Deviation 2 16 42 468 6 20 37 63 2 4 9 5 MAU Change Server Piefed 1 Day[-1D 1 Week[-7D 1 Month 28D 3 Month 90D Server Lemmy 1 Day[-1D 1 Week[-7D 1 Month 28D 3 Month 90D Server Mbin 1 Day[-1D 1 Week[-7D 1 Month 28D 3 Month 90D fedinsfw.app 0.1 1.5 3.6 104.4 lemmy.world 0.1 0.4 0.7 1.3 fedia.io 0.6 2.8 3.9 3.2 piefed.social 0.1 0.9 6.1 32.3 sh.itjust.works 0.4 0.1 1.1 0.2 tardigram.com 1.4 2.8 2.8 piefed.ca 0.8 0.0 7.9 19.5 lemmy.zip 2.0 3.8 7.4 kbin.earth 0.7 3.1 4.7 3.1 piefed.zip 0.0 2.2 5.1 30.6 lemmy.ml 0.2 1.5 1.2 3.4 thebrainbin.org 14.3 17.6 8.1 8.1 piefed.blahaj.zone 0.0 18.9 30.2 10.0 hexbear.net 0.0 0.4 1.3 0.4 rimworld.gallery 3.3 6.9 40.9 19.2 piefed.world 3.3 5.1 8.4 16.4 lemmy.dbzer0.com 1.2 1.3 3.6 2.5 gehirneimer.de 4.8 10.0 83.3 22.2 feddit.online 0.0 3.8 7.9 lemmy.ca 1.1 1.2 1.2 0.2 moist.catsweat.com 6.7 23.8 20.0 quokk.au 0.0 3.8 35.8 4.8 lemmy.blahaj.zone 0.1 0.1 6.1 6.5 agora.energieincomune.com 12.5 22.2 77.4 16.7 anarchist.nexus 0.0 1.2 19.7 4.5 programming.dev 0.5 2.2 1.0 0.9 k.fe.derate.me 0.0 0.0 40.0 tarte.nuage-libre.fr 5.0 10.5 8.7 discuss.tchncs.de 0.2 0.4 1.6 10.5 mbin.linuxnation.social 50.0 50.0 40.0 ero.ani.social 0.0 30.0 lemmygrad.ml 0.5 3.1 7.9 5.0 trepa.me 0.0 200.0 retrofed.com 0.0 4.0 23.8 0.0 sopuli.xyz 0.2 1.9 0.7 2.2 ferment.site 0.0 0.0 0.0 50.0 feddit.fr 0.0 19.0 25.0 56.2 lemmy.today 0.5 2.3 8.0 13.3 bin.pivox.net 0.0 0.0 0.0 multiverse.soulism.net 4.2 11.5 4.5 0.0 slrpnk.net 1.3 0.0 1.6 1.6 socialnetworks.rodeo 0.0 0.0 0.0 0.0 kopitalk.net 0.0 18.8 72.7 26.7 feddit.uk 0.0 0.0 1.5 5.6 mbin.cocopoops.com 0.0 0.0 0.0 wetshav.ing 0.0 0.0 14.3 0.0 infosec.pub 0.7 2.6 0.0 0.0 queer.irish 11.1 25.0 16.7 233.3 reddthat.com 0.4 1.4 4.1 3.7 piefed.iridescent.nz 11.1 28.6 100.0 100.0 jlai.lu 0.4 1.9 1.5 15.8 pf.korako.me 0.0 0.0 14.3 14.3 beehaw.org 0.4 0.4 1.2 piefed.zeromedia.vip 0.0 33.3 20.0 thelemmy.club 7.6 3.6 2.9 Average 1.1 2.7 13.2 35.0 0.0 0.4 1.3 1.1 4.9 16.5 3.3 2.5 Standard Deviation 4.0 11.9 31.3 62.1 0.6 2.3 3.3 6.3 14.2 53.4 37.4 21.4 Retention Piefed Retention Current Returning Absence MAU 7D Returning Absence HYAU 7D MAU/HYAU MAU/HYAU Relative 10 MAU MAU/Total Users Relative 10 MAU HYAU/Total Users Relative 10 MAU Server Active Days fedinsfw.app 197 120 49 6 13 20 185 piefed.social 29 80 50 8 17 8 964 piefed.ca 3 8 45 14 48 39 445 piefed.zip 5 7 62 18 14 3 445 piefed.blahaj.zone 29 1 63 20 11 7 445 piefed.world 15 10 48 10 25 16 443 feddit.online 0 14 42 21 20 4 1163 quokk.au 2 3 58 7 45 38 1146 anarchist.nexus 1 2 52 2 4 7 371 tarte.nuage-libre.fr 1 0 58 8 3 3 730 ero.ani.social 3 0 56 9 3 5 50 retrofed.com 0 2 48 8 9 18 190 feddit.fr 0 0 62 18 1 16 489 multiverse.soulism.net 3 2 34 36 41 9 223 kopitalk.net 0 3 59 12 1 10 424 wetshav.ing 0 0 60 13 49 31 375 queer.irish 1 0 37 364 piefed.iridescent.nz 1 0 71 147 pf.korako.me 0 1 75 791 piefed.zeromedia.vip 0 0 67 333 Sum 226 253 Average 11 13 55 0 0 0 486 Standard Deviation 45 31 11 16 26 19 316 Returning Absence Change MAU day – Change Total Users day positive number shows many users haven’t active month MAU half-year HYAU returned activity negative number means x users stayed away greater 1 month MAU 6 months HYAU Retention MAU/HYAU Roughly shows ‘sticky’ server higher number ‘sticker’ server MAU/Total Roughly indicates short term growth HYAU/Total Roughly indicates medium term growth Relative Roughly indicates stickiness growth compares across instances relative long active natural logorithmic fit Positive percent indicates x higher stickiness/growth compared instances active amount time Retention Lemmy Retention Current Returning Absence MAU 7D Returning Absence HYAU 7D MAU/HYAU MAU/HYAU Relative 10 MAU MAU/Total Users Relative 10 MAU HYAU/Total Users Relative 10 MAU Server Active Days lemmy.world 349 424 58 9 2 13 1180 sh.itjust.works 50 68 65 23 3 24 1177 lemmy.zip 112 132 55 5 163 143 1172 lemmy.ml 67 72 54 6 52 45 2669 hexbear.net 23 51 66 27 34 49 1115 lemmy.dbzer0.com 14 36 62 18 6 22 1169 lemmy.ca 48 58 60 7 43 36 1906 lemmy.blahaj.zone 17 11 63 19 34 10 1331 programming.dev 14 26 57 9 1 10 1175 discuss.tchncs.de 10 16 62 18 22 1 1181 lemmygrad.ml 5 20 51 10 21 10 2132 sopuli.xyz 20 13 65 16 42 25 2019 lemmy.today 9 16 60 13 107 77 1175 slrpnk.net 8 10 62 14 136 106 1613 feddit.uk 5 7 60 14 3 12 1173 infosec.pub 14 13 62 18 12 26 1205 reddthat.com 13 13 61 15 32 44 1176 jlai.lu 16 14 61 16 78 49 1158 beehaw.org 4 9 50 9 73 70 1747 thelemmy.club 398 404 34 35 49 22 1168 Sum 1186 1413 Average 59 71 58 9 17 5 1432 Standard Deviation 111 121 7 14 63 54 437 Returning Absence Change MAU day – Change Total Users day positive number shows many users haven’t active month MAU half-year HYAU returned activity negative number means x users stayed away greater 1 month MAU 6 months HYAU Retention MAU/HYAU Roughly shows ‘sticky’ server higher number ‘sticker’ server MAU/Total Roughly indicates short term growth HYAU/Total Roughly indicates medium term growth Relative Roughly indicates stickiness growth compares across instances relative long active natural logorithmic fit Positive percent indicates x higher stickiness/growth compared instances active amount time Retention Mbin Retention Current Returning Absence MAU 7D Returning Absence HYAU 7D MAU/HYAU MAU/HYAU Relative 10 MAU MAU/Total Users Relative 10 MAU HYAU/Total Users Relative 10 MAU Server Active Days fedia.io 4 14 47 19 28 38 1172 tardigram.com 4 5 50 1 1 1 66 kbin.earth 1 5 48 20 45 24 979 thebrainbin.org 0 1 43 9 30 22 1166 rimworld.gallery 4 4 25 37 51 20 1141 gehirneimer.de 0 1 50 27 51 22 1162 moist.catsweat.com 5 1 25 38 45 10 1140 agora.energieincomune.com 3 0 12 145 k.fe.derate.me 0 0 27 1163 mbin.linuxnation.social 0 0 43 47 trepa.me 1 1 100 567 ferment.site 0 0 25 495 bin.pivox.net 0 0 100 496 socialnetworks.rodeo 0 0 100 1158 mbin.cocopoops.com 0 0 100 1035 Sum 18 28 Average 1 2 53 0 0 0 795 Standard Deviation 2 4 31 27 43 24 444 Returning Absence Change MAU day – Change Total Users day positive number shows many users haven’t active month MAU half-year HYAU returned activity negative number means x users stayed away greater 1 month MAU 6 months HYAU Retention MAU/HYAU Roughly shows ‘sticky’ server higher number ‘sticker’ server MAU/Total Roughly indicates short term growth HYAU/Total Roughly indicates medium term growth Relative Roughly indicates stickiness growth compares across instances relative long active natural logorithmic fit Positive percent indicates x higher stickiness/growth compared instances active amount time Piefed Activity Activity Posts/Day Last Week 7D Historic Posts/Day/MAU Last Week 7D Historic Comments/Day Last Week 7D Historic Comments/Day/MAU Last Week 7D Historic P+C)/Day Last Week 7D Historic P+C)/Day/MAU Last Week 7D Historic fedinsfw.app 168 183 0.04 0.05 33 127 0.01 0.03 201 310 0.05 0.08 piefed.social 34 58 0.02 0.04 85 217 0.05 0.14 119 275 0.08 0.18 piefed.ca 19 23 0.08 0.09 115 75 0.45 0.29 134 98 0.52 0.38 piefed.zip 27 17 0.12 0.08 122 95 0.53 0.41 149 113 0.65 0.49 piefed.blahaj.zone 13 29 0.07 0.16 98 92 0.53 0.50 111 122 0.60 0.66 piefed.world 30 30 0.14 0.14 108 99 0.50 0.45 138 128 0.64 0.59 feddit.online 12 3 0.08 0.02 46 16 0.29 0.10 58 19 0.37 0.12 quokk.au 31 10 0.29 0.10 106 22 1.00 0.21 137 33 1.29 0.31 anarchist.nexus 2 2 0.02 0.03 59 47 0.69 0.55 61 50 0.70 0.58 tarte.nuage-libre.fr 3 5 0.09 0.14 7 8 0.19 0.21 11 14 0.28 0.36 ero.ani.social 2 2 0.06 0.06 0 0 0.01 0.01 2 2 0.07 0.07 retrofed.com 1 1 0.05 0.03 13 8 0.53 0.31 14 9 0.57 0.35 feddit.fr 4 3 0.18 0.13 3 2 0.16 0.09 7 5 0.34 0.22 multiverse.soulism.net 1 1 0.04 0.05 21 18 0.81 0.69 20 19 0.77 0.74 kopitalk.net 0 0 0.01 0.03 0 1 0.02 0.04 0 1 0.03 0.07 wetshav.ing 1 1 0.10 0.06 2 3 0.18 0.29 1 4 0.08 0.35 queer.irish 0 0 0.00 0.03 0 0 0.00 0.01 0 0 0.00 0.03 piefed.iridescent.nz 0 0 0.01 0.00 1 0 0.06 0.01 1 0 0.07 0.01 pf.korako.me 1 3 0.14 0.51 0 0 0.00 0.07 1 3 0.14 0.58 piefed.zeromedia.vip 0 0 0.07 0.06 4 4 1.00 1.08 4 5 1.07 1.14 Sum 345 371 1.25 1.81 819 834 6.65 5.49 1165 1210 7.88 7.31 Average 17 19 0.06 0.09 41 42 0.33 0.27 58 60 0.39 0.37 Standard Deviation 38 41 0.09 0.11 47 58 0.36 0.28 67 91 0.39 0.29 Note Historical rates going biased toward lower current fewer users now/historically Last Week 7D Historic indicates instance likely declining greater activity week previously Lemmy Activity Activity Posts/Day Last Week 7D Historic Posts/Day/MAU Last Week 7D Historic Comments/Day Last Week 7D Historic Comments/Day/MAU Last Week 7D Historic P+C)/Day Last Week 7D Historic P+C)/Day/MAU Last Week 7D Historic lemmy.world 604 642 0.05 0.05 3854 5854 0.29 0.44 4459 6497 0.34 0.49 sh.itjust.works 207 121 0.09 0.05 1002 1267 0.44 0.55 1209 1388 0.53 0.61 lemmy.zip 93 86 0.04 0.04 747 393 0.34 0.18 840 479 0.39 0.22 lemmy.ml 90 80 0.05 0.04 451 403 0.24 0.21 541 483 0.29 0.25 hexbear.net 41 379 0.03 0.27 1098 5019 0.79 3.63 1140 5398 0.82 3.91 lemmy.dbzer0.com 13 57 0.01 0.04 503 523 0.39 0.40 491 580 0.38 0.45 lemmy.ca 52 55 0.04 0.04 623 454 0.49 0.36 675 509 0.54 0.40 lemmy.blahaj.zone 40 37 0.04 0.04 411 352 0.43 0.37 451 390 0.47 0.40 programming.dev 21 23 0.02 0.03 169 250 0.20 0.30 190 273 0.23 0.33 discuss.tchncs.de 27 25 0.04 0.04 174 241 0.26 0.36 200 267 0.30 0.40 lemmygrad.ml 25 48 0.04 0.08 195 265 0.33 0.45 220 313 0.38 0.54 sopuli.xyz 26 36 0.05 0.06 221 161 0.38 0.28 247 197 0.43 0.34 lemmy.today 51 17 0.12 0.04 270 185 0.62 0.43 219 202 0.51 0.47 slrpnk.net 26 40 0.07 0.10 197 140 0.50 0.36 223 180 0.57 0.46 feddit.uk 17 33 0.05 0.10 144 175 0.43 0.52 161 208 0.48 0.61 infosec.pub 31 25 0.10 0.08 95 92 0.30 0.30 125 118 0.40 0.38 reddthat.com 11 93 0.04 0.33 94 145 0.33 0.51 105 238 0.37 0.84 jlai.lu 9 23 0.03 0.08 42 101 0.16 0.38 51 124 0.19 0.46 beehaw.org 6 18 0.02 0.07 48 148 0.19 0.57 54 165 0.21 0.64 thelemmy.club 26 21 0.13 0.11 83 38 0.42 0.19 109 59 0.56 0.30 Sum 1288 1859 0.80 1.69 10421 16206 7.53 10.79 11710 18068 8.39 12.50 Average 64 93 0.04 0.08 521 810 0.38 0.54 586 903 0.42 0.63 Standard Deviation 137 152 0.05 0.08 843 1609 0.15 0.74 974 1757 0.15 0.79 Note Historical rates going biased toward lower current fewer users now/historically Last Week 7D Historic indicates instance likely declining greater activity week previously Mbin Activity Activity Posts/Day Last Week 7D Historic Posts/Day/MAU Last Week 7D Historic Comments/Day Last Week 7D Historic Comments/Day/MAU Last Week 7D Historic P+C)/Day Last Week 7D Historic P+C)/Day/MAU Last Week 7D Historic fedia.io 8 12 0.02 0.03 137 136 0.29 0.29 145 148 0.31 0.32 tardigram.com 56 422 0.40 2.99 26 278 0.19 1.97 82 700 0.58 4.97 kbin.earth 10 6 0.07 0.05 44 43 0.33 0.33 53 50 0.41 0.38 thebrainbin.org 2 1 0.05 0.04 10 4 0.28 0.13 11 6 0.34 0.17 rimworld.gallery 0 0 0.01 0.01 0 1 0.01 0.02 0 1 0.00 0.04 gehirneimer.de 0 0 0.00 0.01 3 1 0.14 0.06 3 1 0.14 0.07 moist.catsweat.com 0 1 0.00 0.04 3 9 0.16 0.41 3 10 0.16 0.46 agora.energieincomune.com k.fe.derate.me 0 0 0.00 0.01 0 0 0.00 0.05 0 0 0.00 0.06 mbin.linuxnation.social 0 0.11 0 0 0.07 0.00 0 0.11 trepa.me 0 0 0.00 0.04 0 0 0.00 0.08 0 0 0.00 0.12 ferment.site 0 0 0.00 0.01 0 0 0.00 0.01 0 0 0.00 0.02 bin.pivox.net 0 0 0.00 0.09 0 0 0.00 0.04 0 0 0.00 0.14 socialnetworks.rodeo 0 0.00 0 0.00 mbin.cocopoops.com 0 0 0.00 0.00 0 0 0.00 0.00 0 0 0.00 0.01 Sum 76 442 0.55 3.43 223 472 1.45 3.39 297 916 1.94 6.87 Average 6 34 0.04 0.26 17 36 0.11 0.26 23 70 0.15 0.53 Standard Deviation 15 117 0.11 0.82 38 82 0.13 0.53 45 194 0.20 1.34 Note Historical rates going biased toward lower current fewer users now/historically Last Week 7D Historic indicates instance likely declining greater activity week previously Software Comparison Meta Analysis Current Servers Servers Alive Average Alive Server Age Days Avg Users per Alive Server^1 Single User Servers Alive Uniformity Method 1 Lower Better Uniformity Method 2 Higher Better Piefed 110 48 53 358 175 26 14 9 23 Lemmy 596 51 305 819 263 59 179 4 21 Mbin 23 65 15 795 74 20 3 15 32 Note Piefed server names denotes using soft-fork Pylova going count Piefed servers unless hard schism occurs 1 include single user servers Alive servers responsive servers 0 MAU Uniformity Method 1 Relative MAU Standard Deviation 1 accurate representation uniformity Uniformity Method 2 Median Mean 10 MAU distribution-shape dependent variable fewer data points List Instances Source Fediverse-Observer Notes 1 top 20 populated MAU instances analyzed May throw full analysis 700 servers codeburg future 2 Please let know calculations would like run 3 selectively remove servers analysis see servers let know reason 4 easily selectively identify servers running forks see servers identified let know"
"Here's the transcript from Mark Carney's Saturday morning Aug 22 news conference:

https://www.cbc.ca/news/politics/carney-full-remarks-us-trade-talks-suspended-9.7317033

There's a lot of details in it.  I'll copy/paste what I think are the highlights:

>For over a year, Canada has worked intensively and in good faith with the United States to negotiate a new comprehensive trade deal. 

>We have been under no illusions. [...] We recognized that sometimes its signature was written in pencil.

>Over the past year, the U.S. has imposed a series of tariffs that violate its commitments under our agreement with them and Mexico, so-called CUSMA. The United States has continually changed their rationale for these actions, from fentanyl to taxes on U.S. tech giants, to certification of U.S. aircraft, to the sharing of tolls of a bridge that Canada built and paid for, to our dairy policy, to provincial decisions to not sell American alcohol during a trade war, to a television advertisement that quoted Ronald Reagan, to smoke from wildfires while they threatened our communities.

>Canada is also the largest customer for 26 U.S. states, and a top three customer for 45 U.S. states. Last year, Americans sold almost $600 billion in goods and services to Canadians - that's more than $1.6 billion every single day. Canadian exports to the U.S. lower the costs for American families. In contrast, tariffs are taxes, taxes which are ultimately paid by US consumers. 

>And while we believed, earlier this week, that we were moving towards a mutually beneficial agreement, in recent days, the United States proposed new terms that were uneconomic, unfair, and undermined the net benefits to Canada, and called into question the reliability of any deal. In short, they asked too much and they offered too little. 

>Building at home and diversifying trade abroad is not our Plan B. It has been our Plan A from the start. Canada will continue to pursue this path to build Canada Strong, because it's right and it's working.

>Canada is now the best-connected economy in the world. Over the last year we have signed more than 20 trade and security deals across five continents. We completed our most recent deal, with the UAE, in a record 47 days. Canadian businesses now enjoy tariff-free access to 1.5 billion consumers. Over the next six months, we will double that number through new trade deals from ASEAN, to India.

>Last spring, I warned that America is trying to break us so they can own us. And I promised that that will never, ever happen. We are keeping that promise. Canada is becoming stronger and less dependent on America. We are already giving ourselves more than they can take away. And we are just getting started.
",Here's transcript Mark Carney's Saturday morning Aug 22 news conference There's lot details copy/paste think highlights year Canada worked intensively good faith United States negotiate new comprehensive trade deal illusions recognized sometimes signature written pencil past year U.S imposed series tariffs violate commitments agreement Mexico so-called CUSMA United States continually changed rationale actions fentanyl taxes U.S tech giants certification U.S aircraft sharing tolls bridge Canada built paid dairy policy provincial decisions sell American alcohol trade war television advertisement quoted Ronald Reagan smoke wildfires threatened communities Canada also largest customer 26 U.S states top three customer 45 U.S states Last year Americans sold almost 600 billion goods services Canadians that's 1.6 billion every single day Canadian exports U.S lower costs American families contrast tariffs taxes taxes ultimately paid US consumers believed earlier week moving towards mutually beneficial agreement recent days United States proposed new terms uneconomic unfair undermined net benefits Canada called question reliability deal short asked much offered little Building home diversifying trade abroad Plan B Plan start Canada continue pursue path build Canada Strong right working Canada best-connected economy world last year signed 20 trade security deals across five continents completed recent deal UAE record 47 days Canadian businesses enjoy tariff-free access 1.5 billion consumers next six months double number new trade deals ASEAN India Last spring warned America trying break us us promised never ever happen keeping promise Canada becoming stronger less dependent America already giving take away getting started
"![Venezuela oil production exceeds 1.23 million barrels per day as currency gap narrows](https://ikona.telesurenglish.net/content/uploads/2026/08/vzl-2-768x432.jpg.webp)

#### Venezuela’s oil production reached its highest operational level since February 2019 as the currency gap narrowed to 12.3%.

---

Venezuela’s daily oil production has surpassed 1.23 million barrels, reaching its highest operational level since February 2019, acting President Delcy Rodríguez said.

***RELATED: [Venezuela Benefits Over 4,500 Citizens Under Recovery Plan in 2 Months After Quakes](https://www.telesurenglish.net/venezuela-benefits-4500-recovery-quakes/)***

Delcy Rodríguez said the increase comes as the government works to address the climate emergency while pursuing new investment in the oil and gas sectors.

The government has signed 50 strategic agreements covering oil and gas with international and private investors, she said. The agreements include plans to establish more than 76 hydrocarbon production zones across the country.

### Economic indicators

Venezuela’s gross domestic product is projected to grow 6.5% this year, according to forecasts by the Economic Commission for Latin America and the Caribbean, or ECLAC, cited by Delcy Rodríguez. She said the expansion would place Venezuela at the forefront of regional economic growth, following 21 consecutive quarters of economic growth.

The gap between exchange rates has narrowed from 30% to 12.3% over the past two months, Acting President said, highlighting the change as a key macroeconomic indicator.

She also reported progress toward normalizing economic relations with multilateral institutions, including the Inter-American Development Bank, the International Monetary Fund and the World Bank.

The narrower currency gap has practical consequences for households and businesses, allowing families to better organize their spending, making their incomes go further and giving merchants greater certainty when setting prices. She added that it would enable companies to plan and invest more effectively.

The figures were presented by Delcy Rodríguez as indicators of Venezuela’s ongoing economic recovery, alongside higher oil production, new investment agreements and efforts to normalize relations with international financial institutions.

---

**From [teleSUR English](https://www.telesurenglish.net/feed/) via [This RSS Feed](https://www.telesurenglish.net/feed/).**","Venezuela oil production exceeds 1.23 million barrels per day currency gap narrows Venezuela’s oil production reached highest operational level since February 2019 currency gap narrowed 12.3 Venezuela’s daily oil production surpassed 1.23 million barrels reaching highest operational level since February 2019 acting President Delcy Rodríguez said RELATED Venezuela Benefits 4,500 Citizens Recovery Plan 2 Months Quakes Delcy Rodríguez said increase comes government works address climate emergency pursuing new investment oil gas sectors government signed 50 strategic agreements covering oil gas international private investors said agreements include plans establish 76 hydrocarbon production zones across country Economic indicators Venezuela’s gross domestic product projected grow 6.5 year according forecasts Economic Commission Latin America Caribbean ECLAC cited Delcy Rodríguez said expansion would place Venezuela forefront regional economic growth following 21 consecutive quarters economic growth gap exchange rates narrowed 30 12.3 past two months Acting President said highlighting change key macroeconomic indicator also reported progress toward normalizing economic relations multilateral institutions including Inter-American Development Bank International Monetary Fund World Bank narrower currency gap practical consequences households businesses allowing families better organize spending making incomes go giving merchants greater certainty setting prices added would enable companies plan invest effectively figures presented Delcy Rodríguez indicators Venezuela’s ongoing economic recovery alongside higher oil production new investment agreements efforts normalize relations international financial institutions teleSUR English via RSS Feed"
"Abstract: Many modern programming languages include some form of asynchronous programming. In particular, a growing number now have what we call straight-line asynchrony: attempts to provide asynchronous functions that look similar to synchronous functions, thereby enabling asynchrony without introducing complex control. These languages often share construct names like “async” and “await,” which suggests that they have deep semantic similarities. Yet, a close examination reveals that these languages are quite different along several dimensions, often subtly. These differences have real semantic consequences: similar-looking programs can exhibit divergent behavior, confusing developers and language designers alike.
This paper therefore presents a design space exploration of straight-line asynchrony. We dissect several existing languages, and show how no two of them agree as a whole on design decisions that affect the presence and ordering of execution. We articulate a design space with nine dimensions covering the full lifecycle of an asynchronous computation, covering questions such as: What precise guarantees does a language give upon calling an asynchronous function? What happens at the end of a task’s life? How can a task handle being cancelled? We explore these questions through concrete examples, informal design discussion, and a formal semantics. Our ultimate goal is to help programmers, language designers, and language theorists all better understand the emerging landscape of straight-line asynchrony.
[Comments](https://lobste.rs/s/4haxto/design_space_exploration_async_await)","Abstract Many modern programming languages include form asynchronous programming particular growing number call straight-line asynchrony attempts provide asynchronous functions look similar synchronous functions thereby enabling asynchrony without introducing complex control languages often share construct names like “async” “await,” suggests deep semantic similarities Yet close examination reveals languages quite different along several dimensions often subtly differences real semantic consequences similar-looking programs exhibit divergent behavior confusing developers language designers alike paper therefore presents design space exploration straight-line asynchrony dissect several existing languages show two agree whole design decisions affect presence ordering execution articulate design space nine dimensions covering full lifecycle asynchronous computation covering questions precise guarantees language give upon calling asynchronous function happens end task’s life task handle cancelled explore questions concrete examples informal design discussion formal semantics ultimate goal help programmers language designers language theorists better understand emerging landscape straight-line asynchrony Comments"
"Insulin is one of the body’s most important signals for determining whether you burn glucose or fat: when insulin rises, fat release and fat burning fall, while lower insulin allows stored fat to become available for fuel. This helps explain why reducing carbohydrates can dramatically increase fat oxidation even without changing the body’s basic ability to burn fat.

::: spoiler generated summary

**Insulin and the glucose-fatty-acid cycle**
- Fuel choice is not just about which substrate is available. Carbohydrates raise blood glucose and insulin; insulin suppresses fat-cell lipolysis and makes long-chain fatty-acid entry into mitochondria harder, so higher insulin shifts oxidation toward glucose and lower insulin releases stored fat for oxidation.
- The glucose fatty-acid cycle began with a 1963 paper: fat oxidation inhibits glucose oxidation at pyruvate dehydrogenase, intermediates then back up through the pathway, and glucose uptake falls. The original observations came from isolated rat muscle and heart. [1]
- Human clamp studies hold insulin and glucose at chosen levels and can use lipid emulsion to hold fatty acids constant, isolating glucose-fat competition.

**Human evidence that fat oxidation suppresses glucose oxidation**
- Healthy volunteers underwent two insulin clamps; one kept fatty acids elevated by lipid infusion, while the other let them fall as insulin normally makes them fall. [2]
- With insulin and fatty acids both high, leg glucose uptake fell by about one-third; glucose supplied a little over half of energy versus about three-quarters when fatty acids fell, and pyruvate dehydrogenase activity was lower. [2]
- Respiratory quotient (RQ) tracks fuel use from CO2 produced relative to O2 consumed: carbohydrate is near 1.0, fat near 0.7, and whole-body respiratory exchange ratio is the analogous whole-body measurement.
- High insulin plus high fatty acids is an artificial combination in a healthy person because insulin normally suppresses fatty-acid release; lipid infusion overrides that normal hormonal effect.

**The reverse direction: glucose and insulin suppress fat oxidation**
- Most people eat predominantly carbohydrate; based on a nutrient database, about 70% of calories globally come from carbohydrate.
- In healthy volunteers, a hyperinsulinemic, hyperglycemic clamp held fatty acids constant while glucose oxidation rose more than threefold and fat oxidation fell; cellular glucose availability determined fuel oxidation even without a fall in fat availability. [3]
- A companion experiment infused tagged oleate, a long-chain fat that requires the carnitine shuttle, and octanoate, a medium-chain fat that bypasses it. Under the glucose-insulin clamp with fatty acids held constant, oleate oxidation fell almost by half while octanoate oxidation did not change. [4]
- The control is at long-chain fatty-acid transport into mitochondria through the carnitine shuttle/CPT1: glucose and insulin can reduce long-chain fat oxidation while circulating fatty acids remain available. [4]
- After an ordinary carbohydrate-containing meal, glucose and insulin rise, muscle and adipose glucose uptake rises, adipose fatty-acid release falls, and long-chain fatty-acid transport into mitochondria is inhibited; the cell therefore burns more glucose. This follows the insulin signal whether total calories are in deficit or surplus.

**Insulin acts at two control points**
- Insulin controls fat oxidation upstream by suppressing adipose lipolysis and downstream by limiting long-chain fatty-acid entry into mitochondria.
- In a clamp controlling insulin, growth hormone, and glucagon, less than 2 µU/mL of insulin reduced fat release by half in healthy people; fasting insulin is commonly 5-10 µU/mL, so adipose lipolysis is ""exquisitely sensitive to insulin."" [5]
- In another study using four increasing insulin infusion rates, the insulin concentration needed to halve fatty-acid release was roughly one-third of that needed to halve fat oxidation. Insulin suppresses fat supply at lower concentrations than mitochondrial fat oxidation. [6]

**Meals and exercise expose both control points**
- Six active men cycled for an hour after an overnight fast, glucose, or fructose. Fructose does not increase insulin; in these trials, pre-exercise insulin averaged about 8 µU/mL fasted, 17 after fructose, and 38 after glucose. After glucose, fatty-acid release was about half the fasted value and fat oxidation fell with it. [7]
- A fourth glucose trial restored circulating fatty acids with lipid infusion: fat oxidation rose about 30% above the glucose-only trial but remained below the fasted trial, separating reduced fatty-acid supply from inhibited mitochondrial entry. [7]
- Exercise makes fuel use easier to measure, but the same mechanisms matter at rest; several carbohydrate-containing meals can keep insulin elevated through much of the waking day.
- In six endurance-trained subjects cycling for 40 minutes, a large glucose drink reduced total fat oxidation by 34%; roughly half of the reduction came from circulating fatty acids and half from intramuscular triglyceride. Because intramuscular fat was already inside muscle, its reduced oxidation points again to mitochondrial-level inhibition. [8]

**Sustained carbohydrate restriction changes the fuel mix**
- Five trained cyclists ate a eucaloric diet with about two-thirds of calories from carbohydrate for one week, then a calorie- and protein-matched ketogenic diet below 20 g carbohydrate/day for four weeks. RQ fell from 0.83 to 0.72, glucose oxidation fell about threefold, and muscle glycogen use fell about fourfold, while VO2max and time to exhaustion were unchanged. [9]
- Twenty matched elite ultramarathon/Ironman-distance athletes included 10 high-carbohydrate and 10 low-carbohydrate athletes; the low-carbohydrate group averaged about 10% carbohydrate and 70% fat for about 20 months. Peak fat oxidation was more than twice as high with no overlap between groups, and fat supplied 88% versus 56% of energy over a three-hour run. [10]
- Resting muscle glycogen, glycogen used during the run, and glycogen restored afterward were the same between those athlete groups, so chronic low-carbohydrate intake did not leave their muscle glycogen depleted. [10]

**Insulin resistance and metabolic inflexibility**
- In insulin-resistant muscle, fuel selection goes wrong in both directions: between meals and overnight it keeps burning more carbohydrate when it should shift toward fat, while a rise in insulin produces a weaker shift toward carbohydrate. This is metabolic inflexibility. [11]
- The Randle cycle is a valid physiological principle but may not explain insulin resistance in skeletal muscle; in this model, simply eating more fat is not what creates insulin resistance. [11]
- In obese subjects studied with arterial-venous leg sampling, fasting leg RQ remained near 0.85, and muscle biopsies had lower carnitine-palmitoyltransferase activity and lower activity of fat-oxidizing enzymes. [12]
- Chronic high insulin creates opposite tissue problems: insulin-resistant adipose tissue keeps releasing fatty acids despite high insulin, while muscle remains responsive to insulin's block on mitochondrial fatty-acid entry. Fatty acids are delivered but not burned and can accumulate in muscle, liver, pancreas, and other ectopic sites.

**Fuel oxidation versus body-fat loss**
- Which fuel is being burned at a moment is not automatically the same question as how much body fat is ultimately lost.
- In 28 overweight or obese adults, two calorie-restricted diet periods compared a ketogenic diet below 10% carbohydrate with a low-fat diet near 60% carbohydrate, allowing within-person comparison. The low-carbohydrate period had higher self-recorded intake, about 1,900 versus 1,500 kcal/day, yet produced more weight, total-fat, and trunk-fat loss. [13]
- The food was not provided and intake was self-recorded, so there is potential error; having each person act as their own control is a strength of the comparison. [13]
- A meta-analysis of 13 trials lasting at least 12 months found greater weight loss with very-low-carbohydrate ketogenic diets than low-fat diets, but the difference was modest at about 1 kg. [14]

**Why calorie-restricted comparisons can wash out the insulin difference**
- Every low-carbohydrate versus low-fat trial in this comparison also cut calories in both groups. The higher-carbohydrate group therefore ate fewer carbohydrates than before the study and lowered insulin too, so these trials compare lowered insulin with more-lowered insulin, not unchanged high insulin with low insulin.
- A cleaner test is caloric overfeeding in both groups, because nobody then reduces carbohydrate simply by eating less and any difference can be attributed to diet composition.

**The overfeeding case and conclusion**
- The only study in nutrition science that tested this overfeeding design is Sam Feltham's n-of-1 case: 5,800 kcal/day for 21 days on each of three diets, with about three months between periods to return toward baseline—low-carbohydrate at about 6% carbohydrate, low-fat, and very-low-fat plant-based vegan. [15]
- Weight gain was a little over 1 kg on low carbohydrate, over 7 kg on low fat, and about 5 kg on the very-low-fat vegan diet. It is one case in one person, but it is the only study that tested the overfeeding question this way. [15]
- Across these human data, carbohydrate restriction increases fat oxidation, produces at least as much fat loss as fat restriction and usually more, requires less of a caloric deficit, and loses relatively more visceral/abdominal fat.
- Fuel selection is not decided simply by which fuel is more abundant in blood: clamp studies held fatty acids constant and fat oxidation still fell when glucose and especially insulin rose. Insulin controls both fat release from adipose tissue and long-chain fatty-acid entry into mitochondria.
- Carbohydrate is the main dietary driver of insulin, and insulin is the main controller of which fuel is burned. Lowering carbohydrate lowers the insulin signal at both control points and lets the body burn more fat: ""you burn what you eat.""

**References**
1. [01:37] The glucose fatty-acid cycle. Its role in insulin sensitivity and the metabolic disturbances of diabetes mellitus — https://doi.org/10.1016/S0140-6736(63)91500-9
2. [04:25] Interaction between glucose and free fatty acid metabolism in human skeletal muscle — https://doi.org/10.1172/JCI116603
3. [09:16] Glucose and insulin-induced inhibition of fatty acid oxidation: the glucose-fatty acid cycle reversed — https://doi.org/10.1152/ajpendo.1996.270.4.E733
4. [09:58] Glucose plus insulin regulate fat oxidation by controlling the rate of fatty acid entry into the mitochondria — https://doi.org/10.1172/JCI119034
5. [14:10] Insulin regulation of lipolysis in nondiabetic and IDDM subjects — https://doi.org/10.2337/diab.38.12.1595
6. [15:18] Regulation of free fatty acid metabolism by insulin in humans: role of lipolysis and reesterification — https://doi.org/10.1152/ajpendo.2006.263.6.E1063
7. [16:01] Lipolytic suppression following carbohydrate ingestion limits fat oxidation during exercise — https://doi.org/10.1152/ajpendo.1997.273.4.E768
8. [18:12] Fatty acid oxidation is directly regulated by carbohydrate metabolism during exercise — https://doi.org/10.1152/ajpendo.1997.273.2.E268
9. [19:28] The human metabolic response to chronic ketosis without caloric restriction: preservation of submaximal exercise capability with reduced carbohydrate oxidation — https://doi.org/10.1016/0026-0495(83)90106-3
10. [20:47] Metabolic characteristics of keto-adapted ultra-endurance runners — https://doi.org/10.1016/j.metabol.2015.10.028
11. [22:26] Fuel selection in human skeletal muscle in insulin resistance: a reexamination — https://doi.org/10.2337/diabetes.49.5.677
12. [23:28] Skeletal muscle fatty acid metabolism in association with insulin resistance, obesity, and weight loss — https://doi.org/10.1152/ajpendo.1999.277.6.E1130
13. [26:02] Comparison of energy-restricted very low-carbohydrate and low-fat diets on weight loss and body composition in overweight men and women — https://doi.org/10.1186/1743-7075-1-13
14. [27:16] Very-low-carbohydrate ketogenic diet v. low-fat diet for long-term weight loss: a meta-analysis of randomised controlled trials — https://doi.org/10.1017/S0007114513000548
15. [29:30] A case study of overfeeding 3 different diets — https://doi.org/10.1097/MED.0000000000000668
:::","Insulin one body’s important signals determining whether burn glucose fat insulin rises fat release fat burning fall lower insulin allows stored fat become available fuel helps explain reducing carbohydrates dramatically increase fat oxidation even without changing body’s basic ability burn fat spoiler generated summary Insulin glucose-fatty-acid cycle Fuel choice substrate available Carbohydrates raise blood glucose insulin insulin suppresses fat-cell lipolysis makes long-chain fatty-acid entry mitochondria harder higher insulin shifts oxidation toward glucose lower insulin releases stored fat oxidation glucose fatty-acid cycle began 1963 paper fat oxidation inhibits glucose oxidation pyruvate dehydrogenase intermediates back pathway glucose uptake falls original observations came isolated rat muscle heart 1 Human clamp studies hold insulin glucose chosen levels use lipid emulsion hold fatty acids constant isolating glucose-fat competition Human evidence fat oxidation suppresses glucose oxidation Healthy volunteers underwent two insulin clamps one kept fatty acids elevated lipid infusion let fall insulin normally makes fall 2 insulin fatty acids high leg glucose uptake fell one-third glucose supplied little half energy versus three-quarters fatty acids fell pyruvate dehydrogenase activity lower 2 Respiratory quotient RQ tracks fuel use CO2 produced relative O2 consumed carbohydrate near 1.0 fat near 0.7 whole-body respiratory exchange ratio analogous whole-body measurement High insulin plus high fatty acids artificial combination healthy person insulin normally suppresses fatty-acid release lipid infusion overrides normal hormonal effect reverse direction glucose insulin suppress fat oxidation people eat predominantly carbohydrate based nutrient database 70 calories globally come carbohydrate healthy volunteers hyperinsulinemic hyperglycemic clamp held fatty acids constant glucose oxidation rose threefold fat oxidation fell cellular glucose availability determined fuel oxidation even without fall fat availability 3 companion experiment infused tagged oleate long-chain fat requires carnitine shuttle octanoate medium-chain fat bypasses glucose-insulin clamp fatty acids held constant oleate oxidation fell almost half octanoate oxidation change 4 control long-chain fatty-acid transport mitochondria carnitine shuttle/CPT1 glucose insulin reduce long-chain fat oxidation circulating fatty acids remain available 4 ordinary carbohydrate-containing meal glucose insulin rise muscle adipose glucose uptake rises adipose fatty-acid release falls long-chain fatty-acid transport mitochondria inhibited cell therefore burns glucose follows insulin signal whether total calories deficit surplus Insulin acts two control points Insulin controls fat oxidation upstream suppressing adipose lipolysis downstream limiting long-chain fatty-acid entry mitochondria clamp controlling insulin growth hormone glucagon less 2 µU/mL insulin reduced fat release half healthy people fasting insulin commonly 5-10 µU/mL adipose lipolysis exquisitely sensitive insulin 5 another study using four increasing insulin infusion rates insulin concentration needed halve fatty-acid release roughly one-third needed halve fat oxidation Insulin suppresses fat supply lower concentrations mitochondrial fat oxidation 6 Meals exercise expose control points Six active men cycled hour overnight fast glucose fructose Fructose increase insulin trials pre-exercise insulin averaged 8 µU/mL fasted 17 fructose 38 glucose glucose fatty-acid release half fasted value fat oxidation fell 7 fourth glucose trial restored circulating fatty acids lipid infusion fat oxidation rose 30 glucose-only trial remained fasted trial separating reduced fatty-acid supply inhibited mitochondrial entry 7 Exercise makes fuel use easier measure mechanisms matter rest several carbohydrate-containing meals keep insulin elevated much waking day six endurance-trained subjects cycling 40 minutes large glucose drink reduced total fat oxidation 34 roughly half reduction came circulating fatty acids half intramuscular triglyceride intramuscular fat already inside muscle reduced oxidation points mitochondrial-level inhibition 8 Sustained carbohydrate restriction changes fuel mix Five trained cyclists ate eucaloric diet two-thirds calories carbohydrate one week calorie protein-matched ketogenic diet 20 g carbohydrate/day four weeks RQ fell 0.83 0.72 glucose oxidation fell threefold muscle glycogen use fell fourfold VO2max time exhaustion unchanged 9 Twenty matched elite ultramarathon/Ironman-distance athletes included 10 high-carbohydrate 10 low-carbohydrate athletes low-carbohydrate group averaged 10 carbohydrate 70 fat 20 months Peak fat oxidation twice high overlap groups fat supplied 88 versus 56 energy three-hour run 10 Resting muscle glycogen glycogen used run glycogen restored afterward athlete groups chronic low-carbohydrate intake leave muscle glycogen depleted 10 Insulin resistance metabolic inflexibility insulin-resistant muscle fuel selection goes wrong directions meals overnight keeps burning carbohydrate shift toward fat rise insulin produces weaker shift toward carbohydrate metabolic inflexibility 11 Randle cycle valid physiological principle may explain insulin resistance skeletal muscle model simply eating fat creates insulin resistance 11 obese subjects studied arterial-venous leg sampling fasting leg RQ remained near 0.85 muscle biopsies lower carnitine-palmitoyltransferase activity lower activity fat-oxidizing enzymes 12 Chronic high insulin creates opposite tissue problems insulin-resistant adipose tissue keeps releasing fatty acids despite high insulin muscle remains responsive insulin's block mitochondrial fatty-acid entry Fatty acids delivered burned accumulate muscle liver pancreas ectopic sites Fuel oxidation versus body-fat loss fuel burned moment automatically question much body fat ultimately lost 28 overweight obese adults two calorie-restricted diet periods compared ketogenic diet 10 carbohydrate low-fat diet near 60 carbohydrate allowing within-person comparison low-carbohydrate period higher self-recorded intake 1,900 versus 1,500 kcal/day yet produced weight total-fat trunk-fat loss 13 food provided intake self-recorded potential error person act control strength comparison 13 meta-analysis 13 trials lasting least 12 months found greater weight loss very-low-carbohydrate ketogenic diets low-fat diets difference modest 1 kg 14 calorie-restricted comparisons wash insulin difference Every low-carbohydrate versus low-fat trial comparison also cut calories groups higher-carbohydrate group therefore ate fewer carbohydrates study lowered insulin trials compare lowered insulin more-lowered insulin unchanged high insulin low insulin cleaner test caloric overfeeding groups nobody reduces carbohydrate simply eating less difference attributed diet composition overfeeding case conclusion study nutrition science tested overfeeding design Sam Feltham's n-of-1 case 5,800 kcal/day 21 days three diets three months periods return toward baseline—low-carbohydrate 6 carbohydrate low-fat very-low-fat plant-based vegan 15 Weight gain little 1 kg low carbohydrate 7 kg low fat 5 kg very-low-fat vegan diet one case one person study tested overfeeding question way 15 Across human data carbohydrate restriction increases fat oxidation produces least much fat loss fat restriction usually requires less caloric deficit loses relatively visceral/abdominal fat Fuel selection decided simply fuel abundant blood clamp studies held fatty acids constant fat oxidation still fell glucose especially insulin rose Insulin controls fat release adipose tissue long-chain fatty-acid entry mitochondria Carbohydrate main dietary driver insulin insulin main controller fuel burned Lowering carbohydrate lowers insulin signal control points lets body burn fat burn eat References 1 01:37 glucose fatty-acid cycle role insulin sensitivity metabolic disturbances diabetes mellitus — 2 04:25 Interaction glucose free fatty acid metabolism human skeletal muscle — 3 09:16 Glucose insulin-induced inhibition fatty acid oxidation glucose-fatty acid cycle reversed — 4 09:58 Glucose plus insulin regulate fat oxidation controlling rate fatty acid entry mitochondria — 5 14:10 Insulin regulation lipolysis nondiabetic IDDM subjects — 6 15:18 Regulation free fatty acid metabolism insulin humans role lipolysis reesterification — 7 16:01 Lipolytic suppression following carbohydrate ingestion limits fat oxidation exercise — 8 18:12 Fatty acid oxidation directly regulated carbohydrate metabolism exercise — 9 19:28 human metabolic response chronic ketosis without caloric restriction preservation submaximal exercise capability reduced carbohydrate oxidation — 10 20:47 Metabolic characteristics keto-adapted ultra-endurance runners — 11 22:26 Fuel selection human skeletal muscle insulin resistance reexamination — 12 23:28 Skeletal muscle fatty acid metabolism association insulin resistance obesity weight loss — 13 26:02 Comparison energy-restricted low-carbohydrate low-fat diets weight loss body composition overweight men women — 14 27:16 Very-low-carbohydrate ketogenic diet v low-fat diet long-term weight loss meta-analysis randomised controlled trials — 15 29:30 case study overfeeding 3 different diets —"
"![Indigenous leader Américo Pascuala killed in Ucayali, Peru, after confronting intruders extracting copaiba resin](https://ikona.telesurenglish.net/content/uploads/2026/08/americo-pascuala-768x617.jpg.webp)

#### Américo Pascuala was shot dead while monitoring his community’s territory in Ucayali, prompting Indigenous groups to demand an investigation.

---

**Indigenous leader Américo Pascuala** was shot dead in Peru’s Ucayali region after confronting intruders who were extracting copaiba resin from trees inside his community’s territory, Indigenous organizations said.

***RELATED: [Recent Peru Earthquake Reopens Debate Over Disaster Response Capabilities](https://www.telesurenglish.net/recent-peru-earthquake-reopens-debate-over-disaster-response-capabilities/)***

Pascuala, leader of the Onconashari Native Community in the Yurúa district, was carrying out monitoring and patrol duties when he encountered the intruders, according to the Regional Organization of Ucayali (ORAU), part of the Interethnic Association for the Development of the Peruvian Rainforest (Aidesep).

**He confronted the intruders and was shot dead**, ORAU said.

Indigenous organizations said Pascuala had previously reported the presence of people entering the community’s territory without authorization but received no support from authorities to address the situation.

> [Ver esta publicación en Instagram](https://www.instagram.com/p/Dcc57OkG07L/)
>
> [Una publicación compartida por teleSUR (@telesurtv)](https://www.instagram.com/p/Dcc57OkG07L/)

***Text Reads: ![📌](https://s.w.org/images/core/emoji/16.0.1/72x72/1f4cc.png) Indigenous leader Américo Pascuala, from the Onconashari Native Community, was shot and killed in the Ucayali region of Peru after catching intruders extracting copaiba resin on communal land. The leader was carrying out monitoring and surveillance duties when he confronted the invaders and was shot and killed. The Ucayali Regional Organization (ORAU) and the National Human Rights Coordinator (CNDDHH) condemned the crime.  
![🔴](https://s.w.org/images/core/emoji/16.0.1/72x72/1f534.png) The organizations stated that the victim had reported the presence of invaders without receiving support from the authorities, and that unauthorized entry into Onconashari lands has been reported for 26 years. The CNDDHH demanded an immediate investigation by the Public Prosecutor’s Office and the Police, with an intercultural approach.***

The National Coordinator for Human Rights (CNDDHH) condemned the killing, saying the circumstances were not unknown to the state. The organization said unauthorized incursions into Onconashari territory and threats against community members had been reported to the Ministry of Culture and the National Police for 26 years.

The CNDDHH called on prosecutors and police to launch an immediate and thorough investigation with an intercultural approach, determine those responsible for the killing and provide guarantees and protection for Indigenous people.

Copaiba trees produce a resin used for medicinal purposes, including as an anti-inflammatory, healing and antiseptic substance. The resin is also used in the cosmetics, hygiene and pharmaceutical industries.

Indigenous Amazonian organizations said at least 35 Indigenous leaders have been killed in Peru since 2020 for defending their territories against criminal groups and illicit extractive activities.

---

**From [teleSUR English](https://www.telesurenglish.net/feed/) via [This RSS Feed](https://www.telesurenglish.net/feed/).**",Indigenous leader Américo Pascuala killed Ucayali Peru confronting intruders extracting copaiba resin Américo Pascuala shot dead monitoring community’s territory Ucayali prompting Indigenous groups demand investigation Indigenous leader Américo Pascuala shot dead Peru’s Ucayali region confronting intruders extracting copaiba resin trees inside community’s territory Indigenous organizations said RELATED Recent Peru Earthquake Reopens Debate Disaster Response Capabilities Pascuala leader Onconashari Native Community Yurúa district carrying monitoring patrol duties encountered intruders according Regional Organization Ucayali ORAU part Interethnic Association Development Peruvian Rainforest Aidesep confronted intruders shot dead ORAU said Indigenous organizations said Pascuala previously reported presence people entering community’s territory without authorization received support authorities address situation Ver esta publicación en Instagram Una publicación compartida por teleSUR Text Reads 📌 Indigenous leader Américo Pascuala Onconashari Native Community shot killed Ucayali region Peru catching intruders extracting copaiba resin communal land leader carrying monitoring surveillance duties confronted invaders shot killed Ucayali Regional Organization ORAU National Human Rights Coordinator CNDDHH condemned crime 🔴 organizations stated victim reported presence invaders without receiving support authorities unauthorized entry Onconashari lands reported 26 years CNDDHH demanded immediate investigation Public Prosecutor’s Office Police intercultural approach National Coordinator Human Rights CNDDHH condemned killing saying circumstances unknown state organization said unauthorized incursions Onconashari territory threats community members reported Ministry Culture National Police 26 years CNDDHH called prosecutors police launch immediate thorough investigation intercultural approach determine responsible killing provide guarantees protection Indigenous people Copaiba trees produce resin used medicinal purposes including anti-inflammatory healing antiseptic substance resin also used cosmetics hygiene pharmaceutical industries Indigenous Amazonian organizations said least 35 Indigenous leaders killed Peru since 2020 defending territories criminal groups illicit extractive activities teleSUR English via RSS Feed
"cross-posted from:  https://mander.xyz/post/57223871

> - Economics professor says flexibility of gig work is a form of benefit
> - Think tank estimates number of gig workers to rise 14% on-year to 320 million this year
> - Gig workers account for about 44% of China's urban workforce, think tank says
> - China's ​cooling economy has made full-time employment harder to find
> 
> ...
> 
> The term ""flexible employment"" has gone viral ‌in China after a prominent economics professor described gig work as a form of ""welfare"", drawing widespread public anger and highlighting deep anxieties over job insecurity.
> 
> Zhang Dandan, a professor of economics and deputy dean at Peking University's National School of Development, made the remarks during a discussion on ​social protection for gig workers, on the popular financial show ""Let's Talk"" last week.
> 
> ...
> 
> She argued that from the perspective ​of labour economics, ""flexibility itself is a form of welfare.""
> 
> While regular employees trade schedule flexibility for ⁠pensions and other benefits, flexible workers enjoy greater control over their time at the cost of weaker social protections, Zhang ​said.
> 
> The comments triggered a fierce backlash over the weekend, with social media users accusing Zhang of being oblivious to the harsh ​realities of the gig economy.
> 
> ...
> 
> The controversy has struck a nerve for many in China, where a **cooling economy has made secure, full-time employment harder to find**.
> 
> The China New Employment Forms Research Center, a think tank,
> estimates the ​number of flexible workers — those without permanent full-time contracts — will rise to 320 million this year from 280 million in ​2025.
> That represents about 44% of China's urban workforce and is roughly equivalent to the entire population of the United States.
> 
> ...
> 
> **'RUBBING SALT INTO WOUNDS'**
> 
> The ‌rise of ⁠gig jobs in China, where **employers are not mandated to make social insurance contributions**, heightens long-term risks for China's already strained welfare and pension systems, some industry experts have warned.
> Prominent nationalist commentator Hu Xijin, a former editor at the state-backed Global Times newspaper, called Zhang's remarks ""shocking"" and ""unacceptable.""
> 
> ""She has paid the price for her reputation for speaking this way, and the responsibility lies ​with her,"" Hu wrote on ​his Weibo account, adding that ⁠she should ""respond to public opinion, explain where necessary, and apologize where appropriate.""
> 
> Despite the backlash, some social media users pointed out Zhang's academic career had focused largely on documenting the struggles ​of gig workers and advocating for their social security.
> 
> Zhang noted last year that on-demand workers ​made up about ⁠31% of the workforce in China's manufacturing sector.
> 
> ...
> 
> During peak seasons, that proportion can rise to as high as 80% for large manufacturers with more than 10,000 workers, she said.
> Nevertheless, Zhang's framing of ""flexibility"" as a benefit was seen as insensitive.
> 
> ""Such comments from experts are ⁠no less ​than rubbing salt into the wounds of those without job security,"" one ​Weibo user wrote.
> 
> Another user pointed out the relentless pressure faced by delivery drivers and couriers: ""Every day, they are **racing against the platform's algorithm at all ​costs, without rest**... [flexible work] is precisely the most unavoidable of choices, not a preference.""
> 
> ...
> 
> [Web Archive link](https://web.archive.org/web/20260825065351/https://www.thestar.com.my/aseanplus/aseanplus-news/2026/08/24/china039s-netizens-rage-against-professor-who-said-gig-work-was-a-type-of-039welfare039)","cross-posted Economics professor says flexibility gig work form benefit Think tank estimates number gig workers rise 14 on-year 320 million year Gig workers account 44 China's urban workforce think tank says China's ​cooling economy made full-time employment harder find term flexible employment gone viral ‌in China prominent economics professor described gig work form welfare drawing widespread public anger highlighting deep anxieties job insecurity Zhang Dandan professor economics deputy dean Peking University's National School Development made remarks discussion ​social protection gig workers popular financial show Let's Talk last week argued perspective ​of labour economics flexibility form welfare regular employees trade schedule flexibility ⁠pensions benefits flexible workers enjoy greater control time cost weaker social protections Zhang ​said comments triggered fierce backlash weekend social media users accusing Zhang oblivious harsh ​realities gig economy controversy struck nerve many China cooling economy made secure full-time employment harder find China New Employment Forms Research Center think tank estimates ​number flexible workers — without permanent full-time contracts — rise 320 million year 280 million ​2025 represents 44 China's urban workforce roughly equivalent entire population United States RUBBING SALT WOUNDS ‌rise ⁠gig jobs China employers mandated make social insurance contributions heightens long-term risks China's already strained welfare pension systems industry experts warned Prominent nationalist commentator Hu Xijin former editor state-backed Global Times newspaper called Zhang's remarks shocking unacceptable paid price reputation speaking way responsibility lies ​with Hu wrote ​his Weibo account adding ⁠she respond public opinion explain necessary apologize appropriate Despite backlash social media users pointed Zhang's academic career focused largely documenting struggles ​of gig workers advocating social security Zhang noted last year on-demand workers ​made ⁠31 workforce China's manufacturing sector peak seasons proportion rise high 80 large manufacturers 10,000 workers said Nevertheless Zhang's framing flexibility benefit seen insensitive comments experts ⁠no less ​than rubbing salt wounds without job security one ​Weibo user wrote Another user pointed relentless pressure faced delivery drivers couriers Every day racing platform's algorithm ​costs without rest flexible work precisely unavoidable choices preference Web Archive link"
"cross-posted from:  https://mander.xyz/post/57223871

> - Economics professor says flexibility of gig work is a form of benefit
> - Think tank estimates number of gig workers to rise 14% on-year to 320 million this year
> - Gig workers account for about 44% of China's urban workforce, think tank says
> - China's ​cooling economy has made full-time employment harder to find
> 
> ...
> 
> The term ""flexible employment"" has gone viral ‌in China after a prominent economics professor described gig work as a form of ""welfare"", drawing widespread public anger and highlighting deep anxieties over job insecurity.
> 
> Zhang Dandan, a professor of economics and deputy dean at Peking University's National School of Development, made the remarks during a discussion on ​social protection for gig workers, on the popular financial show ""Let's Talk"" last week.
> 
> ...
> 
> She argued that from the perspective ​of labour economics, ""flexibility itself is a form of welfare.""
> 
> While regular employees trade schedule flexibility for ⁠pensions and other benefits, flexible workers enjoy greater control over their time at the cost of weaker social protections, Zhang ​said.
> 
> The comments triggered a fierce backlash over the weekend, with social media users accusing Zhang of being oblivious to the harsh ​realities of the gig economy.
> 
> ...
> 
> The controversy has struck a nerve for many in China, where a **cooling economy has made secure, full-time employment harder to find**.
> 
> The China New Employment Forms Research Center, a think tank,
> estimates the ​number of flexible workers — those without permanent full-time contracts — will rise to 320 million this year from 280 million in ​2025.
> That represents about 44% of China's urban workforce and is roughly equivalent to the entire population of the United States.
> 
> ...
> 
> **'RUBBING SALT INTO WOUNDS'**
> 
> The ‌rise of ⁠gig jobs in China, where **employers are not mandated to make social insurance contributions**, heightens long-term risks for China's already strained welfare and pension systems, some industry experts have warned.
> Prominent nationalist commentator Hu Xijin, a former editor at the state-backed Global Times newspaper, called Zhang's remarks ""shocking"" and ""unacceptable.""
> 
> ""She has paid the price for her reputation for speaking this way, and the responsibility lies ​with her,"" Hu wrote on ​his Weibo account, adding that ⁠she should ""respond to public opinion, explain where necessary, and apologize where appropriate.""
> 
> Despite the backlash, some social media users pointed out Zhang's academic career had focused largely on documenting the struggles ​of gig workers and advocating for their social security.
> 
> Zhang noted last year that on-demand workers ​made up about ⁠31% of the workforce in China's manufacturing sector.
> 
> ...
> 
> During peak seasons, that proportion can rise to as high as 80% for large manufacturers with more than 10,000 workers, she said.
> Nevertheless, Zhang's framing of ""flexibility"" as a benefit was seen as insensitive.
> 
> ""Such comments from experts are ⁠no less ​than rubbing salt into the wounds of those without job security,"" one ​Weibo user wrote.
> 
> Another user pointed out the relentless pressure faced by delivery drivers and couriers: ""Every day, they are **racing against the platform's algorithm at all ​costs, without rest**... [flexible work] is precisely the most unavoidable of choices, not a preference.""
> 
> ...
> 
> [Web Archive link](https://web.archive.org/web/20260825065351/https://www.thestar.com.my/aseanplus/aseanplus-news/2026/08/24/china039s-netizens-rage-against-professor-who-said-gig-work-was-a-type-of-039welfare039)","cross-posted Economics professor says flexibility gig work form benefit Think tank estimates number gig workers rise 14 on-year 320 million year Gig workers account 44 China's urban workforce think tank says China's ​cooling economy made full-time employment harder find term flexible employment gone viral ‌in China prominent economics professor described gig work form welfare drawing widespread public anger highlighting deep anxieties job insecurity Zhang Dandan professor economics deputy dean Peking University's National School Development made remarks discussion ​social protection gig workers popular financial show Let's Talk last week argued perspective ​of labour economics flexibility form welfare regular employees trade schedule flexibility ⁠pensions benefits flexible workers enjoy greater control time cost weaker social protections Zhang ​said comments triggered fierce backlash weekend social media users accusing Zhang oblivious harsh ​realities gig economy controversy struck nerve many China cooling economy made secure full-time employment harder find China New Employment Forms Research Center think tank estimates ​number flexible workers — without permanent full-time contracts — rise 320 million year 280 million ​2025 represents 44 China's urban workforce roughly equivalent entire population United States RUBBING SALT WOUNDS ‌rise ⁠gig jobs China employers mandated make social insurance contributions heightens long-term risks China's already strained welfare pension systems industry experts warned Prominent nationalist commentator Hu Xijin former editor state-backed Global Times newspaper called Zhang's remarks shocking unacceptable paid price reputation speaking way responsibility lies ​with Hu wrote ​his Weibo account adding ⁠she respond public opinion explain necessary apologize appropriate Despite backlash social media users pointed Zhang's academic career focused largely documenting struggles ​of gig workers advocating social security Zhang noted last year on-demand workers ​made ⁠31 workforce China's manufacturing sector peak seasons proportion rise high 80 large manufacturers 10,000 workers said Nevertheless Zhang's framing flexibility benefit seen insensitive comments experts ⁠no less ​than rubbing salt wounds without job security one ​Weibo user wrote Another user pointed relentless pressure faced delivery drivers couriers Every day racing platform's algorithm ​costs without rest flexible work precisely unavoidable choices preference Web Archive link"
"NO AI - ""Omarchy Quattro | The Year of the Linux Desktop?"" 👀👏🌻

All hail the Van Panther

AI was not used in the production of this content. \*This may not apply to thumbnail images.

Click on, ""Show More"" or ""Read More"" to get the links.

DESCRIPTION of the content found at the links, below - ""Omarchy is in the news for creating a new foundation with the help of several CEOs. Will this change the direction of Linux or just result in a lot of spent money?""

==========

NOTE - This post is best viewed on a PC. Switched To Linux is, “written by a broad spectrum computer consultant to help people learn more about the Linux platform.” This account is a supporter of Switched To Linux and provides convenience posts of thumbnails art, videos and streams.

#SwitchedToLinux #Linux #Windows #Mac #Technology #Tech #AltTech #Privacy #Private #Security #Secure #FOSS #FreeAndOpenSource #FreeAndOpenSourceSoftware #FreeOpenSourceSoftware #YouTube #Odysee #Rumble #BitChute #Locals #Patreon #Twitch #AltTech #FactCheckTrue #Fediverse #SocialMedia #stoptheslop #omarchy #linux #wayland

==========

After viewing the content located at the below links, Tell us what you think by filling out a ""SATISFACTION SURVEY or ABUSE/SPAM REPORT"" form from Teh AnKorage

https://cryptpad.disroot.org/form/#/2/form/view/elsOVQUrXAmGuer4kd75JhA3mNELuCj8cTjEUynrZZo/

\*Videos and podcasts may take a considerable amount of time to post. If it is not present, it will be, soon(tm).

MATRIX! Join our Matrix community where you can chat about Linux and general tech topics. Also, direct video links are provided for our Matrix community members! Don't miss out!  
https://matrix.to/#/#switchedtolinux:matrix.org

#YouTube - https://www.youtube.com/@SwitchedtoLinux/videos

#Odysee - https://odysee.com/@switchedtolinux:0?view=content

#Rumble - https://rumble.com/c/SwitchedToLinux/videos

#Bitchute - https://www.bitchute.com/channel/uf9hzD216LX0

==========

Keep an eye out for a possible podcast!

PODCAST: https://podcast.switchedtolinux.com/",AI Omarchy Quattro Year Linux Desktop 👀👏🌻 hail Van Panther AI used production content may apply thumbnail images Click Show Read get links DESCRIPTION content found links Omarchy news creating new foundation help several CEOs change direction Linux result lot spent money NOTE post best viewed PC Switched Linux “written broad spectrum computer consultant help people learn Linux platform.” account supporter Switched Linux provides convenience posts thumbnails art videos streams viewing content located links Tell us think filling SATISFACTION SURVEY ABUSE/SPAM REPORT form Teh AnKorage Videos podcasts may take considerable amount time post present soon(tm MATRIX Join Matrix community chat Linux general tech topics Also direct video links provided Matrix community members miss Keep eye possible podcast PODCAST
"## Battle of Blair Mountain (1921)

### Thu Aug 25, 1921
![Image](https://stahmaxffcqankienulh.supabase.co/storage/v1/object/public/event-photos/Events/battleOfBlairMountain.jpg)

Image: *Three miners with a federal soldier prepare to surrender their weapons*

---
On this day in 1921, the first skirmishes of the Battle of Blair Mountain took place. Involving more than 10,000 armed workers battling with state and strikebreaking forces, it was the largest post-Civil War uprising and the largest labor uprising in U.S. history.

The conflict occurred in Logan County, West Virginia as part of the ""Coal Wars"", a series of early 20th-century labor disputes in Appalachia.

For five days, from late August to early September 1921, some 10,000 armed coal miners confronted 3,000 lawmen and strikebreakers who were backed by coal mine operators during the miners' attempt to unionize the southwestern West Virginia coalfields.

Sometimes the Battle's anniversary is marked as August 31st, when the miners' army clashed with armed forces marshaled by the county sheriff, coal companies, and state police in Logan County.

The battle ended on September 4th after approximately one million rounds had been fired, aerial bombardment of the miners, and the U.S. Army's intervention, acting on orders from President Harding.

Up to 100 people were killed throughout the uprising. 985 miners were indicted for murder, conspiracy to commit murder, accessory to murder, and treason against the state of West Virginia. Though some were acquitted by sympathetic juries, others were imprisoned for several years.

According to the Cultural Landscape Foundation, there has never been a complete archaeological survey of the battlefield. The West Virginia Mine Wars Museum is raising funds to sponsor a LiDAR (Light Detection and Ranging) scan of the Nomination Area in order to identify the major zones of historical significance and promote the site's value as a historical park.

---
- Date: 1921-08-25
- Learn More: [en.wikipedia.org](https://en.wikipedia.org/wiki/Battle_of_Blair_Mountain), [tclf.org](https://tclf.org/battle-blair-mountain-still-being-waged), [socialistrevolution.org](https://socialistrevolution.org/battle-of-blair-mountain/), [revolutionaryleftradio.libsyn.com](https://revolutionaryleftradio.libsyn.com/blair-mt).
- Tags: [#Labor](/search?q=%23Labor&type=Posts&listingType=All&page=1&sort=New).
- Source: [www.apeoplescalendar.org](https://www.apeoplescalendar.org/calendar/events/battle-of-blair-mountain-1921)","Battle Blair Mountain 1921 Thu Aug 25 1921 Image Image Three miners federal soldier prepare surrender weapons day 1921 first skirmishes Battle Blair Mountain took place Involving 10,000 armed workers battling state strikebreaking forces largest post-Civil War uprising largest labor uprising U.S history conflict occurred Logan County West Virginia part Coal Wars series early 20th-century labor disputes Appalachia five days late August early September 1921 10,000 armed coal miners confronted 3,000 lawmen strikebreakers backed coal mine operators miners attempt unionize southwestern West Virginia coalfields Sometimes Battle's anniversary marked August 31st miners army clashed armed forces marshaled county sheriff coal companies state police Logan County battle ended September 4th approximately one million rounds fired aerial bombardment miners U.S Army's intervention acting orders President Harding 100 people killed throughout uprising 985 miners indicted murder conspiracy commit murder accessory murder treason state West Virginia Though acquitted sympathetic juries others imprisoned several years According Cultural Landscape Foundation never complete archaeological survey battlefield West Virginia Mine Wars Museum raising funds sponsor LiDAR Light Detection Ranging scan Nomination Area order identify major zones historical significance promote site's value historical park Date 1921-08-25 Learn en.wikipedia.org tclf.org socialistrevolution.org revolutionaryleftradio.libsyn.com Tags search?q=%23Labor&type=Posts&listingType=All&page=1&sort=New Source www.apeoplescalendar.org"
"Keiko Sofía Fujimori Higuchi from the Popular Force Party was sworn in as the new president of Peru on July 28. Fujimori, who has pledged to tackle insecurity using greater force and militarization, narrowly defeated her left-wing opponent Roberto Sánchez by fewer than 50,000 votes on June 7. The new president has promised to expand fossil fuel production and mining across the country, raising concerns among environmentalists and Indigenous leaders about the future of the Peruvian Amazon, as well as its international commitments to reduce greenhouse gas emissions through its Nationally Determined Contributions (NDCs) — a national climate action plan under the Paris Agreement. The country submitted its first NDC in 2016, which was then updated in 2020 and 2025. In its plan, it has committed to diversify renewable energy sources, strengthen sustainable transportation, reduce deforestation, protect natural areas and support Indigenous and local communities, among other mitigation priorities. Experts, environmentalists and Indigenous leaders expressed concerns about the government’s plans, particularly Fujimori’s promise to expand the exploration and exploitation of energy resources, such as the promotion of new lots in the Amazon and the northern coast. Peru’s President Keiko Fujimori, center, poses for a group photo with members of her cabinet at the government palace in Lima, Peru, Tuesday, July 28, 2026. (AP Photo/Guadalupe Pardo) “The current government is a bit pragmatic in its decisions because they are really driven by wanting development without considering the consequences for the Amazonian peoples,” Matsés Indigenous leader Leo Chuma Teca Beso told Mongabay…This article was originally published on [Mongabay](https://news.mongabay.com/2026/08/plans-of-perus-new-administration-spur-concern-among-environmentalists/)

---

**From [Conservation news](https://news.mongabay.com/feed/) via [This RSS Feed](https://news.mongabay.com/feed/).**","Keiko Sofía Fujimori Higuchi Popular Force Party sworn new president Peru July 28 Fujimori pledged tackle insecurity using greater force militarization narrowly defeated left-wing opponent Roberto Sánchez fewer 50,000 votes June 7 new president promised expand fossil fuel production mining across country raising concerns among environmentalists Indigenous leaders future Peruvian Amazon well international commitments reduce greenhouse gas emissions Nationally Determined Contributions NDCs — national climate action plan Paris Agreement country submitted first NDC 2016 updated 2020 2025 plan committed diversify renewable energy sources strengthen sustainable transportation reduce deforestation protect natural areas support Indigenous local communities among mitigation priorities Experts environmentalists Indigenous leaders expressed concerns government’s plans particularly Fujimori’s promise expand exploration exploitation energy resources promotion new lots Amazon northern coast Peru’s President Keiko Fujimori center poses group photo members cabinet government palace Lima Peru Tuesday July 28 2026 AP Photo/Guadalupe Pardo “The current government bit pragmatic decisions really driven wanting development without considering consequences Amazonian peoples,” Matsés Indigenous leader Leo Chuma Teca Beso told Mongabay…This article originally published Mongabay Conservation news via RSS Feed"
"The United States has never been one of the most ambitious countries when it comes to tackling climate change, but it has long maintained a program that funds innovative clean energy technology. This program is known as the Advanced Research Projects Agency–Energy, or ARPA-E, and over the past 15 years it has doled out more than $4 billion to universities and startups that are trying to change the way we produce energy.

It’s very hard to raise money for this kind of moonshot technology, which can take years or even decades to scale up large enough to generate a profit. A huge number of emergent technologies never attract the funding to cross this “valley of death” between experiment and big business. The purpose of the Department of Energy’s ARPA-E, which was modeled on a [similar program](https://www.usa.gov/agencies/defense-advanced-research-projects-agency) run by the U.S. military, was to help energy inventors span this gap and develop the climate technologies of the future.

A [landmark report](https://www.nationalacademies.org/news/arpa-e-plays-unique-and-valuable-role-in-energy-innovation-and-should-be-reliably-funded-says-new-report) from the National Academies of Science, requested by Congress and released last week, has found that this high-risk, high-reward program is working: ARPA-E’s $4 billion investment has led to more than $20 billion in additional funding and more than 1,400 patents. Projects that received ARPA-E money were much more likely to get patents and additional investment than projects that were denied. The report also found that around 40 percent of ARPA-E grants led to a “crowding in” effect: After a startup proves that a new technology is feasible, other companies jump in and try to replicate it.

“We’re trying to enable very talented people who could be doing other things to spend their lives trying to do incredibly risky things that, probabilistically speaking, will not deliver a profit in time to benefit them,” said Chris Bataille, a fellow at the Columbia University Center on Global Energy Policy and an expert on the development of clean energy technology who was not involved in the report.

The report committee, which consisted of more than a dozen scientists and energy experts, recommended that Congress significantly expand ARPA-E’s funding. It also found that the program should shift its focus from renewables and electric vehicles toward a harder set of energy problems — a shift for which the Trump administration has signaled its partial support.

ARPA-E began in 2009, and many of its early grants focused on [improving solar panels](https://arpa-e.energy.gov/programs-and-initiatives/search-all-projects/cost-effective-silicon-wafers-solar-cells) and lithium-ion batteries, which weren’t yet ready to compete with traditional energy sources on a large scale. (A different Department of Energy program offered early support to Tesla.) The technologies have since gotten hundreds of times cheaper thanks to China’s massive investment in manufacturing overcapacity. Among the report’s most notable findings is that ARPA-E doesn’t need to focus on this renewable tech anymore. This finding echoes some climate experts’ claim that [solar no longer needs tax subsidies](https://www.washingtonpost.com/opinions/2026/07/28/how-green-energy-will-survive-trump-fight-climate-change/) like those in the Inflation Reduction Act passed during Joe Biden’s presidency.

But solar and wind only work when the sun is shining and the wind is blowing, and most of the country’s grid still relies on coal and gas plants that can run at all hours of the day. This is especially true for factories and data centers, which need large and constant infusions of electricity in order to stay online. It’s here that ARPA-E’s investments are really starting to bear fruit.

Many of the program’s more recent grantees have been companies trying to solve the problem of “clean firm” power available around the clock. The most notable is [Fervo](https://youtu.be/SkLOIpSq3Tw), a company that uses super-deep wells to convert the ambient geothermal heat of the Earth into electricity. The company received ARPA-E support [as early as 2019](https://clearpath.org/our-take/from-energy-act-to-ipo-federal-energy-rd-programs-deliver-results/) and went public this year on the heels of a few successful demonstration projects. It’s now inking deals with Google to power data centers in Nevada. Other success stories include [Form Energy](https://www.facebook.com/grist.org/videos/this-iron-and-water-battery-could-power-a-more-renewable-grid/929977377891496/), which develops iron-air batteries that can store large amounts of clean energy for multiple days at a time, and [X-energy](https://arpa-e.energy.gov/programs-and-initiatives/search-all-projects/advanced-operation-maintenance-techniques-implemented-xe-100-plant-digital-twin-reduce-fixed-om-cost), which builds small-scale nuclear reactors.

Read Next

[![A neon-vested technician walks among solar panels in China](https://grist.org/wp-content/uploads/2026/07/GettyImages-1475891443-1.jpg)](https://grist.org/energy/chinas-solar-industry-is-losing-money-the-country-is-doubling-down-anyway/)

[China’s solar industry is losing money. The country is doubling down anyway.](https://grist.org/energy/chinas-solar-industry-is-losing-money-the-country-is-doubling-down-anyway/)

[Austin Corona](https://grist.org/author/austin-corona/)

Given this success, the report authors argue that ARPA-E should now shift its investment to the hardest climate problems, the ones where solutions could still be decades away. Potential opportunity areas include nuclear fusion, which in theory would provide almost limitless clean energy if it ever panned out. There’s also “seasonal energy storage,” or batteries that could store solar and wind energy for long winter months when those resources aren’t as available in a given location. Perhaps most significant for the climate would be carbon-free methods for producing steel and cement, which each account for around 8 percent of global emissions.

“You need this sort of constant innovation to move us off the fossil fuel pathway, right? Because we’re very firmly entrenched on it,” said Bataille. “We’re talking about projects that will likely be profitable, but they’re just not valued unless the government values them. There’s probably one-one-hundredth of the necessary money going into those.”

President Donald Trump tried to defund ARPA-E in his first term by [withholding funds](https://democrats-science.house.gov/news/press-releases/gao-finds-trump-administration-illegally-withheld-arpa-e-funds-in-response-to-a-request-from-ranking-member-eddie-bernice-johnson?1) appropriated by Congress. So far, during his second term, the administration has attempted to wipe billions of dollars in Biden-era climate grants. Trump’s budget request to Congress this year called for shrinking ARPA-E by [almost 50 percent](https://www.energy.gov/documents/doe-fy-2027-budget-brief), but the Department of Energy is still handing out new grants for experimental tech like long-duration energy storage, fusion reactors, and mining for [critical minerals](https://grist.org/video/seawater-seaweed-mining-critical-mineral-solution-science/) like lithium.

In a statement to Grist, the department said that ARPA-E is “advancing President Trump’s agenda to restore American energy dominance” by “backing breakthrough, high-risk technologies.” The proposed funding cut, on the other hand, “demonstrates fiscal discipline and a commitment to an efficient and effective federal government.”

Even though Trump hasn’t destroyed the program itself, his policies have hindered the growth of the clean tech field that ARPA-E helped to advance. A case in point is Natron Energy, a company that received ARPA-E grant funding to develop experimental sodium-ion batteries. The company announced in 2024 that it would build a $1.4 billion plant in Rocky Mount, North Carolina, but Trump’s reelection dampened private sector interest in electric vehicles, and the company failed to secure investors for its factory. The company [shut down](https://www.manufacturingdive.com/news/sodium-ion-battery-natron-energy-shutters-halts-NC-factory-plans/759479/) last year.

This story was originally published by [Grist](https://grist.org/) with the headline [US companies are on the cusp of big climate solutions. Thank the government.](https://grist.org/energy/department-of-energy-arpa-e-climate-technology/) on Aug 25, 2026.

---

**From [Grist](https://grist.org/feed) via [This RSS Feed](https://grist.org/feed).**","United States never one ambitious countries comes tackling climate change long maintained program funds innovative clean energy technology program known Advanced Research Projects Agency–Energy ARPA-E past 15 years doled 4 billion universities startups trying change way produce energy It’s hard raise money kind moonshot technology take years even decades scale large enough generate profit huge number emergent technologies never attract funding cross “valley death” experiment big business purpose Department Energy’s ARPA-E modeled similar program run U.S military help energy inventors span gap develop climate technologies future landmark report National Academies Science requested Congress released last week found high-risk high-reward program working ARPA-E’s 4 billion investment led 20 billion additional funding 1,400 patents Projects received ARPA-E money much likely get patents additional investment projects denied report also found around 40 percent ARPA-E grants led “crowding in” effect startup proves new technology feasible companies jump try replicate “We’re trying enable talented people could things spend lives trying incredibly risky things probabilistically speaking deliver profit time benefit them,” said Chris Bataille fellow Columbia University Center Global Energy Policy expert development clean energy technology involved report report committee consisted dozen scientists energy experts recommended Congress significantly expand ARPA-E’s funding also found program shift focus renewables electric vehicles toward harder set energy problems — shift Trump administration signaled partial support ARPA-E began 2009 many early grants focused improving solar panels lithium-ion batteries weren’t yet ready compete traditional energy sources large scale different Department Energy program offered early support Tesla technologies since gotten hundreds times cheaper thanks China’s massive investment manufacturing overcapacity Among report’s notable findings ARPA-E doesn’t need focus renewable tech anymore finding echoes climate experts’ claim solar longer needs tax subsidies like Inflation Reduction Act passed Joe Biden’s presidency solar wind work sun shining wind blowing country’s grid still relies coal gas plants run hours day especially true factories data centers need large constant infusions electricity order stay online It’s ARPA-E’s investments really starting bear fruit Many program’s recent grantees companies trying solve problem “clean firm” power available around clock notable Fervo company uses super-deep wells convert ambient geothermal heat Earth electricity company received ARPA-E support early 2019 went public year heels successful demonstration projects It’s inking deals Google power data centers Nevada success stories include Form Energy develops iron-air batteries store large amounts clean energy multiple days time X-energy builds small-scale nuclear reactors Read Next neon-vested technician walks among solar panels China China’s solar industry losing money country doubling anyway Austin Corona Given success report authors argue ARPA-E shift investment hardest climate problems ones solutions could still decades away Potential opportunity areas include nuclear fusion theory would provide almost limitless clean energy ever panned There’s also “seasonal energy storage,” batteries could store solar wind energy long winter months resources aren’t available given location Perhaps significant climate would carbon-free methods producing steel cement account around 8 percent global emissions “You need sort constant innovation move us fossil fuel pathway right we’re firmly entrenched it,” said Bataille “We’re talking projects likely profitable they’re valued unless government values There’s probably one-one-hundredth necessary money going those.” President Donald Trump tried defund ARPA-E first term withholding funds appropriated Congress far second term administration attempted wipe billions dollars Biden-era climate grants Trump’s budget request Congress year called shrinking ARPA-E almost 50 percent Department Energy still handing new grants experimental tech like long-duration energy storage fusion reactors mining critical minerals like lithium statement Grist department said ARPA-E “advancing President Trump’s agenda restore American energy dominance” “backing breakthrough high-risk technologies.” proposed funding cut hand “demonstrates fiscal discipline commitment efficient effective federal government.” Even though Trump hasn’t destroyed program policies hindered growth clean tech field ARPA-E helped advance case point Natron Energy company received ARPA-E grant funding develop experimental sodium-ion batteries company announced 2024 would build 1.4 billion plant Rocky Mount North Carolina Trump’s reelection dampened private sector interest electric vehicles company failed secure investors factory company shut last year story originally published Grist headline US companies cusp big climate solutions Thank government Aug 25 2026 Grist via RSS Feed"
"(post replicated below for convenience)

# Kick-Ass Women from History #8: Bartolina Sisa

![portrait of Bartolina Sisa](https://lazysoci.al/api/v3/image_proxy?url=https%3A%2F%2Fi.imgur.com%2FFtXO9h0.png)

# Kick-Ass Women from History #8: Bartolina Sisa

Allow me to introduce to you, [via song](https://www.youtube.com/watch?v=POwK89M7PH8), the only woman from the Americas I know who can rival Lozen for sheer badassery.  The song doesn't actually have anything to do with her, but it does get the vibe right.  Sit down, strap in, and get ready to hear about one of the most amazing women to have ever walked our planet: [Bartolina Sisa](https://en.wikipedia.org/wiki/Bartolina_Sisa)

## Background

Bartolina was born sometime around 1750 in Q'ara Qhatu in what is now Bolivia, but then part of the Viceroyalty of Peru, to a family of indigenous traders trading coca leaves and textiles.  Her family travelled far and wide across the Andean region, exposing her to the injustices and violence faced by indigenous peoples under Spanish rule from an early age.  These experiences shaped her awareness of the oppression endured by her community and fueled determination to resist colonial authority.

She married Julián Apaza, better known today as Túpac Katari, a prominent indigenous leader.  Together they had four children and, because of her intelligent, resourceful, and strong character (traits that would later define her leadership), they formed a powerful partnership in both family and political life.

## Worldview

Bartolina's spiritual beliefs were an important part of what made her so effective in leadership and rebellion.  They were deeply rooted in Aymara and Andean traditions, a set of syncretic beliefs that blended Catholicism with traditional beliefs that at their core revered natural forces, *Achachilas* (ancestral spirits), and the cyclic concept of *pachakuti* (tranformation and renewal) that intrinsically connected people to their territory, customs and traditions.

As a result of this, Bartolina's struggle was **not** merely a political disagreement with rulers, but rather a struggle for restoration of indigenous identity, dignity, as well as land and resource rights.  Her movement also embodied the principle of *chacha-warmi* (complementarity of men and women) in which she insisted upon gender equity and on the vital role of women in leadership and resistance.

## Uprising

In the late 18th century, at age 25(!), Bartolina became a key leader in the largest ever indigenous uprising, consisting mostly of Aymara and Quechua, against Spanish colonial rule in the Andes, alongside her husband Túpac.  She began organizing indigenous militias and gathering an army that at its height reached 150 thousand.  This army launched the Siege of La Paz on the 13th of March, 1781 with 20 thousand troops, later joined by 80 thousand more.  Bartolina herself commanded an army of 40 thousand, organising military camps around all the mountain passes that led to the city and acting as the main commander of indigenous forces.  In this role she displayed exceptional logistical and strategic skill, impressing on the Spanish how critical a figure she was to the rebellion, as a Spanish military force attempted, in May, to dissolve the siege and capture Bartolina but failed to do so.

## Leadership

Túpac and Bartolina set up court in El Alto and maintained the siege for 184 days.  During this period, Bartolina was proclaimed “Queen of the Inca”, an affectionate title, and ruled alongside her husband Túpac, with Bartolina taking total command after her husband was captured in April.  Her leadership extended beyond the battlefield: she coordinated logistics, organized women’s participation, and inspired unity among diverse indigenous groups.

## Execution

After over six months of siege, the uprising was finally broken by Spanish reinforcements from Lima, La Plata, and Buenos Aires, aided by other indigenous communities that opposed the Aymara and Quechua peoples.

Bartolina Sisa was captured, tortured, and executed by the Spanish on September 5th, 1782.  Her death was intended as a warning to others.  She was publicly humiliated (and I doubt I need to explain what that is code for), hanged, her body dismembered and then displayed to terrorize the indigenous population with Spanish brutality.

Despite this, however, her legacy endured.

## Legacy

Bartolina is celebrated to this day as a symbol of indigenous resistance and the struggle for justice, equality, and self-determination.  Even though her siege was ultimately broken by the Spanish, the uprising represented a significant indigenous challenge to colonial power in the Andes, demonstrating the organizational capacity, the unity, and the determination of indigenous peoples inspiring future generations of resistance.

Since 1983, the International Day of Indigenous Women has been commemorated on the anniversary of her death, honoring her sacrifice and leadership.  Many indigenous organizations in Bolivia, such as the Bartolina Sisa Confederation, bear her name and continue her fight for the rights of indigenous peoples and women.

Her vision of identity, land, and gender equity continues to inspire contemporary movements for indigenous rights and social justice throughout Latin America.  So despite her loss and subsequent horrible execution at the hands of the Spanish, it is clear that Bertolina Sisa was [Unstoppable](https://www.youtube.com/watch?v=POwK89M7PH8).",post replicated convenience Kick-Ass Women History Bartolina Sisa portrait Bartolina Sisa Kick-Ass Women History Bartolina Sisa Allow introduce via song woman Americas know rival Lozen sheer badassery song actually anything get vibe right Sit strap get ready hear one amazing women ever walked planet Bartolina Sisa Background Bartolina born sometime around 1750 Q'ara Qhatu Bolivia part Viceroyalty Peru family indigenous traders trading coca leaves textiles family travelled far wide across Andean region exposing injustices violence faced indigenous peoples Spanish rule early age experiences shaped awareness oppression endured community fueled determination resist colonial authority married Julián Apaza better known today Túpac Katari prominent indigenous leader Together four children intelligent resourceful strong character traits would later define leadership formed powerful partnership family political life Worldview Bartolina's spiritual beliefs important part made effective leadership rebellion deeply rooted Aymara Andean traditions set syncretic beliefs blended Catholicism traditional beliefs core revered natural forces Achachilas ancestral spirits cyclic concept pachakuti tranformation renewal intrinsically connected people territory customs traditions result Bartolina's struggle merely political disagreement rulers rather struggle restoration indigenous identity dignity well land resource rights movement also embodied principle chacha-warmi complementarity men women insisted upon gender equity vital role women leadership resistance Uprising late 18th century age 25 Bartolina became key leader largest ever indigenous uprising consisting mostly Aymara Quechua Spanish colonial rule Andes alongside husband Túpac began organizing indigenous militias gathering army height reached 150 thousand army launched Siege La Paz 13th March 1781 20 thousand troops later joined 80 thousand Bartolina commanded army 40 thousand organising military camps around mountain passes led city acting main commander indigenous forces role displayed exceptional logistical strategic skill impressing Spanish critical figure rebellion Spanish military force attempted May dissolve siege capture Bartolina failed Leadership Túpac Bartolina set court El Alto maintained siege 184 days period Bartolina proclaimed “Queen Inca” affectionate title ruled alongside husband Túpac Bartolina taking total command husband captured April leadership extended beyond battlefield coordinated logistics organized women’s participation inspired unity among diverse indigenous groups Execution six months siege uprising finally broken Spanish reinforcements Lima La Plata Buenos Aires aided indigenous communities opposed Aymara Quechua peoples Bartolina Sisa captured tortured executed Spanish September 5th 1782 death intended warning others publicly humiliated doubt need explain code hanged body dismembered displayed terrorize indigenous population Spanish brutality Despite however legacy endured Legacy Bartolina celebrated day symbol indigenous resistance struggle justice equality self-determination Even though siege ultimately broken Spanish uprising represented significant indigenous challenge colonial power Andes demonstrating organizational capacity unity determination indigenous peoples inspiring future generations resistance Since 1983 International Day Indigenous Women commemorated anniversary death honoring sacrifice leadership Many indigenous organizations Bolivia Bartolina Sisa Confederation bear name continue fight rights indigenous peoples women vision identity land gender equity continues inspire contemporary movements indigenous rights social justice throughout Latin America despite loss subsequent horrible execution hands Spanish clear Bertolina Sisa Unstoppable
"(post replicated below for convenience)

Kick-Ass Women from History #7: Nellie Bly

![cover photo of Nellie Bly](https://lazysoci.al/api/v3/image_proxy?url=https%3A%2F%2Fi.imgur.com%2FbuKx9D9.jpg)

> “To be happy, to know how to find happiness under all circumstances, is the acme of wisdom and the triumph of genius."" — Nellie Bly

This marks the first Kick-Ass Woman from History I'm covering who is a white American woman.  The choice to avoid European-descended women at first was conscious because, honestly, if you're going to find documentation on a kick-ass woman, chances are it will be a woman of European descent, and I wanted to highlight other cultures' kick-ass women first.  But I also didn't want to make those of European descent feel excluded, hence today's choice.

This isn't to say that [Nellie Bly](https://www.tonyamitchellauthor.com/post/who-was-nellie-bly-part-1-of-3) doesn't earn her place in the ranks of Kick-Ass Women.  She earns it in spades being ... deep breath ... an investigative journalist, a stunt journalist, a war correspondent, a novelist, an industrialist, an ""agony aunt"", and a philanthropist.

So let's take a bit of a dive into the life and times of Nellie Bly, shall we?

## Background

Nellie was born Elizabeth Jane Cochran in Cochran's Mills Pennsylvania.  She was the thirteenth child of her father, Michael Cochran (for whom the town is named after), and the third child of her mother, Mary Jane Kennedy.  Her father died when she was six.  As a young girl she was nicknamed ""Pink"" for her proclivity toward wearing that colour.  Later, in her teens, when she decided she wanted to be taken more seriously, she changed her name to ""Cochrane"" and attended a ""normal school"" to become a teacher, having to drop out because of lack of funds.  In 1880 the family moved to Allegheny City which was later annexed by Pittsburgh.

## First Career: Women's Journalism

While in Pittsburgh she wrote a passionate letter in response to an article in the *Pittsburgh Dispatch* that was largely dismissive of woman and so impressed the paper's editor that he offered her a job.  Choosing the pen name Nelly Bly (after a popular song of the tiem), a transcription error had it printed as Nellie Bly and the mistake stuck.  This was her professional name from this point onward.

She initially (and very briefly) started her career as an undercover journalist going into factories and exposing the working conditions that women and children were forced to be in.  Her passionate articles advocated for were praised by labourers for their calls for social reform, but soon complaints came from factories and she was reassigned to the women's pages (or society pages) to write the kind of frivolous fluff that women were generally relegated to in newspapers.  She chafed under these fluff assignments and swore she'd ""do something no girl had ever done"".

## Second Career: Investigative Journalism

Her career as a full-blown investigative journalist began after persuading her editor to let her try on a role as a foreign correspondent, moving to Mexico to, over the course of six months, report on the lives and customs of Mexican people.  These dispatches were later published in book form as *Six Months in Mexico*.  Her reports from Mexico came to a sudden end when, in one of her dispatches, she protested the imprisonment of a local reporter for publishing something critical of the government.  The angry Mexican officials threatened her with arrest and forced her to flee back to the USA, from where she published a scathing report calling the then-dictator Porfirio Diaz a ""tyrannical czar"" who suppressed the people and the press.

This return to Pittsburgh brought Nellie back into the ""women's pages"" which she could no longer stand.  She quit her job and moved to New York City, joining Joseph Pulitzer's *New York World*.  It was here, in 1887, where she made her name and became nationally (and internationally) famous by going undercover as a patient at the Women's Lunatic Asylum on Blackwell's Island, exposing the mistreatment of mentally ill women.  Her exposé, ""Ten Days in a Mad-House"" led to official investigations and significant reforms in mental health care.  It is considered an important landmark in investigative journalism and a boundary-pushing one for women reporters on top of that.

## Third Career: ""Stunt"" Journalism

After pioneering undercover investigative journalism (and serious reporting by women), almost redefining the profession, Nellie continued with her almost manic energy creating practically from whole cloth the field of ""stunt journalism"".  Inspired by Jules Verne and his *Around the World in Eighty Days*, Nelly undertook a record-breaking trip around the world, completing the journey in only 72 days, captivating the public with her regular travel dispatches and her columns when she returned home.  Her travel dispatches were later compiled into the book *Around the World in Seventy-Two Days*.

## Fourth Career: Novelist

The beginnings of her new career began even before she returned home from her tour around the world.  Cashing in on the fanfare of her world tour she quit reporting and started writing novels, the first chapters of her first novel (*Eva the Adventuress*) having been published while she was still in transit.  Between 1889 and 1895 she published eleven novels (which had been considered lost until their rediscovery in 2021).  In 1893, though still writing novels, she returned to reporting for the *'World*.

## Fifth Career: Industrialist

In 1895 Nellie married manufacturer Robert Seaman.  She was 31 and he 73, and his failing health caused her to leave journalism and take over the running of his company the Iron Clad Manufacturing Co., a manufacturer of steel containers like milk cans, or boilers or their ilk.  Under her stewardship the company invented what would later become the standard 55-gallon drum, and she herself had two famous patents (of a reported 25) to her name exclusively for a new kind of milk can and a stacking garbage can.  Nellie's own patents, and those of others in her company, contributed significantly to the body of knowledge surrounding industrial packaging in the dairy and shipping industries.

Unfortunately Nellie was not as successful in this career as she had been in others.  Her husband died in 1901 and she foolishly trusted some of the senior managers of the company who embezzled from the company so badly it collapsed.  She tried to run it humanely with health benefits, recreational facilities, and many of the other things she'd advocated for as a journalist, but her negligence of business affairs led to her downfall and bankruptcy.

So she did what she seemed to always do in times of hardship: she reinvented herself.

## Sixth Career: War Correspondent

Using the last of the funds she had available, Nellie travelled to Europe looking for other opportunities.  The outbreak of WWI during her voyage brought these in spades.  Stuck in Vienna, Nellie decided to embark on a new career trajectory: that of the war correspondent.  Using her fame and some government connections she wrangled herself a path to the front where the Austrians were clashing with the Russians.  Only four correspondents were permitted to do this, and Nellie was the only woman of the four.

*The New York Evening Journal* would publish Nellie's coverage of the war under the repeating headline ""Nelly Bly on the Firing Line"".  The public hung off of every word she wrote as she described the punishing conditions at the front, the horrors of the war, all shown through her unflinching and sympathetic eyes.  Her stories were still sought out even when they were weeks behind the rapidly changing circumstances at the front.  She reported of shells exploding only 50 feet from her, spending weeks among the soldiers in active fire before travelling to Budapest ... to move on to the Serbian front.  She also reported on the women of Austria-Hungary and their support behind the lines for the men at the fronts.

## Interlude: Family Problems

The continuing legal problems that haunted her while she was in Europe as her company completed its immolation started to cause significant stress with her family.  One disaster and mis-step after another led to her mother being forced out of the house Nellie had kept for her, causing her to move in with Nellie's brother instead.  Some of the legal moves she'd attempted to keep the surviving elements of her company alive pitted her and her brother against each other until in the end she was persona non grata with both her mother and her brother.

## Seventh Career: Agony Aunt and Orphan Placement

Being out of money, and in expensive disputes with her family, Nellie returned to journalism at the *'Evening Journal*.  She was given free rein in topics to write about.  After a letter she received from a woman wondering if she should give up her two year old child (Nellie advised against), her column slowly turned into an advice column (a so-called ""agony aunt"").  This then further morphed into an impromptu agency for helping orphans and abandoned babies find good homes, all through the column-inches of her work at the newspaper.

## This is the End

By 1920 Nellie was swamped with work.  She was writing two columns a week, managing an impromptu and unofficial adoption agency, and embroiled in continuing legal battles with her family.  The overexertion of her war reportage spilled over into her life in New York taking a severe toll on her health.  She ate only sporadically and suffered a crippling bout of bronchitis that had her hospitalized.  Since she would never be able to reconcile with her mother and brother, helping children became her overriding comfort.  In 1921 she produced as much work as she had as a star reporter decades earlier.

Her last column ran in January of 1922.  She was then hospitalized again, this time for bronchopneumonia with complications from heart disease.  She had her will made while hospitalized, leaving what turned out to be worthless shares in a long-dead company to her younger brother and one of her sisters.  Death paid her a visit on the 27th of January, 1922 at the age of 57.

## Aftermath

Newspapers from all over eulogized Nellie after her passing, and the *New York World*, the paper that made her famous, ran a long piece illustrating the highlights of her almost unbelievable life.  In her wake, Nellie made lasting changes to the world:

- as a champion of the working class;
- as the practical inventor of both undercover investigative journalism and stunt journalism
- as a shatterer of boundaries for women in realms long-considered for men only
- as a sympathetic succourer of lost children
- even as a progressive industrialist (despite her failure at the managerial level)

She never fought wars (only reported on one).  She didn't rule nations.  Yet she still stands as a Kick-Ass Woman from History.",post replicated convenience Kick-Ass Women History Nellie Bly cover photo Nellie Bly “To happy know find happiness circumstances acme wisdom triumph genius — Nellie Bly marks first Kick-Ass Woman History covering white American woman choice avoid European-descended women first conscious honestly going find documentation kick-ass woman chances woman European descent wanted highlight cultures kick-ass women first also want make European descent feel excluded hence today's choice say Nellie Bly earn place ranks Kick-Ass Women earns spades deep breath investigative journalist stunt journalist war correspondent novelist industrialist agony aunt philanthropist let's take bit dive life times Nellie Bly shall Background Nellie born Elizabeth Jane Cochran Cochran's Mills Pennsylvania thirteenth child father Michael Cochran town named third child mother Mary Jane Kennedy father died six young girl nicknamed Pink proclivity toward wearing colour Later teens decided wanted taken seriously changed name Cochrane attended normal school become teacher drop lack funds 1880 family moved Allegheny City later annexed Pittsburgh First Career Women's Journalism Pittsburgh wrote passionate letter response article Pittsburgh Dispatch largely dismissive woman impressed paper's editor offered job Choosing pen name Nelly Bly popular song tiem transcription error printed Nellie Bly mistake stuck professional name point onward initially briefly started career undercover journalist going factories exposing working conditions women children forced passionate articles advocated praised labourers calls social reform soon complaints came factories reassigned women's pages society pages write kind frivolous fluff women generally relegated newspapers chafed fluff assignments swore something girl ever done Second Career Investigative Journalism career full-blown investigative journalist began persuading editor let try role foreign correspondent moving Mexico course six months report lives customs Mexican people dispatches later published book form Six Months Mexico reports Mexico came sudden end one dispatches protested imprisonment local reporter publishing something critical government angry Mexican officials threatened arrest forced flee back USA published scathing report calling then-dictator Porfirio Diaz tyrannical czar suppressed people press return Pittsburgh brought Nellie back women's pages could longer stand quit job moved New York City joining Joseph Pulitzer's New York World 1887 made name became nationally internationally famous going undercover patient Women's Lunatic Asylum Blackwell's Island exposing mistreatment mentally ill women exposé Ten Days Mad-House led official investigations significant reforms mental health care considered important landmark investigative journalism boundary-pushing one women reporters top Third Career Stunt Journalism pioneering undercover investigative journalism serious reporting women almost redefining profession Nellie continued almost manic energy creating practically whole cloth field stunt journalism Inspired Jules Verne Around World Eighty Days Nelly undertook record-breaking trip around world completing journey 72 days captivating public regular travel dispatches columns returned home travel dispatches later compiled book Around World Seventy-Two Days Fourth Career Novelist beginnings new career began even returned home tour around world Cashing fanfare world tour quit reporting started writing novels first chapters first novel Eva Adventuress published still transit 1889 1895 published eleven novels considered lost rediscovery 2021 1893 though still writing novels returned reporting World Fifth Career Industrialist 1895 Nellie married manufacturer Robert Seaman 31 73 failing health caused leave journalism take running company Iron Clad Manufacturing Co manufacturer steel containers like milk cans boilers ilk stewardship company invented would later become standard 55-gallon drum two famous patents reported 25 name exclusively new kind milk stacking garbage Nellie's patents others company contributed significantly body knowledge surrounding industrial packaging dairy shipping industries Unfortunately Nellie successful career others husband died 1901 foolishly trusted senior managers company embezzled company badly collapsed tried run humanely health benefits recreational facilities many things advocated journalist negligence business affairs led downfall bankruptcy seemed always times hardship reinvented Sixth Career War Correspondent Using last funds available Nellie travelled Europe looking opportunities outbreak WWI voyage brought spades Stuck Vienna Nellie decided embark new career trajectory war correspondent Using fame government connections wrangled path front Austrians clashing Russians four correspondents permitted Nellie woman four New York Evening Journal would publish Nellie's coverage war repeating headline Nelly Bly Firing Line public hung every word wrote described punishing conditions front horrors war shown unflinching sympathetic eyes stories still sought even weeks behind rapidly changing circumstances front reported shells exploding 50 feet spending weeks among soldiers active fire travelling Budapest move Serbian front also reported women Austria-Hungary support behind lines men fronts Interlude Family Problems continuing legal problems haunted Europe company completed immolation started cause significant stress family One disaster mis-step another led mother forced house Nellie kept causing move Nellie's brother instead legal moves attempted keep surviving elements company alive pitted brother end persona non grata mother brother Seventh Career Agony Aunt Orphan Placement money expensive disputes family Nellie returned journalism Evening Journal given free rein topics write letter received woman wondering give two year old child Nellie advised column slowly turned advice column so-called agony aunt morphed impromptu agency helping orphans abandoned babies find good homes column-inches work newspaper End 1920 Nellie swamped work writing two columns week managing impromptu unofficial adoption agency embroiled continuing legal battles family overexertion war reportage spilled life New York taking severe toll health ate sporadically suffered crippling bout bronchitis hospitalized Since would never able reconcile mother brother helping children became overriding comfort 1921 produced much work star reporter decades earlier last column ran January 1922 hospitalized time bronchopneumonia complications heart disease made hospitalized leaving turned worthless shares long-dead company younger brother one sisters Death paid visit 27th January 1922 age 57 Aftermath Newspapers eulogized Nellie passing New York World paper made famous ran long piece illustrating highlights almost unbelievable life wake Nellie made lasting changes world champion working class practical inventor undercover investigative journalism stunt journalism shatterer boundaries women realms long-considered men sympathetic succourer lost children even progressive industrialist despite failure managerial level never fought wars reported one rule nations Yet still stands Kick-Ass Woman History
"With congested, aging power lines and a densely developed landscape, the East Coast has few options for building large-scale renewable power. Meanwhile, the region’s electricity prices are rising, and states are falling behind their emissions goals.

Offshore wind offered a unique opportunity to meet those challenges, experts say, but the industry is barely surviving under economic headwinds and an openly hostile federal government. Offshore wind isn’t dead, but advocates agree that the technology is fading just when the region needs it most.

Offshore wind developers, who had already struggled with high construction costs, hit a minefield when the Trump administration took office in 2025. The administration has subjected offshore wind projects to questionable Pentagon reviews, permit revocations, and stop-work orders, some of which survived only briefly before being blocked by courts. The administration’s most consequential move may have been its decision to pay developers to surrender their rights to develop in federally managed waters. By mid-August, it had committed to roughly $4 billion in payouts, wiping an estimated [21 gigawatts](https://www.bluegreenalliance.org/site/tracking-trumps-wasteful-offshore-wind-buyouts/) of potential wind power capacity off U.S. coasts, or enough energy to power over 15 million average-sized U.S. homes. Experts say more deals could follow.

As they wait for conditions to improve, the industry must push through what offshore wind experts describe as an irked malaise.

“Companies are trying to be upbeat, but I think if you kind of peel back the layers a bit, there’s a number of emotions out there; anger, sadness,” said Mark Repsher, an energy and sustainability expert at PA Consulting. “These people like what they do … sometimes it’s been their whole career, and it’s been put on pause now.”

At least nine companies are still holding onto their offshore wind development rights, most of them European energy giants like Shell, and at least some appear unlikely to strike a deal. Denmark-based Orsted, the world’s largest developer of offshore wind energy, and the Spanish company Avangrid are the largest remaining leaseholders, with five and six undeveloped leases, respectively.

The projects are dropping at a time when the three major interstate grids in the Northeast and mid-Atlantic are all facing [growing demand from data centers](https://grist.org/accountability/data-centers-are-straining-the-grid-can-they-be-forced-to-pay-for-it/), electrification, and new manufacturing, while some of the region’s cleanest power is generated far from its biggest cities. New York is a case in point. Half of the state’s electricity demand is concentrated around New York City and Long Island, but much of its renewable power is generated upstate, where aging transmission lines are already a bottleneck. Meanwhile, for PJM, the grid operator covering most of the mid-Atlantic, power demand is projected to grow 7.8 gigawatts higher than available supply by 2033.

“If you had additional wind, it could be filling those gaps, reducing any of those challenges at a time the grid really, really needs that,” said Hillary Bright, executive director of Turn Forward, a nonprofit supporting offshore wind.

Offshore wind can send clean power straight to demand centers and ease grid pressure. The already operational Empire Wind project sends power directly to New York City through undersea cables, while the Coastal Virginia Offshore Wind project delivers power to the data center cluster in northern Virginia that has become one of PJM’s fastest-growing energy consumers.

Read Next

[![A wind turbine generates electricity at the Block Island Wind Farm, the first commercial wind farm in the United States.](https://grist.org/wp-content/uploads/2026/01/Offshore-wind-Trump.jpg)](https://grist.org/climate-energy/trump-offshore-wind-northeast-new-york-massachusetts-orsted-equinor/)

[Trump destroyed offshore wind. The Northeast can’t live without it.](https://grist.org/climate-energy/trump-offshore-wind-northeast-new-york-massachusetts-orsted-equinor/)

[Jake Bittle](https://grist.org/author/jake-bittle/)

Former President Joe Biden saw offshore wind as a central pillar of his federal climate strategy, largely because of its geographic strengths. His administration permitted the first commercial-scale U.S. offshore wind project, Vineyard Wind, in 2021, then leased 1.9 million acres of coastal waters to developers — more than had been awarded during the previous three presidential terms combined.

States built the technology into [their climate plans](https://grist.org/climate-energy/trump-offshore-wind-northeast-new-york-massachusetts-orsted-equinor/) accordingly. Massachusetts has called offshore wind a “cornerstone” of its clean energy strategy; New York called it “critical”; and Maryland described it as its “greatest opportunity” to reach its emissions goals.

Without offshore wind, Eastern states don’t have a clear alternative for abundant, clean energy, experts say. Some solar power might help, but the East’s tightly packed geography just isn’t well-suited for the kind of land-based renewables deployments that have revolutionized grids in California and Texas.

“The wind resource, and even the solar resource, in the Eastern U.S. is not nearly as good as it is in the West,” Repsher said. Miles from his office in Denver, he said, eastern Colorado’s wide open, sparsely populated prairie lands have bloomed with a profusion of rotating white blades and glossy black panels.

Most Eastern states have yet to adjust their climate plans for less offshore wind. New York extended its emissions goal deadlines and loosened greenhouse gas accounting regulations in March, but offshore wind remains a large part of its plan. Meanwhile, in New Jersey, local officials have given up trying to build substations that would receive power from planned offshore wind projects after those projects were canceled or delayed beyond expected connection timelines, even as the technology remains integral to its emissions plans. In both states, planned projects have been frozen or canceled from a mix of pre-Trump economic pressures and current Trump policy pressures, including lease buyouts.

It’s questionable, Repsher said, whether there are any realistic changes states could make if they wanted to: “If you have these fairly aggressive carbon reduction targets within these states, it’s borderline impossible to meet them without having offshore wind.”

Still, some wind advocates say there are reasons for optimism: Electricity prices have risen, improving the economics of new wind projects, and the Trump administration has only two and a half years left in its term.

Kris Ohleth, executive director of Special Initiative on Offshore Wind, a pro-offshore wind nonprofit research group, said some advocates have already started planning for a post-Trump world by compiling what they’ve dubbed “[Project 2029](https://grist.org/politics/what-project-2025-would-to-do-climate-policy-in-the-us/)” — a policy roadmap that a future administration could adopt to support offshore wind.

“Offshore wind is still such an exciting opportunity. It’s such a cool technology,” Ohleth said. “There’s something on the horizon, and that gives me hope.”

This story was originally published by [Grist](https://grist.org/) with the headline [Offshore wind power projects are flailing, just when the East Coast needs them most](https://grist.org/energy/offshore-wind-projects-east-coast-electric-grids/) on Aug 25, 2026.

---

**From [Grist](https://grist.org/feed) via [This RSS Feed](https://grist.org/feed).**","congested aging power lines densely developed landscape East Coast options building large-scale renewable power Meanwhile region’s electricity prices rising states falling behind emissions goals Offshore wind offered unique opportunity meet challenges experts say industry barely surviving economic headwinds openly hostile federal government Offshore wind isn’t dead advocates agree technology fading region needs Offshore wind developers already struggled high construction costs hit minefield Trump administration took office 2025 administration subjected offshore wind projects questionable Pentagon reviews permit revocations stop-work orders survived briefly blocked courts administration’s consequential move may decision pay developers surrender rights develop federally managed waters mid-August committed roughly 4 billion payouts wiping estimated 21 gigawatts potential wind power capacity U.S coasts enough energy power 15 million average-sized U.S homes Experts say deals could follow wait conditions improve industry must push offshore wind experts describe irked malaise “Companies trying upbeat think kind peel back layers bit there’s number emotions anger sadness,” said Mark Repsher energy sustainability expert PA Consulting “These people like … sometimes it’s whole career it’s put pause now.” least nine companies still holding onto offshore wind development rights European energy giants like Shell least appear unlikely strike deal Denmark-based Orsted world’s largest developer offshore wind energy Spanish company Avangrid largest remaining leaseholders five six undeveloped leases respectively projects dropping time three major interstate grids Northeast mid-Atlantic facing growing demand data centers electrification new manufacturing region’s cleanest power generated far biggest cities New York case point Half state’s electricity demand concentrated around New York City Long Island much renewable power generated upstate aging transmission lines already bottleneck Meanwhile PJM grid operator covering mid-Atlantic power demand projected grow 7.8 gigawatts higher available supply 2033 “If additional wind could filling gaps reducing challenges time grid really really needs that,” said Hillary Bright executive director Turn Forward nonprofit supporting offshore wind Offshore wind send clean power straight demand centers ease grid pressure already operational Empire Wind project sends power directly New York City undersea cables Coastal Virginia Offshore Wind project delivers power data center cluster northern Virginia become one PJM’s fastest-growing energy consumers Read Next wind turbine generates electricity Block Island Wind Farm first commercial wind farm United States Trump destroyed offshore wind Northeast can’t live without Jake Bittle Former President Joe Biden saw offshore wind central pillar federal climate strategy largely geographic strengths administration permitted first commercial-scale U.S offshore wind project Vineyard Wind 2021 leased 1.9 million acres coastal waters developers — awarded previous three presidential terms combined States built technology climate plans accordingly Massachusetts called offshore wind “cornerstone” clean energy strategy New York called “critical” Maryland described “greatest opportunity” reach emissions goals Without offshore wind Eastern states don’t clear alternative abundant clean energy experts say solar power might help East’s tightly packed geography isn’t well-suited kind land-based renewables deployments revolutionized grids California Texas “The wind resource even solar resource Eastern U.S nearly good West,” Repsher said Miles office Denver said eastern Colorado’s wide open sparsely populated prairie lands bloomed profusion rotating white blades glossy black panels Eastern states yet adjust climate plans less offshore wind New York extended emissions goal deadlines loosened greenhouse gas accounting regulations March offshore wind remains large part plan Meanwhile New Jersey local officials given trying build substations would receive power planned offshore wind projects projects canceled delayed beyond expected connection timelines even technology remains integral emissions plans states planned projects frozen canceled mix pre-Trump economic pressures current Trump policy pressures including lease buyouts It’s questionable Repsher said whether realistic changes states could make wanted “If fairly aggressive carbon reduction targets within states it’s borderline impossible meet without offshore wind.” Still wind advocates say reasons optimism Electricity prices risen improving economics new wind projects Trump administration two half years left term Kris Ohleth executive director Special Initiative Offshore Wind pro-offshore wind nonprofit research group said advocates already started planning post-Trump world compiling they’ve dubbed “[Project 2029 — policy roadmap future administration could adopt support offshore wind “Offshore wind still exciting opportunity It’s cool technology,” Ohleth said “There’s something horizon gives hope.” story originally published Grist headline Offshore wind power projects flailing East Coast needs Aug 25 2026 Grist via RSS Feed"
"I wont go too far into my story because it is too hard right now.  But sadly and suddenly i am facing homelessness due to transphobic family members.  I am currently safe staying at a hotel for the night, but i have no job so i cant afford too many hotel stays.  

I have an appointment with my therapist later this morning and i am feeling ok, all things considered and i havnt thought at all about hurting myself (and that isnt something i have a history of).  I am fortunately at a fairly stable point in my life and i believe i can make it through this.  But i know i cant do it alone.  

I am currently trying to reach out to friends for support and i have the phone number to a shelter line but i am scared of going to one.  I am hopeful that i can find something temporary but i am trying to look at every option.  

I am not asking for handouts or anything like that.  I know there is a mutual aid com if it comes to needing assistance if all else fails.  

What i am asking for is advice from anyone that has faced this situation.  Just... anything.  I dont even know what to ask.  I feel so lost.  At least i grabbed one of my sharks before the cops escorted me out.  Which is good bc i am very sad girl right now.  I think i will go cry.  Thanks for listening",wont go far story hard right sadly suddenly facing homelessness due transphobic family members currently safe staying hotel night job cant afford many hotel stays appointment therapist later morning feeling ok things considered havnt thought hurting isnt something history fortunately fairly stable point life believe make know cant alone currently trying reach friends support phone number shelter line scared going one hopeful find something temporary trying look every option asking handouts anything like know mutual aid com comes needing assistance else fails asking advice anyone faced situation anything dont even know ask feel lost least grabbed one sharks cops escorted good bc sad girl right think go cry Thanks listening
">Bogotá (AFP) – Facebook and TikTok failed to prevent the spread of content produced by Colombian armed groups to recruit children and in some cases even ""appeared to promote these posts,"" Human Rights Watch reported on Monday. 

>HRW said the circulation of social media content by armed groups ""glorifies life in armed group ranks"" and promotes ""deceptive job offers.""
>
>Since 2021, around 1,500 children have been recruited by armed groups, according to the non-governmental organization.
>
>Armed groups use children for combat, handling weapons, drones and explosives, and intelligence gathering, the HRW report said.
>
>In some cases, children without combat training are used as ""cannon fodder,"" it said.
>
>""Digital platforms must recognize that they are being used for the recruitment of children"" which means they are being used to commit crimes, ""including committing war crimes,"" HRW Americas director Juanita Goebertus told a press conference in Bogota.
>
>According to the report, almost half of child recruits are Indigenous children, despite Indigenous people only representing around four percent of the population.
>
>Girls account for around 40 percent of child recruits, and are ""particularly exposed to sexual violence.""
>
>In the report, HRW described social media posts showing members of armed groups flaunting wads of cash and jewelry.
>
>In other posts, they appear in training camps or listening to ""narcocorridos"" -- a Mexican music genre which celebrates the exploits of infamous drug traffickers.
>
>""What armed groups do really well on social media is to sell a lifestyle,"" Mathew Charles, founder of the Mi Historia foundation which works with child victims of conflict, told reporters.
>
>They project ""tough-guy masculinity"" and the possibility of earning ""easy money,"" he said, calling on the state and other NGOs to combat ""these lies and create counter-narratives.""
>
>HRW said dissident groups that emerged from the now-defunct Revolutionary Armed Forces of Colombia (FARC) have been responsible for 74 percent of child recruitment cases documented between 2021 and 2025.
>
>HRW said it had informed Meta, Facebook's parent company, and TikTok's owner ByteDance of the problem. Both said they had removed the specific content mentioned.
>
>Meta said it ""constantly strives to refine (its) approach to combating"" child recruitment efforts across its platforms.
>
>TikTok said it ""proactively (prevents) illegal armed groups and organized criminal groups from using TikTok, including to target, exploit or recruit minors.""
>
>The historic 2016 peace agreement ended a half-century of war between the government and FARC guerrillas, but remaining armed groups continue to control large swaths of territory in remote parts of Colombia's northeast and south.
>
>Newly inaugurated President Abelardo de la Espriella has vowed to crack down on armed groups and plans to forge a military alliance with the United States and Israel.","Bogotá AFP – Facebook TikTok failed prevent spread content produced Colombian armed groups recruit children cases even appeared promote posts Human Rights Watch reported Monday HRW said circulation social media content armed groups glorifies life armed group ranks promotes deceptive job offers Since 2021 around 1,500 children recruited armed groups according non-governmental organization Armed groups use children combat handling weapons drones explosives intelligence gathering HRW report said cases children without combat training used cannon fodder said Digital platforms must recognize used recruitment children means used commit crimes including committing war crimes HRW Americas director Juanita Goebertus told press conference Bogota According report almost half child recruits Indigenous children despite Indigenous people representing around four percent population Girls account around 40 percent child recruits particularly exposed sexual violence report HRW described social media posts showing members armed groups flaunting wads cash jewelry posts appear training camps listening narcocorridos Mexican music genre celebrates exploits infamous drug traffickers armed groups really well social media sell lifestyle Mathew Charles founder Mi Historia foundation works child victims conflict told reporters project tough-guy masculinity possibility earning easy money said calling state NGOs combat lies create counter-narratives HRW said dissident groups emerged now-defunct Revolutionary Armed Forces Colombia FARC responsible 74 percent child recruitment cases documented 2021 2025 HRW said informed Meta Facebook's parent company TikTok's owner ByteDance problem said removed specific content mentioned Meta said constantly strives refine approach combating child recruitment efforts across platforms TikTok said proactively prevents illegal armed groups organized criminal groups using TikTok including target exploit recruit minors historic 2016 peace agreement ended half-century war government FARC guerrillas remaining armed groups continue control large swaths territory remote parts Colombia's northeast south Newly inaugurated President Abelardo de la Espriella vowed crack armed groups plans forge military alliance United States Israel"
">Sydney (AFP) – Music made by artificial intelligence will be banned from Australia's top charts under new guidelines aimed at protecting ""the human nature of artistry"", an industry body said Tuesday. 

>Under new rules in force from Friday, music must be ""substantially human made"" in order to be eligible for the charts, the Australian Recording Industry Association (ARIA) said.
>
>""Wholly AI-generated tracks will not be eligible for the ARIA Charts,"" the group said.
>
>It said its charts would exclude songs that use AI ""to generate the entirety or the primary portion of the creative elements"".
>
>But ""recordings that use generative AI in a supporting role remain eligible,"" it added.
>
>The move follows growing concern in the music industry over a surge in AI-generated music hitting the airwaves.
>
>In July, a cover of Madonna's ""Like a Prayer"" soared to the top of the charts in Australia but drew scrutiny after it was revealed to have used AI-generated vocals and drums.
>
>Streaming giant Spotify has said it will launch a new ""AI Persona"" badge clearly identifying content producers that are AI-generated and not real people.
>
>More than one-third of new uploads to Apple Music are entirely created with AI, a platform executive told Billboard this year.
>
>That month several major music industry organisations unveiled a labelling system for content created with generative AI that they would like to see widely adopted.
>
>""These changes reflect our intent to remain dynamic and promote the human nature of artistry in what is -- to say the least -- a rapidly developing space,"" ARIA CEO Annabelle Herd said.
>
>""The ARIA Charts will always remain a transparent measurement of the music Australia consumes, but a chart that rewards unlicensed AI output would undercut the very basis of the recorded music we exist to represent,"" she said.",Sydney AFP – Music made artificial intelligence banned Australia's top charts new guidelines aimed protecting human nature artistry industry body said Tuesday new rules force Friday music must substantially human made order eligible charts Australian Recording Industry Association ARIA said Wholly AI-generated tracks eligible ARIA Charts group said said charts would exclude songs use AI generate entirety primary portion creative elements recordings use generative AI supporting role remain eligible added move follows growing concern music industry surge AI-generated music hitting airwaves July cover Madonna's Like Prayer soared top charts Australia drew scrutiny revealed used AI-generated vocals drums Streaming giant Spotify said launch new AI Persona badge clearly identifying content producers AI-generated real people one-third new uploads Apple Music entirely created AI platform executive told Billboard year month several major music industry organisations unveiled labelling system content created generative AI would like see widely adopted changes reflect intent remain dynamic promote human nature artistry say least rapidly developing space ARIA CEO Annabelle Herd said ARIA Charts always remain transparent measurement music Australia consumes chart rewards unlicensed AI output would undercut basis recorded music exist represent said
"From Taylor Swift and Kim Kardashian to Jennifer Aniston and Lionel Messi, celebrities across the world are hiring teams of Israeli bodyguards made up of former Shin Bet, Mossad, and Israeli special forces. 

But how safe is it to entrust your life and most intimate details to agents from spying agencies with a long track record of infiltrating, surveiling, and blackmailing foreign targets? 

Israeli Secret Service agents do not die or fade away, writes The New York Post. Instead, they move to Hollywood. The Tel Aviv-to-Tinsel Town pipeline has been well established over decades, and there are now a myriad of Israeli security agencies, both in Los Angeles and across the world, guarding many of the planet’s richest, most famous, and influential figures. 

Two other famous names well acquainted with Israeli security dispatches are Bill Maher and Charlie Kirk. In a 2025 conversation, the former revealed that he spent his entire European vacation “wedged between these two giant Israeli bodyguards the whole way.” “When I went to Europe in 2015, I had like two Israeli bodyguards and my security person,” he told the conservative influencer. “If you want security, the Israelis know what they are doing,” Kirk responded, knowingly. 

Maher edited this conversation out of the video he released to the public. It only exists as a reaction video on Kirk’s official channel, which appears to be unmaintained since his death.

Only a few months later, Kirk would be publicly assassinated. His death, and his precise relationship with Israel and Israeli security, has triggered all manner of speculation online.","Taylor Swift Kim Kardashian Jennifer Aniston Lionel Messi celebrities across world hiring teams Israeli bodyguards made former Shin Bet Mossad Israeli special forces safe entrust life intimate details agents spying agencies long track record infiltrating surveiling blackmailing foreign targets Israeli Secret Service agents die fade away writes New York Post Instead move Hollywood Tel Aviv-to-Tinsel Town pipeline well established decades myriad Israeli security agencies Los Angeles across world guarding many planet’s richest famous influential figures Two famous names well acquainted Israeli security dispatches Bill Maher Charlie Kirk 2025 conversation former revealed spent entire European vacation “wedged two giant Israeli bodyguards whole way.” “When went Europe 2015 like two Israeli bodyguards security person,” told conservative influencer “If want security Israelis know doing,” Kirk responded knowingly Maher edited conversation video released public exists reaction video Kirk’s official channel appears unmaintained since death months later Kirk would publicly assassinated death precise relationship Israel Israeli security triggered manner speculation online"
"![](https://i0.wp.com/ictnews.org/wp-content/uploads/2026/08/Tim-Walz-Boundary-Waters.jpg?fit=1024%2C683&ssl=1)

*This story was [originally published](https://minnesotareformer.com/2026/08/18/gov-tim-walz-signs-executive-order-banning-nonferrous-mining-near-boundary-waters/) by Minnesota Reformer.*

**J. Patrick Coolican and Max Nesterak**  
*[Minnesota Reformer](https://minnesotareformer.com/)*

Gov. Tim Walz signed an executive order Tuesday, Aug. 18, banning nonferrous mining near the Boundary Waters Canoe Area Wilderness in what may prove to be one of the most significant conservation acts in generations.

For five decades, mining companies have hungrily eyed the rich deposits of copper, nickel and other valuable metals in the Rainy River Headwaters Watershed, spurring a fierce resistance from environmentalists and Native American tribes seeking to protect one of the most pristine wilderness areas left in the United States with water so pure that people regularly drink right from the lakes.

Walz said his order definitively ends that fight that’s been playing out in courtrooms, regulatory offices, the state Legislature and the halls of Congress.

“The verdict is in. The decision’s been made. We will protect this place forever,” Walz said at a news conference at the Belwin Conservancy near Afton State Park, against the backdrop of rolling restored prairie and oak savanna.

In the twilight of his political career, [the executive order](https://www.documentcloud.org/documents/28563278-executive-order-26-10-signed/) cements Walz’s legacy as an important conservationist and serves as a capstone to his environmental agenda after two terms as governor.

Walz has overseen a raft of environmental achievements, made possible by Democrats taking control of the Legislature in 2023: mandating 100 percent carbon-free electricity by 2040; banning so-called forever chemicals per- and polyfluoroalkyl substances (PFAS); pushing car dealerships to sell more electric vehicles; and acquiring more than 36,000 acres for permanent protection.

He hasn’t always been in lock-step with environmentalists, however. He resisted banning mining near the Boundary Waters for years and didn’t intervene to stop Enbridge from building a massive Line 3 pipeline replacement that can carry 760,000 barrels of oil per day from the oil sands of Alberta, Canada to Superior Wisconsin.

Walz’s executive order, if it stands, would likely kill a proposed project from Twin Metals — a subsidiary of the Chilean mining conglomerate Antofagasta — which[wants to extract](https://www.twin-metals.com/meet-twin-metals/about-the-project/) copper, nickel, cobalt and other valuable metals from underground veins near Ely and Babbitt, about a dozen miles from the wilderness area.

It bars the Department of Natural Resources and the Minnesota Pollution Control Agency undertaking any environmental reviews or permitting any work associated with nonferrous — or non-iron ore — mining in the Rainy River Headwaters Watershed.

State permits are required for all mining projects in Minnesota, even on federal lands, meaning the ban aims to be impervious to the Trump administration’s attempts to fast-track mining in the area.

It also bars the DNR from offering any new state nonferrous mineral leases in the watershed and from formally partnering with the federal government on review of any proposals.

Walz’s order comes at a critical time: one of Twin Metals’ state leases can be terminated this year if the company hasn’t met all of the terms. Among the terms is that the lease holder must be actively engaged in mining and must have paid the state at least $100,000 in mineral royalty, according to a DNR spokesperson. Mining has not yet begun.

The move bears a strong risk of litigation from mining interests which stand to lose billions of dollars. MiningMinnesota, which serves as the lobbying and public relations arm for the mining industry, said in a statement Walz’s order “lacks legal standing and precedence.”

“Walz’s executive order is a political decision dressed up as an environmental one,” Julie Lucas, the group’s executive director, said in a statement.

The mining industry and the building trades unions argue new mining would reduce Northeast Minnesota’s economic dependence on volatile global markets for iron and steel. Its rich deposits of higher-value metals, along with gases like[helium](https://minnesotareformer.com/2024/05/29/a-fistful-of-helium/) and [possibly hydrogen](https://www.redlakenationnews.com/story/2025/10/30/business/drilling-companies-want-to-explore-for-hydrogen-in-minnesotas-iron-range/135698.html), could offer a lifeline.

The Twin Metals proposal has featured one of the most intense, oscillating environmental conflicts in recent state history, extending all the way to Washington and back.

Earlier this year, U.S. Rep. Pete Stauber, a Republican who represents the 8th District, which includes the protected wilderness,[shepherded a bill](https://minnesotareformer.com/2026/04/15/congress-overturns-ban-on-mining-near-the-boundary-waters/) through Congress to end President Joe Biden’s 20-year federal moratorium on mining leases across more than 225,000 acres of Superior National Forest near the BWCA, which was visited by nearly 150,000 people in 2024.

Stauber is likely to lead the charge against Walz’s prohibition, and mining interests have strong allies in the White House, which is also sure to engage. Stauber called Walz’s order “radical,” saying it will cost union jobs and jeopardize school funding.

“The governor’s executive order is an outright war on Northern Minnesota and our way of life,” Stauber said in a statement.

Few places occupy such a central place in Minnesota’s collective imagination as the Boundary Waters, which has fueled a growing tourism industry that will exceed the economic benefits of mining [by some estimates](https://www.cbsnews.com/minnesota/news/harvard-study-boundary-waters/).

Walz spoke personally about his close connection to the place he first visited with his wife 30 years ago after moving to Mankato for a teaching job. He bought a used canoe from the storied Piragis outfitters in Ely and took students on trips into the wilderness. Later, his brother died on a 2016 camping trip there when a storm came through and felled towering pines.

“This perfect place exists because of God’s plan and the decisions of mortals to protect it,” Walz said. “Each generation has done its part, knowing that although these waters feel eternal when you’re there, they are not invulnerable. Once the majesty of the Boundary Waters is gone, no corporation, no government, and no act of God will bring it back.”

The order forces the issue of mining into the gubernatorial campaign, since the next governor will decide whether to continue the prohibition or change course.

No Democrat is likely to reverse it given [the broad opposition to mining there.](https://www.startribune.com/minnesotans-opposed-to-new-mining-near-boundary-waters-poll-shows/568158962)

A spokesperson for DFL gubernatorial candidate Sen. Amy Klobuchar said in a statement she has “serious concerns” about mining so close to the Boundary Waters but also that she supports mining. The spokesperson did not say if she supports the executive order and would continue the ban if elected governor.

Republicans candidate Rep. Lisa Demuth blasted Walz for his “hostility” toward mining and costing good-paying jobs.

“As governor, I will work each day to ensure mining is part of Minnesota’s future. We can do it safely here better than anywhere in the world, protecting our beloved outdoors while benefiting from the job creation and tax revenue these projects bring to northern Minnesota,” Demuth said in a statement.

Rep. Alex Falconer, a Democrat from Eden Prairie who works for the group suing to stop the Twin Metals project, Northeastern Minnesotans for Wilderness, was less optimistic than Walz that this order definitively ends the battle over copper-nickel mining.

“Antofagasta is a billion dollar international company … they can sit on a project until favorable political winds prevail,” he said. “The fight ahead of us is legislation.”

Walz’s order directs his staff to draft legislative language prohibiting mining in the Rainy River Headwaters Watershed, which would require Democrats to take back control of the Legislature by a significant margin, given that some northern Minnesota Democrats support mining in the area.

State Sen. Grant Hauschild, a northern Minnesota Democrat who is in a tough reelection battle, released a statement opposing Walz’s order, for instance saying he’d pursue “an objective, science-based process.”

Bois Forte Band of Ojibwe Chairman Carlos Hernandez commended Walz at the news conference for helping uphold the government’s treaty obligations to protect their traditional homelands for hunting, fishing and gathering from the threat of mining pollution.

“We have heard promises that copper-nickel mining can be done safely, but when we’re talking about water that our people have depended on for generations, we cannot afford to find out after the fact that those promises were wrong,” Hernandez said.

The post [Minnesota Gov. Tim Walz signs executive order banning nonferrous mining near Boundary Waters](https://ictnews.org/news/minnesota-gov-tim-walz-signs-executive-order-banning-nonferrous-mining-near-boundary-waters/) appeared first on [ICT](https://ictnews.org/).

---

**From [ICT](https://ictnews.org/feed) via [This RSS Feed](https://ictnews.org/feed).**","story originally published Minnesota Reformer J Patrick Coolican Max Nesterak Minnesota Reformer Gov Tim Walz signed executive order Tuesday Aug 18 banning nonferrous mining near Boundary Waters Canoe Area Wilderness may prove one significant conservation acts generations five decades mining companies hungrily eyed rich deposits copper nickel valuable metals Rainy River Headwaters Watershed spurring fierce resistance environmentalists Native American tribes seeking protect one pristine wilderness areas left United States water pure people regularly drink right lakes Walz said order definitively ends fight that’s playing courtrooms regulatory offices state Legislature halls Congress “The verdict decision’s made protect place forever,” Walz said news conference Belwin Conservancy near Afton State Park backdrop rolling restored prairie oak savanna twilight political career executive order cements Walz’s legacy important conservationist serves capstone environmental agenda two terms governor Walz overseen raft environmental achievements made possible Democrats taking control Legislature 2023 mandating 100 percent carbon-free electricity 2040 banning so-called forever chemicals per polyfluoroalkyl substances PFAS pushing car dealerships sell electric vehicles acquiring 36,000 acres permanent protection hasn’t always lock-step environmentalists however resisted banning mining near Boundary Waters years didn’t intervene stop Enbridge building massive Line 3 pipeline replacement carry 760,000 barrels oil per day oil sands Alberta Canada Superior Wisconsin Walz’s executive order stands would likely kill proposed project Twin Metals — subsidiary Chilean mining conglomerate Antofagasta — which[wants extract copper nickel cobalt valuable metals underground veins near Ely Babbitt dozen miles wilderness area bars Department Natural Resources Minnesota Pollution Control Agency undertaking environmental reviews permitting work associated nonferrous — non-iron ore — mining Rainy River Headwaters Watershed State permits required mining projects Minnesota even federal lands meaning ban aims impervious Trump administration’s attempts fast-track mining area also bars DNR offering new state nonferrous mineral leases watershed formally partnering federal government review proposals Walz’s order comes critical time one Twin Metals’ state leases terminated year company hasn’t met terms Among terms lease holder must actively engaged mining must paid state least 100,000 mineral royalty according DNR spokesperson Mining yet begun move bears strong risk litigation mining interests stand lose billions dollars MiningMinnesota serves lobbying public relations arm mining industry said statement Walz’s order “lacks legal standing precedence.” “Walz’s executive order political decision dressed environmental one,” Julie Lucas group’s executive director said statement mining industry building trades unions argue new mining would reduce Northeast Minnesota’s economic dependence volatile global markets iron steel rich deposits higher-value metals along gases like[helium possibly hydrogen could offer lifeline Twin Metals proposal featured one intense oscillating environmental conflicts recent state history extending way Washington back Earlier year U.S Rep Pete Stauber Republican represents 8th District includes protected wilderness,[shepherded bill Congress end President Joe Biden’s 20-year federal moratorium mining leases across 225,000 acres Superior National Forest near BWCA visited nearly 150,000 people 2024 Stauber likely lead charge Walz’s prohibition mining interests strong allies White House also sure engage Stauber called Walz’s order “radical,” saying cost union jobs jeopardize school funding “The governor’s executive order outright war Northern Minnesota way life,” Stauber said statement places occupy central place Minnesota’s collective imagination Boundary Waters fueled growing tourism industry exceed economic benefits mining estimates Walz spoke personally close connection place first visited wife 30 years ago moving Mankato teaching job bought used canoe storied Piragis outfitters Ely took students trips wilderness Later brother died 2016 camping trip storm came felled towering pines “This perfect place exists God’s plan decisions mortals protect it,” Walz said “Each generation done part knowing although waters feel eternal you’re invulnerable majesty Boundary Waters gone corporation government act God bring back.” order forces issue mining gubernatorial campaign since next governor decide whether continue prohibition change course Democrat likely reverse given broad opposition mining spokesperson DFL gubernatorial candidate Sen Amy Klobuchar said statement “serious concerns” mining close Boundary Waters also supports mining spokesperson say supports executive order would continue ban elected governor Republicans candidate Rep Lisa Demuth blasted Walz “hostility” toward mining costing good-paying jobs “As governor work day ensure mining part Minnesota’s future safely better anywhere world protecting beloved outdoors benefiting job creation tax revenue projects bring northern Minnesota,” Demuth said statement Rep Alex Falconer Democrat Eden Prairie works group suing stop Twin Metals project Northeastern Minnesotans Wilderness less optimistic Walz order definitively ends battle copper-nickel mining “Antofagasta billion dollar international company … sit project favorable political winds prevail,” said “The fight ahead us legislation.” Walz’s order directs staff draft legislative language prohibiting mining Rainy River Headwaters Watershed would require Democrats take back control Legislature significant margin given northern Minnesota Democrats support mining area State Sen Grant Hauschild northern Minnesota Democrat tough reelection battle released statement opposing Walz’s order instance saying he’d pursue “an objective science-based process.” Bois Forte Band Ojibwe Chairman Carlos Hernandez commended Walz news conference helping uphold government’s treaty obligations protect traditional homelands hunting fishing gathering threat mining pollution “We heard promises copper-nickel mining done safely we’re talking water people depended generations cannot afford find fact promises wrong,” Hernandez said post Minnesota Gov Tim Walz signs executive order banning nonferrous mining near Boundary Waters appeared first ICT ICT via RSS Feed"
"By Kit Klarenberg – Aug 18, 2026

**A new study warns that Ukraine’s expanding system of memory laws has turned historical narratives into a tool of state enforcement, deepening restrictions on public discourse and intensifying efforts to shape national identity amid the conflict with Russia.**

Over the past two decades, hardline Ukrainian ultranationalists have waged an ever-escalating war on history at home and abroad, with dramatic, world-changing consequences. In the country itself, a highly repressive legal apparatus is increasingly enforcing dangerously skewed narratives of Kiev’s near and distant past, with excessive criminal penalties even for those who unwittingly fall foul of the law. A brazenly politicised battle, it has become turbocharged since the Ukraine proxy conflict’s eruption. Despite widespread opposition, Kiev’s aggressive [ultranationalist offensive](https://english.almayadeen.net/news/politics/ukraine-s-infamous-azov-battalion-eyes-english-speaking-recr) on history is only intensifying.

These are the grave findings of an [extraordinary paper](https://www.researchgate.net/publication/410944369_To_discipline_and_punish_A_punitive_turn_in_the_memory_politics_in_Ukraine_2006-2025) by Ukrainian academic Georgiy Kasianov, “To discipline and punish”: A punitive turn in the memory politics in Ukraine, 2006–2025. As the author notes, the weaponisation of law in service of memory politics is common in Central and Eastern Europe. At least nine countries in the region boast legislation prohibiting public displays of Communist and Nazi symbols, which underpins local ultranationalist efforts – [eagerly endorsed](https://www.theguardian.com/books/2014/aug/06/devils-alliance-hitlers-pact-stalin-1938-1941-roger-moorhouse-review) by the EU – to perversely conflate the two ideologies as comparable totalitarianisms.

Moreover, in many cases – [especially the Baltics](https://www.kitklarenberg.com/p/declassified-mi6-support-for-nazi) – these laws are components of wider cultural and legal ecosystems glorifying Nazi collaborators and Holocaust perpetrators as heroic freedom fighters, while strictly limiting discourse about World War II to conceal local culpability for macabre crimes. As such, Kasianov writes, Ukraine’s “punitive model of memory politics” fits into “a broader post-Communist pattern of state-enforced historical narratives”. Yet, “in its severity, selectivity, ideological and bureaucratic instrumentalization”, Kiev’s war on history “represents a particularly radical and revealing case”.

Today, Ukraine “leads Europe in the number of judicial decisions concerning violations of criminal statutes specifically designed to prohibit certain historical symbols”, with criminal penalties for breaching “memory laws” being the continent’s “most severe”. Kasianov traces this state of affairs to the mid-2000s, when [Western-installed](https://www.mintpressnews.com/coup-cia-foreign-agent-law-color-revolution-georgia/283992/) President Viktor Yushchenko’s government sought to implement laws “institutionalizing” the Soviet Union’s [1930 – 1933 famine](https://www.hamptonthink.org/read/stalin-in-ukraine-a-critical-examination-of-the-holodomor) as a deliberate genocide of Ukrainians specifically engineered by Joseph Stalin. It is known within Ukraine, and increasingly internationally, as “Holodomor”.

While the famine and resultant mass death was produced and exacerbated by catastrophic human errors combined with adverse natural factors, few historians consider the horror to have [been intentional](https://voxdev.org/topic/institutions-political-economy/stalins-famine). Markedly, Kazakhs and Russians [also perished](https://www.tandfonline.com/doi/epdf/10.1080/14623528.2025.2561440) in vast numbers. As of [November 2022](https://euromaidanpress.com/2018/11/24/see-which-countries-recognize-ukraines-holodomor-famine-as-genocide-on-an-interactive-map/), just 23 UN member states have recognised Holodomor as a genocide – most being Kiev’s close allies, post-Maidan. Nonetheless, prominent Western sources [state axiomatically](https://cla.umn.edu/chgs/holocaust-genocide-education/resource-guides/holodomor) the famine was deliberately inflicted, part of a wider ongoing Russian and/or Soviet effort to erase Ukraine.

Meanwhile, [ultranationalist claims](https://jacobin.com/2023/08/black-ribbon-day-ultranationalism-far-right-ukraine-holodomor-holocaust-revisionism) of how many Ukrainians were supposedly killed by the famine have grown ever-wilder, with some sources placing the figure as high as 10 million. This is [several times](https://www.gis.huri.harvard.edu/media-gallery/detail/1381000/1082128) the multiethnic death toll typically accepted by scholars, conveniently framing the so-called Holodomor as a greater targeted crime against humanity than the Holocaust. Yuschenko’s foray into memory politics contributed significantly to this warped contemporary informational climate. Still, 2006 legislation formally designating Holodomor as genocidal didn’t include punitive measures for denying or questioning that characterisation.

Kasianov documents how over the next 14 years, 13 separate attempts were made to criminalise “Holodomor denial” by ultranationalist Ukrainian elements within and without government and parliament. Each effort sought to impose “a state-sanctioned historical orthodoxy” around Holodomor, while “[constraining] scholarly debate and freedom of expression”. None received approval from parliament’s “legal analytical department”, but ultranationalist memory politics ultimately prevailed on a cultural and political level locally, and beyond. Notably, many of these initiatives were sponsored by the [openly Neo-Nazi](https://www.academia.edu/5261476) political party Svoboda.

**Political repression**  
Svoboda played a [substantial role](https://www.kitklarenberg.com/p/the-neo-nazi-who-knew-too-much) in the [Western-orchestrated](https://www.kitklarenberg.com/p/anatomy-of-a-coup-how-cia-front-laid) 2014 Maidan coup, which not coincidentally “created a fertile environment for reframing memory politics as an instrument of state security and ideological consolidation.” The government of Petro Poroshenko justified the “rapid passage of a package of laws aimed at condemning [Communism] and institutionalizing a nationalist historical narrative” as a “necessary defensive measure” and “nation-building project,” countering supposed “external aggression” from Russia. This led to the adoption of hitherto unthinkable legislation in April 2015.

These hastily passed laws equated Communism with Nazism, prohibiting the public display of symbols associated with both ideologies. Yet, Kasianov notes the legislation “also granted legal and moral rehabilitation” to mass-murdering, Nazi-affiliated Ukrainian nationalist factions heavily implicated in the Holocaust. This included Stepan Bandera’s Organisation of Ukrainian Nationalists, and its armed Ukrainian Insurgent Army (UPA) wing. Moreover, despite the law’s formal dual condemnation of Communism and Nazism, Kasianov details how “its implementation and symbolic focus reveal a stark imbalance.”

Approximately 90% of the legislation’s text “is dedicated to defining and enumerating Communist symbols, while Nazi symbols are addressed in relatively minimal and largely perfunctory terms.” Nazi-related prohibitions are “limited to the most universally recognized insignia of the Third Reich, such as the swastika.” By contrast, “the law offers an expansive and detailed catalog of banned Soviet insignia, ranging from the hammer and sickle to red stars and Soviet-era street names.” This “obvious asymmetry” extends even further.

Symbols associated with local Neo-Nazi groups, or formal World War II-era collaborationist Ukrainian military units such as [SS Division Galicia](https://open.substack.com/pub/martahavryshko/p/the-waffen-ss-galicia-division-the?r=hmeu9), are spared from proscription entirely. “Legal and policy experts and Ukrainian and international human rights organizations” have all expressed concerns over the law’s “vague definitions,” and “potential misuse for political repression.” The Ukrainian Rada’s own “expert department” found the legislation conflicted with the country’s established constitution, and several existing domestic laws.

Disproportionately harsh punishments for infringements, with offenders facing prison sentences of up to five years along with property confiscation, also drew widespread criticism. A lawyer and lecturer at Lviv National University [strikingly compared](https://krytyka.com/ua/articles/otsinyuvaty-taabo-karaty-yurydychnyy-komentar-do-antykomunistychnoho-zakonoproiektu) the penalties involved to “using a guillotine to treat a headache.” A damning [open letter](https://krytyka.com/en/articles/open-letter-scholars-and-experts-ukraine-re-so-called-anti-communist-law) signed by a welter of academics and policymakers dubbed the legislation “an instrument of ideological purification, selectively targeting the symbols and narratives associated with the political left while allowing for the implicit valorization of radical nationalist traditions.”

These devastating indictments were dismissed by the law’s advocates as “Kremlin propaganda”, if not outright treason. Kasianov reveals how “principal architects” of Poroshenko’s “Decommunization” agenda were a coterie of ultranationalist “memory activists”, drawn from the Lviv-based Center for Research on the Liberation Movement, and Youth Nationalist Congress. Both maintain “close ideological and organizational ties” with, operating as “facade organizations” for, the Banderite OUN. The pair have long served as “conduits for nationalist reinterpretation of 20th century Ukrainian history and strong anti-Communist and anti-Russian policies”.

> [The Ukraine War Is a US War on Russia](https://orinocotribune.com/the-ukraine-war-is-a-us-war-on-russia/)

**‘Memory regime’**Post-Maidan, “several leading figures from this milieu assumed influential positions within state institutions, shaping historical policy.” This included extensive infiltration of the Ukrainian Institute of National Remembrance (UINP), the state body charged with implementing memory laws. Then-Deputy Prime Minister Oleksandr Sych of Neo-Nazi Svoboda appointed OUN-linked figures to influential positions within UINP. Not coincidentally, [Sych cofounded](https://web.archive.org/web/20140329215042/http:/bp.ubr.ua/profile/--95) the fascist, pro-Maidan Congress of Ukrainian Nationalists, an OUN-B “political facade”. Once their long-sought anti-Communist legislation was enacted, enforcement came thick and fast.

From November 2015 – spring 2016, almost 52,000 toponymical objects, 32 cities, 955 villages and settlements, and 25 administrative districts were renamed, with 2,389 monuments and memorial plaques to “totalitarian leaders” removed. In all, 1,320 were Lenin statues. Between 2015 and 2021 too, Ukrainian police and the general prosecutor’s office registered 334 criminal cases against citizens related to the display of “totalitarian symbols” – “the vast majority of which concerned Communist imagery.” Details were almost invariably farcical.

In May 2017, a student narrowly avoided jail for posting Lenin quotes on Facebook. Under his plea deal, he publicly expressed “sincere remorse”, while his personal copy of Karl Marx’s Capital was destroyed. In June 2019, an unemployed man received a one-year suspended prison sentence for wearing an old T-shirt featuring the Soviet coat of arms while washing windows. In March 2021, a Lviv resident was sentenced to one year’s probation after being “detained by politically vigilant local citizens” for wearing a USSR emblem.

In the meantime, further legislation was passed by Kiev sacralising ultranationalist historical narratives. Lack of political pushback was in no small part assured by Ukraine’s Communist party [being banned](https://www.unian.info/society/1214377-court-rules-complete-ban-of-communist-party-of-ukraine.html) in December 2015. The same [openly fascist and Neo-Nazi elements](https://english.almayadeen.net/news/politics/zelensky-accused-of-prioritizing-neo-nazis-in-prisoner-excha) behind Poroshenko’s “Decommunization” push successfully [sponsored laws](https://www.unian.info/politics/10493049-law-granting-fighters-for-ukraine-s-independence-in-20th-century-combatant-status-comes-into-force.html) granting OUN and UPA genocidaires official combatant status and veteran benefits. Now insulated from legal consequences for any atrocities they committed, Ukrainian state sources universally [describe them](https://www.warmuseum.kyiv.ua/en/news/show/the-last-battle-of-the-insurgents) as “heroes” who fought for Ukrainian “independence”.

The volume of cases brought under “Decommunization” laws, and severity of the punishments involved, ratcheted significantly following the Ukraine proxy war’s eruption. Authorities were handed an ideal rationale further assaulting history, while waging war on enemies within, under the guise of “derussification and decolonization.” In keeping with the “near-absence of prosecutions for Nazi-related offenses” pre-conflict, in over 300 criminal cases brought to trial 2022 – 2025, fewer than 10 involved Nazi symbols. The vast majority “concerned the dissemination of prohibited [Communist] symbols on social media platforms.”

Today, even simply *liking*social media posts featuring Soviet symbols can land Ukrainians in court. Kasianov notes how “case materials” have “indicated the emergence of specialized investigators…focused on monitoring digital communications and online content,” within the ranks of both police and the SBU security service. There has concomitantly been a significant rise in “vigilant citizens” reporting acquaintances, coworkers, and neighbours to authorities for breaching Kiev’s stringent memory laws. “Overwhelmingly”, individuals “from marginalized and impoverished segments of the population” have been targeted.

Ever since Maidan, Ukraine’s “punitive memory regime” and “nationalist identity project” have been wholeheartedly embraced and promoted by Kiev’s Western proxy sponsors. No wonder – the legally enforced distorted narrative that Ukraine is fighting a battle for its very existence, and ultimate liberation from “Russian imperialism”, ensures the war will continue in perpetuity. All along, distorted “memory politics” becomes more entrenched and rabid at the country’s highest levels, leaving the population – and the wider world – at the mercy of a dangerous and deranged ultranationalist clique.

([Al Mayadeen](https://english.almayadeen.net/articles/analysis/ukraine-s-ultranationalist-war-on-history))

---

**From [Orinoco Tribune](https://orinocotribune.com/feed/) via [This RSS Feed](https://orinocotribune.com/feed/).**","Kit Klarenberg – Aug 18 2026 new study warns Ukraine’s expanding system memory laws turned historical narratives tool state enforcement deepening restrictions public discourse intensifying efforts shape national identity amid conflict Russia past two decades hardline Ukrainian ultranationalists waged ever-escalating war history home abroad dramatic world-changing consequences country highly repressive legal apparatus increasingly enforcing dangerously skewed narratives Kiev’s near distant past excessive criminal penalties even unwittingly fall foul law brazenly politicised battle become turbocharged since Ukraine proxy conflict’s eruption Despite widespread opposition Kiev’s aggressive ultranationalist offensive history intensifying grave findings extraordinary paper Ukrainian academic Georgiy Kasianov “To discipline punish” punitive turn memory politics Ukraine 2006–2025 author notes weaponisation law service memory politics common Central Eastern Europe least nine countries region boast legislation prohibiting public displays Communist Nazi symbols underpins local ultranationalist efforts – eagerly endorsed EU – perversely conflate two ideologies comparable totalitarianisms Moreover many cases – especially Baltics – laws components wider cultural legal ecosystems glorifying Nazi collaborators Holocaust perpetrators heroic freedom fighters strictly limiting discourse World War II conceal local culpability macabre crimes Kasianov writes Ukraine’s “punitive model memory politics” fits “a broader post-Communist pattern state-enforced historical narratives” Yet “in severity selectivity ideological bureaucratic instrumentalization” Kiev’s war history “represents particularly radical revealing case” Today Ukraine “leads Europe number judicial decisions concerning violations criminal statutes specifically designed prohibit certain historical symbols” criminal penalties breaching “memory laws” continent’s “most severe” Kasianov traces state affairs mid-2000s Western-installed President Viktor Yushchenko’s government sought implement laws “institutionalizing” Soviet Union’s 1930 – 1933 famine deliberate genocide Ukrainians specifically engineered Joseph Stalin known within Ukraine increasingly internationally “Holodomor” famine resultant mass death produced exacerbated catastrophic human errors combined adverse natural factors historians consider horror intentional Markedly Kazakhs Russians also perished vast numbers November 2022 23 UN member states recognised Holodomor genocide – Kiev’s close allies post-Maidan Nonetheless prominent Western sources state axiomatically famine deliberately inflicted part wider ongoing Russian and/or Soviet effort erase Ukraine Meanwhile ultranationalist claims many Ukrainians supposedly killed famine grown ever-wilder sources placing figure high 10 million several times multiethnic death toll typically accepted scholars conveniently framing so-called Holodomor greater targeted crime humanity Holocaust Yuschenko’s foray memory politics contributed significantly warped contemporary informational climate Still 2006 legislation formally designating Holodomor genocidal didn’t include punitive measures denying questioning characterisation Kasianov documents next 14 years 13 separate attempts made criminalise “Holodomor denial” ultranationalist Ukrainian elements within without government parliament effort sought impose “a state-sanctioned historical orthodoxy” around Holodomor “[constraining scholarly debate freedom expression” None received approval parliament’s “legal analytical department” ultranationalist memory politics ultimately prevailed cultural political level locally beyond Notably many initiatives sponsored openly Neo-Nazi political party Svoboda Political repression Svoboda played substantial role Western-orchestrated 2014 Maidan coup coincidentally “created fertile environment reframing memory politics instrument state security ideological consolidation.” government Petro Poroshenko justified “rapid passage package laws aimed condemning Communism institutionalizing nationalist historical narrative” “necessary defensive measure” “nation-building project,” countering supposed “external aggression” Russia led adoption hitherto unthinkable legislation April 2015 hastily passed laws equated Communism Nazism prohibiting public display symbols associated ideologies Yet Kasianov notes legislation “also granted legal moral rehabilitation” mass-murdering Nazi-affiliated Ukrainian nationalist factions heavily implicated Holocaust included Stepan Bandera’s Organisation Ukrainian Nationalists armed Ukrainian Insurgent Army UPA wing Moreover despite law’s formal dual condemnation Communism Nazism Kasianov details “its implementation symbolic focus reveal stark imbalance.” Approximately 90 legislation’s text “is dedicated defining enumerating Communist symbols Nazi symbols addressed relatively minimal largely perfunctory terms.” Nazi-related prohibitions “limited universally recognized insignia Third Reich swastika.” contrast “the law offers expansive detailed catalog banned Soviet insignia ranging hammer sickle red stars Soviet-era street names.” “obvious asymmetry” extends even Symbols associated local Neo-Nazi groups formal World War II-era collaborationist Ukrainian military units SS Division Galicia spared proscription entirely “Legal policy experts Ukrainian international human rights organizations” expressed concerns law’s “vague definitions,” “potential misuse political repression.” Ukrainian Rada’s “expert department” found legislation conflicted country’s established constitution several existing domestic laws Disproportionately harsh punishments infringements offenders facing prison sentences five years along property confiscation also drew widespread criticism lawyer lecturer Lviv National University strikingly compared penalties involved “using guillotine treat headache.” damning open letter signed welter academics policymakers dubbed legislation “an instrument ideological purification selectively targeting symbols narratives associated political left allowing implicit valorization radical nationalist traditions.” devastating indictments dismissed law’s advocates “Kremlin propaganda” outright treason Kasianov reveals “principal architects” Poroshenko’s “Decommunization” agenda coterie ultranationalist “memory activists” drawn Lviv-based Center Research Liberation Movement Youth Nationalist Congress maintain “close ideological organizational ties” operating “facade organizations” Banderite OUN pair long served “conduits nationalist reinterpretation 20th century Ukrainian history strong anti-Communist anti-Russian policies” Ukraine War US War Russia ‘Memory regime’**Post-Maidan “several leading figures milieu assumed influential positions within state institutions shaping historical policy.” included extensive infiltration Ukrainian Institute National Remembrance UINP state body charged implementing memory laws Then-Deputy Prime Minister Oleksandr Sych Neo-Nazi Svoboda appointed OUN-linked figures influential positions within UINP coincidentally Sych cofounded fascist pro-Maidan Congress Ukrainian Nationalists OUN-B “political facade” long-sought anti-Communist legislation enacted enforcement came thick fast November 2015 – spring 2016 almost 52,000 toponymical objects 32 cities 955 villages settlements 25 administrative districts renamed 2,389 monuments memorial plaques “totalitarian leaders” removed 1,320 Lenin statues 2015 2021 Ukrainian police general prosecutor’s office registered 334 criminal cases citizens related display “totalitarian symbols” – “the vast majority concerned Communist imagery.” Details almost invariably farcical May 2017 student narrowly avoided jail posting Lenin quotes Facebook plea deal publicly expressed “sincere remorse” personal copy Karl Marx’s Capital destroyed June 2019 unemployed man received one-year suspended prison sentence wearing old T-shirt featuring Soviet coat arms washing windows March 2021 Lviv resident sentenced one year’s probation “detained politically vigilant local citizens” wearing USSR emblem meantime legislation passed Kiev sacralising ultranationalist historical narratives Lack political pushback small part assured Ukraine’s Communist party banned December 2015 openly fascist Neo-Nazi elements behind Poroshenko’s “Decommunization” push successfully sponsored laws granting OUN UPA genocidaires official combatant status veteran benefits insulated legal consequences atrocities committed Ukrainian state sources universally describe “heroes” fought Ukrainian “independence” volume cases brought “Decommunization” laws severity punishments involved ratcheted significantly following Ukraine proxy war’s eruption Authorities handed ideal rationale assaulting history waging war enemies within guise “derussification decolonization.” keeping “near-absence prosecutions Nazi-related offenses” pre-conflict 300 criminal cases brought trial 2022 – 2025 fewer 10 involved Nazi symbols vast majority “concerned dissemination prohibited Communist symbols social media platforms.” Today even simply liking*social media posts featuring Soviet symbols land Ukrainians court Kasianov notes “case materials” “indicated emergence specialized investigators…focused monitoring digital communications online content,” within ranks police SBU security service concomitantly significant rise “vigilant citizens” reporting acquaintances coworkers neighbours authorities breaching Kiev’s stringent memory laws “Overwhelmingly” individuals “from marginalized impoverished segments population” targeted Ever since Maidan Ukraine’s “punitive memory regime” “nationalist identity project” wholeheartedly embraced promoted Kiev’s Western proxy sponsors wonder – legally enforced distorted narrative Ukraine fighting battle existence ultimate liberation “Russian imperialism” ensures war continue perpetuity along distorted “memory politics” becomes entrenched rabid country’s highest levels leaving population – wider world – mercy dangerous deranged ultranationalist clique Al Mayadeen Orinoco Tribune via RSS Feed"
">Beihai (China) (AFP) – Clasping her hands together in prayer, four-year-old Huanle tells God she misses her mum, whom she hasn't seen since Chinese authorities raided their home last year in a crackdown on their unregistered church. 

>Huanle's mother Wang Cong is a pastor at Zion Church, one of China's largest ""underground"" churches where some Christians choose to worship instead of government-regulated ones.
>
>""My child saw everything, she cried,"" said Ren Zhong, Huanle's father, as he described how seven unidentified officers had entered their home in Beijing that night before he was held down.
>
>""She was in her mother's arms, and they ripped her away.""
>
>Wang was taken along with many of her books, and her family have not spoken to her directly since.
>
>China's constitution guarantees citizens religious freedom. 
>
>However, the ruling Communist Party, which requires its members to be atheist, has historically regarded organised religion with suspicion.
>
>It recognises Protestantism and Catholicism as official religions, but practising organisations must register with the government -- something many Christians feel yields an unacceptable amount of control over church affairs and teachings.
>
>Scrutiny of the country's many unofficial groups has tightened since President Xi Jinping came to power, though enforcement can vary.
>
>Zion was forced to close in 2018, but flourished online during the Covid-19 pandemic.
>
>Authorities detained its founding pastor Ezra Jin during the October crackdown but he was released in July, weeks after US President Donald Trump raised his case with Xi.
>
>Wang and seven others are set to be tried in the southern Chinese coastal city of Beihai -- where Jin lived -- for fraud and illegally operating a business, criminal charges their families dispute.
>
>""After I heard the news (of Jin's release), I was shocked and afraid to believe it,"" said 36-year-old Ren, also a preacher.
>
>""But after joy came worry, worry for my wife, because she was still inside, suffering.""
>
>Asked about the detentions, China's foreign ministry said Beijing ""manages religious affairs in accordance with the law"".
>
>AFP contacted the Beihai public security bureau and local detention facilities, but they said they would not accept interviews. 

>A single suitcase lay open on the floor when AFP visited Ren's temporary residence in Beihai.
>
>Ren had initially hoped Jin's release might mean his wife's would soon follow.
>
>Instead, legal proceedings quickened. 
>
>Authorities indicted Wang and the others two weeks after Jin was reunited with his family in the United States.
>
>A trial was set for mid-August, but later postponed.
>
>Relatives of the detainees argue they should be no longer be held now that Jin is free.
>
>""It's a little hard to justify,"" the elder Gao, 76, said.
>
>According to legal documents described by Ren, the basis for Wang's detention is that her collection of church offerings was fraudulent because Zion is not registered.
>
>Authorities say she gathered around 660,000 yuan ($98,000) between 2019 and 2025.
>
>Ren insisted that financial giving -- used partly to pay pastors -- is part of Biblical teaching practised by Christian churches.
>
>""If it's because of this that my wife has been charged with fraud, then I think this is actually not an accusation against my wife,"" he said.
>
>""It is a denial of the Christian faith as a whole.""

>Jin has been recuperating in the United States and spending time with his family, who relocated there as Zion came under pressure from authorities in 2018.
>
>He said he feels ""deep pain"" knowing that colleagues were left behind.
>
>""I am deeply conflicted, truly torn. I am free, yet in reality, I am not,"" the pastor told AFP.
>
>The 57-year-old was visibly emotional as he described urging the eight detainees to have courage, in a text he had drafted for their lawyers the previous day.
>
>""I hope that one day (their) children will understand that their parents' separation from them -- and their current detention -- is a source of honour,"" he said.
>
>""For the sake of a higher conviction, they are paying a price.""
>
>At Ren's Beihai flat, Huanle danced around to imaginary music, seemingly carefree.
>
>But Ren said there are nights when his daughter refuses to sleep and tells him she's scared.

>Having stopped full-time work in May, Ren spends his days caring for Huanle and advocating for his wife -- posting case updates to an X account with a few hundred followers.
>
>He said worry for his wife has faded, even though people convicted of fraud can face 10 years in jail.
>
>""I believe God is just,"" he said. ""I know God has not forgotten about these eight people.""
>
>Gao, also a Christian, hopes authorities will release his son, but acknowledged the outcome is beyond the families' control.
>
>""It's for leaders to decide,"" he said. ""It's not something ordinary citizens can influence."" ","Beihai China AFP – Clasping hands together prayer four-year-old Huanle tells God misses mum seen since Chinese authorities raided home last year crackdown unregistered church Huanle's mother Wang Cong pastor Zion Church one China's largest underground churches Christians choose worship instead government-regulated ones child saw everything cried said Ren Zhong Huanle's father described seven unidentified officers entered home Beijing night held mother's arms ripped away Wang taken along many books family spoken directly since China's constitution guarantees citizens religious freedom However ruling Communist Party requires members atheist historically regarded organised religion suspicion recognises Protestantism Catholicism official religions practising organisations must register government something many Christians feel yields unacceptable amount control church affairs teachings Scrutiny country's many unofficial groups tightened since President Xi Jinping came power though enforcement vary Zion forced close 2018 flourished online Covid-19 pandemic Authorities detained founding pastor Ezra Jin October crackdown released July weeks US President Donald Trump raised case Xi Wang seven others set tried southern Chinese coastal city Beihai Jin lived fraud illegally operating business criminal charges families dispute heard news Jin's release shocked afraid believe said 36-year-old Ren also preacher joy came worry worry wife still inside suffering Asked detentions China's foreign ministry said Beijing manages religious affairs accordance law AFP contacted Beihai public security bureau local detention facilities said would accept interviews single suitcase lay open floor AFP visited Ren's temporary residence Beihai Ren initially hoped Jin's release might mean wife's would soon follow Instead legal proceedings quickened Authorities indicted Wang others two weeks Jin reunited family United States trial set mid-August later postponed Relatives detainees argue longer held Jin free little hard justify elder Gao 76 said According legal documents described Ren basis Wang's detention collection church offerings fraudulent Zion registered Authorities say gathered around 660,000 yuan 98,000 2019 2025 Ren insisted financial giving used partly pay pastors part Biblical teaching practised Christian churches wife charged fraud think actually accusation wife said denial Christian faith whole Jin recuperating United States spending time family relocated Zion came pressure authorities 2018 said feels deep pain knowing colleagues left behind deeply conflicted truly torn free yet reality pastor told AFP 57-year-old visibly emotional described urging eight detainees courage text drafted lawyers previous day hope one day children understand parents separation current detention source honour said sake higher conviction paying price Ren's Beihai flat Huanle danced around imaginary music seemingly carefree Ren said nights daughter refuses sleep tells scared stopped full-time work May Ren spends days caring Huanle advocating wife posting case updates X account hundred followers said worry wife faded even though people convicted fraud face 10 years jail believe God said know God forgotten eight people Gao also Christian hopes authorities release son acknowledged outcome beyond families control leaders decide said something ordinary citizens influence"
">It was meant to be an outing for Black children in Berlin and their families, offering them an exclusive afternoon at an outdoor pool set up by a local theatre.
>
>But the plans, slated for earlier this month, had to be scrapped after they were seized on by rightwing and conservative voices to whip up outrage, leaving organisers fending off racist emails and threats.
>
>Berlin’s Volksbühne theatre said it had extended the invitation in hopes of dismantling some of the barriers that would normally keep these children away from the pool. While other groups had similarly been invited to use pool exclusively without incident, the idea of Black children enjoying a private afternoon at a public pool proved to be controversial among some.
>
>“Berlin is a livable, diverse, colourful and free city. So why do we need safe spaces?” a local Christian Democrat politician, Aileen Weibeler, said on social media, while the far-right Alternative für Deutschland co-leader Alice Weidel described it as “an apartheid” in which “white people are temporarily denied access”.
>
>It was the latest in a long list of incidents linking swimming pools to racism. Across North America and Europe swimming pools have often acted as a flashpoint for wider racial tensions and exclusions.",meant outing Black children Berlin families offering exclusive afternoon outdoor pool set local theatre plans slated earlier month scrapped seized rightwing conservative voices whip outrage leaving organisers fending racist emails threats Berlin’s Volksbühne theatre said extended invitation hopes dismantling barriers would normally keep children away pool groups similarly invited use pool exclusively without incident idea Black children enjoying private afternoon public pool proved controversial among “Berlin livable diverse colourful free city need safe spaces?” local Christian Democrat politician Aileen Weibeler said social media far-right Alternative für Deutschland co-leader Alice Weidel described “an apartheid” “white people temporarily denied access” latest long list incidents linking swimming pools racism Across North America Europe swimming pools often acted flashpoint wider racial tensions exclusions
"Libu-libong Korean at kanilang mga tagasuporta ang nagmartsa sa Seoul, kapitolyo ng South Korea, noong Agosto 15 para gunitain ang ika-81 National Liberation Day ng bansa. Bahagi ng mga pagkilos ang pagbatikos sa umiigting na militarismo ng imperyalismong US at ang patuloy nitong pagkontrol sa ekonomya ng South Korea sa pamamagitan ng nakasasakal na mga taripa.

Ayon sa mga ulat, kabilang sa hanay ng 10,000 nagprotesta ang mga manggagawa sa ilalim ng Korean Confederation of Trade Unions (KCTU). Bahagi ang naturang pagkilos ang malapad na 2026 August 15 Independence and Peace March Organizing Committee.

Kinundena ni Yang Gyeong-su, tagapangulo ng KCTU, ang nagpapatuloy na paggamit ni US Pres. Donald Trump sa taripa bilang sandata upang ipilit ang pamumuhunan at pandarambong nito sa South Korea. Aniya, bahagi ito sa pakikialam ng US sa lokal na ekonomya ng bansa. Nanawagan siya na patibayin ang kasalukuyang pakikibaka laban sa US at mga imperyalistang gerang agresyon nito.

Dagdag rito, kinundena sa pagkilos ang Ulchi Freedom Shield (UFS) 2026 na taunang war games ng imperyalismong US at pwersang militar ng Republic of Korea (ROK). Layunin nitong magpakitang-gilas ng lakas militar laban sa mga katunggaling bansa tulad ng North Korea at China. Nakatakda ito mula Agosto 17 hanggang Agosto 27 ngunit biglang ipinahinto noong Agosto 21 sa utos ni US Pres. Trump.

Kabilang din sa lumahok sa pagkilos sa Seoul ang mga Korean na naninirahan sa US at dayuhang bahagi ng Jaju Solidarity Brigade na inorganisa ng Nodutdol for Korean Community Development alinsunod sa kampanya nitong “US Out of Korea.” Ayon sa Nodutdol, ito ang kauna-unahang internasyunal na delegasyon para lumahok sa taunang protesta sa National Liberation Day.

Hindi bababa sa 21 internasyunal na mga kontra-gera at progresibong organisasyon mula US, Hawai’i, Puerto Rico, Guåhan (Guam), Pilipinas at India ang bahagi ng delegasyon. Bago ang paglahok sa malaking protesta, isang linggo silang umikot at bumisita sa mga base militar ng US para alamin ang kalayagan at epekto ng presensyang militar ng US sa mga komunidad. Nagpunta sila sa Gusan Air Base, Camp Casey at Camp Humphreys.

Ayon kay Chrisley Carpio, myembro ng standing committee ng Freedom Road Socialist Organization ng US, binista ng delegasyon ang mga bantayog ng mga batang pinatay ng mga tropa ng US, ang malalaking libingan ng mga bilanggong pulitikal na lumaban sa pananakop ng US, at ang mga lupang inagaw mula sa mga Korean para pagtayuan ng mga base. “Hindi lamang ito mga lugar ng trahedya, kundi ng pakikibaka…mayroong kilusan, kampanya, at panawagan,” aniya.

Kasama rin sa mga lumahok sa pagbisita sa South Korea ang mga myembro ng Bagong Alyansang Makabayan (Bayan). Ayon sa Bayan-USA, mahigpit silang nakikiisa sa lahat ng mga pagsisikap para palayasin ang US mula sa South Korea hanggang sa Plipinas. “Ang presensyang militar ng US ay patuloy na naghahatid ng panganib sa ating mamamayan,” pahayag ni June Colcol, pangkalahatang kalihim ng Bayan-USA.

Dumalo sa pagkilos ang pangkalahatang kalihim ng Bayan Philippines na si Raymond Palatino. Nagpahayag ng mahigpit na pakikipagkaisa ang Bayan sa mamamayang Korean sa paggigiit sa pambansang soberanya at pagbatikos sa UFS 2026 at ang pagpapalawak ng militarismo ng US. “Ayaw naming makaladkad sa gerang proxy ng US, na ginagamit ang aming mamamayan bilang pambala sa kanyon, at ang aming lupa bilang mga palaruan ng gera at lunsaran ng pagpapakitang-gilas sa militar ng US,” ayon sa talumpati ni Palatino sa programa.

Sa pahayag ng Nodutdol, naging matagumpay ang Jaju Solidarity Brigade dahil pinalakas nito ang kanilang loob at kahandaan na mag-organisa at magmulat sa mga mamamayan sa kanilang uuwiang mga bansa hinggil sa kalagayan ng South Korea. “Ang progresibong kilusang masa ng South Korea ay nangangailangan ng pakikipagkapatiran ng buong mundo dahil ito ay nakikibaka upang maibalik ang soberanya ng mamamayang Koreano pagkatapos ng mahigit isang siglo ng imperyalistang dominasyon. Ang kilusang ito na para sa kapayapaan at pagpapalaya ay para sa interes ng buong sangkatauhan,” ayon sa Nodutdol.

The post [Libu-libong Korean, nagmartsa para palayasin ang tropa ng US sa Korea](https://philippinerevolution.nu/angbayan/libu-libong-korean-nagmartsa-para-palayasin-ang-tropa-ng-us-sa-korea/) appeared first on [PRWC | Philippine Revolution Web Central](https://philippinerevolution.nu/).

---

**From [PRWC | Philippine Revolution Web Central](https://philippinerevolution.nu/feed/) via [This RSS Feed](https://philippinerevolution.nu/feed/).**","Libu-libong Korean kanilang mga tagasuporta ang nagmartsa sa Seoul kapitolyo ng South Korea noong Agosto 15 para gunitain ang ika-81 National Liberation Day ng bansa Bahagi ng mga pagkilos ang pagbatikos sa umiigting na militarismo ng imperyalismong US ang patuloy nitong pagkontrol sa ekonomya ng South Korea sa pamamagitan ng nakasasakal na mga taripa Ayon sa mga ulat kabilang sa hanay ng 10,000 nagprotesta ang mga manggagawa sa ilalim ng Korean Confederation Trade Unions KCTU Bahagi ang naturang pagkilos ang malapad na 2026 August 15 Independence Peace March Organizing Committee Kinundena ni Yang Gyeong-su tagapangulo ng KCTU ang nagpapatuloy na paggamit ni US Pres Donald Trump sa taripa bilang sandata upang ipilit ang pamumuhunan pandarambong nito sa South Korea Aniya bahagi ito sa pakikialam ng US sa lokal na ekonomya ng bansa Nanawagan siya na patibayin ang kasalukuyang pakikibaka laban sa US mga imperyalistang gerang agresyon nito Dagdag rito kinundena sa pagkilos ang Ulchi Freedom Shield UFS 2026 na taunang war games ng imperyalismong US pwersang militar ng Republic Korea ROK Layunin nitong magpakitang-gilas ng lakas militar laban sa mga katunggaling bansa tulad ng North Korea China Nakatakda ito mula Agosto 17 hanggang Agosto 27 ngunit biglang ipinahinto noong Agosto 21 sa utos ni US Pres Trump Kabilang din sa lumahok sa pagkilos sa Seoul ang mga Korean na naninirahan sa US dayuhang bahagi ng Jaju Solidarity Brigade na inorganisa ng Nodutdol Korean Community Development alinsunod sa kampanya nitong “US Korea.” Ayon sa Nodutdol ito ang kauna-unahang internasyunal na delegasyon para lumahok sa taunang protesta sa National Liberation Day Hindi bababa sa 21 internasyunal na mga kontra-gera progresibong organisasyon mula US Hawai’i Puerto Rico Guåhan Guam Pilipinas India ang bahagi ng delegasyon Bago ang paglahok sa malaking protesta isang linggo silang umikot bumisita sa mga base militar ng US para alamin ang kalayagan epekto ng presensyang militar ng US sa mga komunidad Nagpunta sila sa Gusan Air Base Camp Casey Camp Humphreys Ayon kay Chrisley Carpio myembro ng standing committee ng Freedom Road Socialist Organization ng US binista ng delegasyon ang mga bantayog ng mga batang pinatay ng mga tropa ng US ang malalaking libingan ng mga bilanggong pulitikal na lumaban sa pananakop ng US ang mga lupang inagaw mula sa mga Korean para pagtayuan ng mga base “Hindi lamang ito mga lugar ng trahedya kundi ng pakikibaka…mayroong kilusan kampanya panawagan,” aniya Kasama rin sa mga lumahok sa pagbisita sa South Korea ang mga myembro ng Bagong Alyansang Makabayan Bayan Ayon sa Bayan-USA mahigpit silang nakikiisa sa lahat ng mga pagsisikap para palayasin ang US mula sa South Korea hanggang sa Plipinas “Ang presensyang militar ng US ay patuloy na naghahatid ng panganib sa ating mamamayan,” pahayag ni June Colcol pangkalahatang kalihim ng Bayan-USA Dumalo sa pagkilos ang pangkalahatang kalihim ng Bayan Philippines na si Raymond Palatino Nagpahayag ng mahigpit na pakikipagkaisa ang Bayan sa mamamayang Korean sa paggigiit sa pambansang soberanya pagbatikos sa UFS 2026 ang pagpapalawak ng militarismo ng US “Ayaw naming makaladkad sa gerang proxy ng US na ginagamit ang aming mamamayan bilang pambala sa kanyon ang aming lupa bilang mga palaruan ng gera lunsaran ng pagpapakitang-gilas sa militar ng US,” ayon sa talumpati ni Palatino sa programa Sa pahayag ng Nodutdol naging matagumpay ang Jaju Solidarity Brigade dahil pinalakas nito ang kanilang loob kahandaan na mag-organisa magmulat sa mga mamamayan sa kanilang uuwiang mga bansa hinggil sa kalagayan ng South Korea “Ang progresibong kilusang masa ng South Korea ay nangangailangan ng pakikipagkapatiran ng buong mundo dahil ito ay nakikibaka upang maibalik ang soberanya ng mamamayang Koreano pagkatapos ng mahigit isang siglo ng imperyalistang dominasyon Ang kilusang ito na para sa kapayapaan pagpapalaya ay para sa interes ng buong sangkatauhan,” ayon sa Nodutdol post Libu-libong Korean nagmartsa para palayasin ang tropa ng US sa Korea appeared first PRWC Philippine Revolution Web Central PRWC Philippine Revolution Web Central via RSS Feed"
"[Original Reddit post](https://www.reddit.com/r/AskMen/comments/1vxs37o/how_do_you_deal_with_being_single_your_whole_life/)

I grew up fat and ugly, and a minority in a white country. I never had interest shown in me growing up, and I went to the military after graduating high school for a couple of years. I then started uni at 20, finished last year, and I'm 23 now, never even kissed a woman. I've asked out a few women in that time frame but no hooks - these were acquaintances, so I wasn't asking out randoms, but I wasn't asking out good friends either.
I'd like to think I'm a good looking guy now, I've had a glow up, I've lost weight, I go to the gym, good fashion sense etc. My best mates are real with me, and they now they say I'm handsome, especially compared to before. My issue is meeting new people and ""getting more reps in"", so to speak, but tbh I'll admit that I have a weird personality and while I can pretend to like people and be interested in them when I first meet them, it's exhausting for me to keep it up long-term if I don't actually like them. I'm not the most social guy, I'll admit that. I also can't get attracted to women unless I kinda know them.
All this combined I'm kinda done with trying to date people, I've missed my biggest chances in high school and uni, and I don't think I'll meet anyone new through work or my hobbies. I get pretty jealous of seeing my friends in relationships/picking up women easily, and I want to just accept my life for what it is without feeling any particular way towards women I'm attracted to. Any advice?
submitted by
/u/blickt42

Originally posted by u/blickt42 on r/AskMen",Original Reddit post grew fat ugly minority white country never interest shown growing went military graduating high school couple years started uni 20 finished last year 23 never even kissed woman asked women time frame hooks acquaintances asking randoms asking good friends either like think good looking guy glow lost weight go gym good fashion sense etc best mates real say handsome especially compared issue meeting new people getting reps speak tbh admit weird personality pretend like people interested first meet exhausting keep long-term actually like social guy admit also can't get attracted women unless kinda know combined kinda done trying date people missed biggest chances high school uni think meet anyone new work hobbies get pretty jealous seeing friends relationships/picking women easily want accept life without feeling particular way towards women attracted advice submitted u/blickt42 Originally posted u/blickt42 r/AskMen
"[Original Reddit post](https://www.reddit.com/r/AskMen/comments/1vxql4i/men_how_did_you_learn_how_to_rest_mentally_when/)

Hi,
Recently I’m going thru some stuff where everything just feels mentally exhausting from a lot of things that life has thrown at you and once burnout comes; your mind could go crazy about the things in your life right now that feels fine. It’s like your nervous system is dysregulated and just feels so tiring that you haven’t come down into a baseline where everything feels peaceful. Once I got a break, all I know is just distractions; from scrolling on TikTok, reading forums on Reddit and watching things and I know I should be resting, and I know this isn’t the only way to do so.
I’ve been spending a-lot of time on my phone and distractions don’t feel relaxing, rather dopamine feels increased. If I stop spending time on my phone, not only I will neglect my work, I feel like I had no idea what to do after I stop spending time with my phone.
I feel like I need a 2 month vacation just to get back on track! If anyhow possible. I’ll rest after I post this forms but,
I want us men to try and share experiences for us to learn not how to be a freaking robot and actually be a human when work life, exams or any mentally challenging thing just hits us randomly.
submitted by
/u/Admirable-Cloud-9954

Originally posted by u/Admirable-Cloud-9954 on r/AskMen",Original Reddit post Hi Recently I’m going thru stuff everything feels mentally exhausting lot things life thrown burnout comes mind could go crazy things life right feels fine It’s like nervous system dysregulated feels tiring haven’t come baseline everything feels peaceful got break know distractions scrolling TikTok reading forums Reddit watching things know resting know isn’t way I’ve spending a-lot time phone distractions don’t feel relaxing rather dopamine feels increased stop spending time phone neglect work feel like idea stop spending time phone feel like need 2 month vacation get back track anyhow possible I’ll rest post forms want us men try share experiences us learn freaking robot actually human work life exams mentally challenging thing hits us randomly submitted u/Admirable-Cloud-9954 Originally posted u/Admirable-Cloud-9954 r/AskMen
"I think one of the biggest problems with the modern DEI debate is that people have reduced the entire concept to quotas, corporate HR jargon, and “hiring someone because they're Black.” That's not what the underlying idea has to be. At its most practical, diversity is about making sure that the people making decisions aren't all bringing the exact same experiences, assumptions, and blind spots to the table. That matters because organizations make mistakes precisely because the people inside them don't notice what they don't personally experience.

Look at the controversy Target is dealing with right now. The company pulled a children's Halloween clown costume after customers criticized the imagery for evoking blackface and minstrel imagery. Target apologized, acknowledged that the costume was offensive, said it should never have been part of its assortment, and said it was reviewing how the product got through its approval process.

Now here's where I'm going to be careful: I'm not saying Target's DEI rollback caused this costume to get approved. We don't actually know that. There is no evidence establishing that the specific employees who approved this product would have caught the problem if Target had retained its previous DEI structure. But Target's situation does illustrate a legitimate reason companies benefit from having people with different backgrounds involved in decision-making. Target had previously maintained more explicit DEI initiatives, including its Racial Equity Action and Change program, before scaling back those efforts in 2025.

Because imagine you're sitting in a product meeting. One person looks at the costume and sees a creepy blacklight clown. Another sees a Halloween costume that will probably sell. Someone else is thinking about the photography, the packaging, and whether children will like it. But somebody with a different cultural background might look at the exact same combination of visual elements and immediately recognize a historical association that everyone else in the room completely missed. That person isn't necessarily smarter than everyone else. They're bringing information to the room that the others don't possess from personal experience.

And this isn't unique to race.

A person who doesn't have a disability might not notice that a website is difficult to navigate with a screen reader. Someone who has never had to translate medical paperwork for a family member might not realize how confusing the language is. Someone who has never encountered a particular religious or cultural practice might not realize that a supposedly harmless workplace policy creates a problem for a portion of their employees. Someone who grew up wealthy might look at a company benefit and think, “That's generous,” while someone who grew up poor immediately recognizes that the benefit doesn't actually help the people it's supposedly designed to reach.

That's why I don't understand the argument that diversity automatically means lowering standards. The entire point is supposed to be improving the quality of the information available when decisions are being made. If I'm designing a product, I don't want ten people who all think exactly like me. I want people who can identify problems I wouldn't have noticed myself. I want reviewers who can test whether a service works for people with different abilities, whether the language makes sense to people outside the company, whether a policy creates an unnecessary burden, and whether an apparently harmless design carries a meaning the original team failed to recognize. That's useful whether you're Black, white, Hispanic, Asian, disabled, religious, nonreligious, wealthy, poor, rural, urban, young, old, or anything else.

Businesses already understand this principle in practice. They conduct focus groups, test products with users, seek second opinions, build quality-assurance procedures, and ask people to challenge assumptions before a product reaches millions of customers. Those methods exist because organizations know that internal confidence is not the same thing as correctness. A team can review the same design repeatedly and still miss a problem if everyone is relying on the same cultural references, professional habits, or personal experiences. DEI can be understood through that same lens: deliberately making sure an organization isn't operating inside one giant echo chamber where everyone has similar backgrounds and therefore similar blind spots.

And yes, DEI can absolutely be implemented badly. Hiring quotas can create legitimate problems. Corporate programs can become performative. HR departments can turn legitimate concerns about discrimination into endless bureaucracy. People can abuse identity politics to shut down criticism, and organizations can treat representation as a substitute for competence, accountability, or serious review. None of that means the underlying principle of seeking out different perspectives is useless. It means the principle needs to be applied carefully, with clear standards, transparent processes, and an emphasis on improving decisions rather than merely producing the appearance of compliance.

In fact, Target's current situation is exactly why I'd rather have a mature conversation about DEI than pretend the entire concept is inherently ridiculous. The question shouldn't be, “Did Target have enough DEI?” as though there's a magic number of Black employees that prevents mistakes. The useful question is, “Did Target's decision-making process contain enough different perspectives and adequate review mechanisms to catch something like this before it reached customers?” That question leaves room for evidence. It does not assume that every mistake proves a company lacks diversity, and it does not assume that diversity alone can solve every organizational failure. It asks whether the company built a process capable of identifying risks that a narrow group of decision-makers might overlook.

We don't know the answer yet. Target is investigating that process itself.

But that's the conversation I'd rather be having.

Because diversity isn't valuable because every minority person possesses some magical sixth sense about racism. It's valuable because every human being has blind spots, and putting people with different experiences in the room gives you more opportunities to discover those blind spots before they become somebody else's problem.
","think one biggest problems modern DEI debate people reduced entire concept quotas corporate HR jargon “hiring someone Black.” That's underlying idea practical diversity making sure people making decisions bringing exact experiences assumptions blind spots table matters organizations make mistakes precisely people inside notice personally experience Look controversy Target dealing right company pulled children's Halloween clown costume customers criticized imagery evoking blackface minstrel imagery Target apologized acknowledged costume offensive said never part assortment said reviewing product got approval process here's going careful saying Target's DEI rollback caused costume get approved actually know evidence establishing specific employees approved product would caught problem Target retained previous DEI structure Target's situation illustrate legitimate reason companies benefit people different backgrounds involved decision-making Target previously maintained explicit DEI initiatives including Racial Equity Action Change program scaling back efforts 2025 imagine sitting product meeting One person looks costume sees creepy blacklight clown Another sees Halloween costume probably sell Someone else thinking photography packaging whether children like somebody different cultural background might look exact combination visual elements immediately recognize historical association everyone else room completely missed person necessarily smarter everyone else bringing information room others possess personal experience unique race person disability might notice website difficult navigate screen reader Someone never translate medical paperwork family member might realize confusing language Someone never encountered particular religious cultural practice might realize supposedly harmless workplace policy creates problem portion employees Someone grew wealthy might look company benefit think “That's generous,” someone grew poor immediately recognizes benefit actually help people supposedly designed reach That's understand argument diversity automatically means lowering standards entire point supposed improving quality information available decisions made designing product want ten people think exactly like want people identify problems noticed want reviewers test whether service works people different abilities whether language makes sense people outside company whether policy creates unnecessary burden whether apparently harmless design carries meaning original team failed recognize That's useful whether Black white Hispanic Asian disabled religious nonreligious wealthy poor rural urban young old anything else Businesses already understand principle practice conduct focus groups test products users seek second opinions build quality-assurance procedures ask people challenge assumptions product reaches millions customers methods exist organizations know internal confidence thing correctness team review design repeatedly still miss problem everyone relying cultural references professional habits personal experiences DEI understood lens deliberately making sure organization operating inside one giant echo chamber everyone similar backgrounds therefore similar blind spots yes DEI absolutely implemented badly Hiring quotas create legitimate problems Corporate programs become performative HR departments turn legitimate concerns discrimination endless bureaucracy People abuse identity politics shut criticism organizations treat representation substitute competence accountability serious review None means underlying principle seeking different perspectives useless means principle needs applied carefully clear standards transparent processes emphasis improving decisions rather merely producing appearance compliance fact Target's current situation exactly rather mature conversation DEI pretend entire concept inherently ridiculous question “Did Target enough DEI?” though there's magic number Black employees prevents mistakes useful question “Did Target's decision-making process contain enough different perspectives adequate review mechanisms catch something like reached customers?” question leaves room evidence assume every mistake proves company lacks diversity assume diversity alone solve every organizational failure asks whether company built process capable identifying risks narrow group decision-makers might overlook know answer yet Target investigating process that's conversation rather diversity valuable every minority person possesses magical sixth sense racism valuable every human blind spots putting people different experiences room gives opportunities discover blind spots become somebody else's problem"
"I spent some time reading the User Guide and some other docs, instead of going to sleep... here are my main takeaways.  

- It's like GitHub, but decentralized.  
- It's P2P, so you run a Radicle node on your laptop (but you have to opt-in to incoming connections)  
- It's very offline/local workflow friendly  
- https://radicle.garden/ is an optional centralized, always-available node that can mirror/seed/host your code. So basically `YOU <-> radicle.garden -> world`  
- This is what the web interface looks like: https://radicle.network/nodes/kristoff.radicle.garden/rad:z3WukSjzicL8WaZHFALbBwb2r8W52  
- There is a concept of ""seeding"". When a user ""seeds"" your repo, they add to your repo's replica count, meaning it'll have higher availability. It's kinda like a GitHub ""fork"", but the fork becomes a valid location to download your repo from. (Crypto makes it trustworthy.)  
- The point of seeding is to help keep the repo up, whatever the reason may be (outages, censorship, etc).  
- Repos have UUIDs across the network, so you aren't tied to a specific server or company. If radicle.garden enshitifies and you move, your users keep cloning exactly the same.  
- CLI is written in Rust... single static binary, contains everything you need  
- Your git repo carries code, issues, and pull requests, but not in literal files mixed with your code (right?)  
- You can host on Radicle, but your users don't have to use Radicle to clone, they can just do a regular `git clone`  
- Users do have to get on the Radicle network to post issues and pull requests though.  
- Private/invite-only repos supported  
- Release artifacts supported  
- CI supported via web hooks?",spent time reading User Guide docs instead going sleep main takeaways like GitHub decentralized P2P run Radicle node laptop opt-in incoming connections offline/local workflow friendly optional centralized always-available node mirror/seed/host code basically radicle.garden world web interface looks like concept seeding user seeds repo add repo's replica count meaning higher availability kinda like GitHub fork fork becomes valid location download repo Crypto makes trustworthy point seeding help keep repo whatever reason may outages censorship etc Repos UUIDs across network tied specific server company radicle.garden enshitifies move users keep cloning exactly CLI written Rust single static binary contains everything need git repo carries code issues pull requests literal files mixed code right host Radicle users use Radicle clone regular git clone Users get Radicle network post issues pull requests though Private/invite-only repos supported Release artifacts supported CI supported via web hooks
">Higashiosaka (Japan) (AFP) – Feeling dizzy and unwell after cycling to work in Japan's punishing summer heat, warehouse worker Isao Tabuchi headed for his company's newest acquisition: a refrigerator for humans. 

>The phonebooth-sized machine, where jets of chilled air ensure ice-cold comfort, only launched this year but has proved popular in a country that seems to be getting inexorably warmer.
>
>""I was really able to recover thanks to that. Once you use it, it's very, very cool,"" Tabuchi, 51, told AFP in the western industrial city of Higashiosaka.
>
>Tokyo-based industrial equipment distributor Trusco Nakayama said it has sold more than 300 units of the ""Do Hiemon Box"" since April, priced at 1.5 million yen ($9,400).
>
>Customers include construction sites, factories and warehouses, and will expand in the future to golf courses, said company sales agent China Yamamoto. Baseball stadiums may also be interested.
>
>Some within the company had been sceptical, she added.
>
>""It's large, it's expensive, and it's not the kind of product where you can just explain it in words and have customers say, 'Okay, let's buy one.' So there were a lot of uncertainties,"" she told AFP.

>Scientists say human-induced climate change is increasing the frequency and intensity of extreme heat events around the world.
>
>In 2025, Japan saw its hottest summer on record.
>
>This year, the weather office began using a new word -- ""kokushobi"" or ""cruelly hot day"" -- when temperatures hit 40C (104F), urging the public to treat extreme heat like a natural disaster.
>
>Tokyo alone recorded almost 120 heat-related deaths in the month to mid-August, while close to 63,000 people nationwide this summer needed emergency care.
>
>Since last year, Japanese businesses have faced tougher legal requirements to help employees toiling in the heat.
>
>Building sites, for example, must provide workers with suitable clothing such as jackets with built-in fans, as well as air-conditioned break rooms and canopies to ensure shade.
>
>A new initiative introduced this year allows bureaucrats in Tokyo to come to work in shorts -- a groundbreaking move in a country where formal business attire still rules.
>
>The impact of rising temperatures on businesses in the world's fourth-biggest economy is real.
>
>A survey in July by Teikoku Databank found that 50 percent of companies said intense heat had disrupted their operations.
>
>Almost 88 percent said they had upgraded efforts to help workers cope with the heat.

>The Do Hiemon Box can provide one line of defence.
>
>It operates from a regular power socket, can be wheeled around and doesn't use much power, according to its maker.
>
>To prevent overuse, it automatically shuts off after 20 minutes.
>
>Investing in heat-countering measures has become essential to maintain the existing workforce and attract new recruits, said Yutaka Kono from Konoe, the specialist wholesaler of screws and surveying equipment where Tabuchi works.
>
>Conventional air conditioners and spot coolers offer relief, but Kono's firm has many open areas to allow trucks and heavy equipment to operate.
>
>""That made me think, 'We definitely want to install one of these',"" he said.
>
>Worker Taichi Konishi, 24, says he uses it about three times a day.
>
>After moving heavy boxes of metal tools and parts by hand between cargo pallets, he strolls over, steps into the box, sits down and smiles, running his fingers through his hair like in the shower.
>
>""This feels really good,"" he told AFP.
>
>""I've only been in for about two minutes, but even that was enough for all my sweat to dry up.""","Higashiosaka Japan AFP – Feeling dizzy unwell cycling work Japan's punishing summer heat warehouse worker Isao Tabuchi headed company's newest acquisition refrigerator humans phonebooth-sized machine jets chilled air ensure ice-cold comfort launched year proved popular country seems getting inexorably warmer really able recover thanks use cool Tabuchi 51 told AFP western industrial city Higashiosaka Tokyo-based industrial equipment distributor Trusco Nakayama said sold 300 units Hiemon Box since April priced 1.5 million yen 9,400 Customers include construction sites factories warehouses expand future golf courses said company sales agent China Yamamoto Baseball stadiums may also interested within company sceptical added large expensive kind product explain words customers say Okay let's buy one lot uncertainties told AFP Scientists say human-induced climate change increasing frequency intensity extreme heat events around world 2025 Japan saw hottest summer record year weather office began using new word kokushobi cruelly hot day temperatures hit 40C 104F urging public treat extreme heat like natural disaster Tokyo alone recorded almost 120 heat-related deaths month mid-August close 63,000 people nationwide summer needed emergency care Since last year Japanese businesses faced tougher legal requirements help employees toiling heat Building sites example must provide workers suitable clothing jackets built-in fans well air-conditioned break rooms canopies ensure shade new initiative introduced year allows bureaucrats Tokyo come work shorts groundbreaking move country formal business attire still rules impact rising temperatures businesses world's fourth-biggest economy real survey July Teikoku Databank found 50 percent companies said intense heat disrupted operations Almost 88 percent said upgraded efforts help workers cope heat Hiemon Box provide one line defence operates regular power socket wheeled around use much power according maker prevent overuse automatically shuts 20 minutes Investing heat-countering measures become essential maintain existing workforce attract new recruits said Yutaka Kono Konoe specialist wholesaler screws surveying equipment Tabuchi works Conventional air conditioners spot coolers offer relief Kono's firm many open areas allow trucks heavy equipment operate made think definitely want install one said Worker Taichi Konishi 24 says uses three times day moving heavy boxes metal tools parts hand cargo pallets strolls steps box sits smiles running fingers hair like shower feels really good told AFP two minutes even enough sweat dry"
